# Blender 4.3.2
# www.blender.org
mtllib Tamagotchi .mtl
o Cube
v -0.093161 -1.553912 0.555783
v -0.093161 -0.649523 1.734406
v -0.489040 -0.649523 0.555783
v -0.093161 -1.166472 1.389196
v -0.321722 -0.994829 1.236261
v -0.373090 -0.649523 1.389196
v -0.373090 -1.166472 0.555783
v -0.093161 0.595694 1.734406
v -0.093161 2.263265 0.555783
v -0.489040 0.595694 0.555783
v -0.093161 1.475283 1.389196
v -0.321722 1.126195 1.236261
v -0.373090 1.475283 0.555783
v -0.373090 0.595694 1.389196
v -0.093161 -1.553912 -0.553711
v -0.489040 -0.649523 -0.553711
v -0.093161 -0.649523 -1.732334
v -0.373090 -1.166472 -0.553711
v -0.321722 -0.994829 -1.234190
v -0.373090 -0.649523 -1.387124
v -0.093161 -1.166472 -1.387124
v -0.093161 2.263265 -0.553711
v -0.093161 0.595694 -1.732334
v -0.489040 0.595694 -0.553711
v -0.093161 1.475283 -1.387124
v -0.321722 1.126195 -1.234190
v -0.373090 0.595694 -1.387124
v -0.373090 1.475283 -0.553711
v 0.279499 -1.553912 0.555783
v 0.675378 -0.649523 0.549083
v 0.279499 -0.649523 1.734406
v 0.559428 -1.166472 0.555783
v 0.508060 -0.994829 1.236261
v 0.559428 -0.649523 1.372417
v 0.279499 -1.166472 1.389195
v 0.279499 2.263265 0.555783
v 0.279499 0.595694 1.734406
v 0.279499 1.475283 1.389196
v 0.508060 1.126195 1.221333
v 0.559428 0.595694 1.372418
v 0.559428 1.475283 0.549083
v 0.279499 -1.553912 -0.553711
v 0.279499 -0.649523 -1.732334
v 0.675378 -0.649523 -0.546995
v 0.279499 -1.166472 -1.387124
v 0.508060 -0.994829 -1.234190
v 0.559428 -0.649523 -1.370330
v 0.559428 -1.166472 -0.553711
v 0.279499 2.263265 -0.553711
v 0.279499 0.595694 -1.732334
v 0.559428 1.475283 -0.546995
v 0.508060 1.126195 -1.219245
v 0.559428 0.595694 -1.370330
v 0.279499 1.475283 -1.387124
v -0.093161 -0.288170 1.734406
v -0.373090 -0.288170 1.389196
v -0.489040 -0.288170 0.555783
v -0.093161 -0.288170 -1.732334
v -0.373090 -0.288170 -1.387124
v -0.489040 -0.288170 -0.553711
v 0.559428 -0.288170 -1.370330
v 0.279499 -0.288170 -1.732334
v 0.279499 -0.288170 1.734406
v 0.559428 -0.288170 1.372418
v -0.093161 -1.553912 0.481530
v -0.373090 -1.166472 0.481530
v -0.489040 -0.649523 0.481530
v -0.093161 2.263265 0.481530
v -0.373090 1.475283 0.481530
v -0.489040 0.595694 0.481530
v 0.279499 -1.553912 0.481530
v 0.559428 -1.166472 0.481530
v 0.675378 -0.649523 0.475728
v 0.279499 2.263265 0.481530
v 0.559428 1.475283 0.475728
v -0.489040 -0.288170 0.481530
v -0.373090 -1.166472 -0.497164
v -0.489040 -0.649523 -0.497164
v -0.093161 2.263265 -0.497164
v 0.279499 -1.553912 -0.497164
v 0.559428 1.475283 -0.491132
v -0.489040 -0.288170 -0.497164
v -0.093161 -1.553912 -0.497164
v -0.373090 1.475283 -0.497164
v -0.489040 0.595694 -0.497164
v 0.559428 -1.166472 -0.497164
v 0.675378 -0.649523 -0.491132
v 0.279499 2.263265 -0.497164
v -0.093161 0.553463 1.734406
v -0.373090 0.553463 -1.387124
v -0.489040 0.553463 -0.553711
v 0.559428 0.553463 -1.370330
v 0.279499 0.553463 -1.732334
v 0.559428 0.553463 1.372418
v -0.373090 0.553463 1.389196
v -0.489040 0.553463 0.555783
v -0.093161 0.553463 -1.732334
v 0.279499 0.553463 1.734406
v -0.489040 0.553463 0.481530
v -0.489040 0.553463 -0.497164
v -0.373090 -0.252825 1.389196
v -0.489040 -0.252825 0.555783
v -0.093161 -0.252825 -1.732334
v 0.279499 -0.252825 1.734406
v -0.489040 -0.252825 0.481530
v -0.489040 -0.252825 -0.497164
v -0.093161 -0.252825 1.734406
v -0.373090 -0.252825 -1.387124
v -0.489040 -0.252825 -0.553711
v 0.559428 -0.252825 -1.370330
v 0.279499 -0.252825 -1.732334
v 0.559428 -0.252825 1.372418
v 0.666035 0.920189 -0.765794
v 0.666035 0.920189 -0.854290
v 0.666035 0.848022 0.882060
v 0.666035 0.920189 0.882060
v 0.666035 -0.529809 -0.854290
v 0.666035 -0.590207 -0.854290
v 0.666035 -0.590207 0.765854
v 0.666035 -0.590207 0.882060
v 0.666035 0.920189 0.765854
v 0.666035 -0.590207 -0.765794
v 0.666035 -0.529809 0.765854
v 0.666035 -0.529809 -0.765794
v 0.666035 -0.529809 0.882060
v 0.666035 0.848022 -0.854290
v 0.666035 0.848022 0.765854
v 0.666035 0.848022 -0.765794
v 0.675378 0.812239 0.728142
v 0.663572 0.848022 0.765854
v 0.674800 0.823297 0.739796
v 0.673123 0.833272 0.750309
v 0.670511 0.841188 0.758652
v 0.667220 0.846270 0.764009
v 0.675378 0.812239 -0.728082
v 0.663572 0.848022 -0.765794
v 0.674800 0.823297 -0.739736
v 0.673123 0.833272 -0.750249
v 0.670511 0.841188 -0.758592
v 0.667220 0.846270 -0.763949
v 0.663572 -0.529809 0.765854
v 0.675378 -0.494027 0.728142
v 0.667220 -0.528057 0.764009
v 0.670511 -0.522975 0.758652
v 0.673123 -0.515059 0.750309
v 0.674800 -0.505084 0.739796
v 0.675378 -0.494027 -0.728082
v 0.663572 -0.529809 -0.765794
v 0.674800 -0.505084 -0.739736
v 0.673123 -0.515059 -0.750249
v 0.670511 -0.522975 -0.758592
v 0.667220 -0.528057 -0.763949
v 0.665992 0.595694 0.549083
v 0.670897 0.946355 0.908937
v 0.669243 0.922180 0.884106
v 0.671317 0.927853 0.889932
v 0.671898 0.936341 0.898652
v 0.665992 0.920189 -0.864929
v 0.670871 0.946490 -0.881340
v 0.669241 0.922191 -0.856349
v 0.671309 0.927892 -0.862212
v 0.671882 0.936425 -0.870988
v 0.665992 -0.590207 -0.854290
v 0.674096 -0.618655 -0.883131
v 0.669486 -0.592373 -0.856485
v 0.672253 -0.598539 -0.862737
v 0.673872 -0.607768 -0.872094
v 0.665992 -0.590207 0.882060
v 0.674096 -0.618655 0.910901
v 0.669486 -0.592373 0.884255
v 0.672253 -0.598539 0.890507
v 0.673872 -0.607768 0.899864
v 0.665992 0.595694 0.481530
v 0.673241 0.947889 0.765854
v 0.669421 0.922297 0.765854
v 0.672003 0.928302 0.765854
v 0.673344 0.937289 0.765854
v 0.675378 -0.618655 0.765854
v 0.665992 -0.590207 0.765854
v 0.674664 -0.607768 0.765854
v 0.672629 -0.598539 0.765854
v 0.669584 -0.592373 0.765854
v 0.673241 0.947889 -0.765794
v 0.665992 0.595694 -0.497164
v 0.673344 0.937289 -0.765794
v 0.672003 0.928302 -0.765794
v 0.669421 0.922297 -0.765794
v 0.675378 -0.618655 -0.765794
v 0.665992 -0.590207 -0.765794
v 0.674664 -0.607768 -0.765794
v 0.672629 -0.598539 -0.765794
v 0.669584 -0.592373 -0.765794
v 0.672814 0.848022 0.910901
v 0.665992 0.553463 0.549083
v 0.673081 0.848022 0.899864
v 0.671878 0.848022 0.890507
v 0.669389 0.848022 0.884255
v 0.665992 0.848022 -0.854290
v 0.672814 0.848022 -0.883131
v 0.669389 0.848022 -0.856485
v 0.671878 0.848022 -0.862737
v 0.673081 0.848022 -0.872094
v 0.672814 -0.529809 -0.883131
v 0.665992 -0.529809 -0.854290
v 0.673081 -0.529809 -0.872094
v 0.671878 -0.529809 -0.862737
v 0.669389 -0.529809 -0.856485
v 0.672814 -0.529809 0.910901
v 0.665992 -0.252825 0.549083
v 0.673081 -0.529809 0.899864
v 0.671878 -0.529809 0.890507
v 0.669389 -0.529809 0.884255
v -0.093161 -1.366552 0.958807
v -0.348249 -1.083468 0.884851
v -0.432968 -0.649523 0.958807
v -0.093161 1.882211 0.958807
v -0.348249 1.306470 0.884851
v -0.432968 0.595694 0.958807
v 0.279499 -1.366552 0.958807
v 0.534587 -1.083468 0.884850
v 0.619307 -0.649523 0.947233
v 0.279499 1.882211 0.958807
v 0.534587 1.306470 0.874171
v -0.432968 -0.288170 0.958807
v -0.432968 0.553463 0.958807
v -0.432968 -0.252825 0.958807
v 0.616993 0.776781 1.133068
v 0.617982 0.705578 1.134083
v 0.618644 -0.458838 1.134083
v 0.617982 -0.395864 1.134083
v -0.368668 -1.151698 0.614354
v -0.479060 -0.649523 0.627517
v -0.093161 2.195441 0.627517
v 0.279499 -1.520563 0.627517
v 0.555006 1.445236 0.606946
v -0.479060 -0.288170 0.627517
v -0.479060 0.553463 0.627517
v -0.479060 -0.252825 0.627517
v 0.663055 0.822668 0.950626
v -0.093161 -1.520563 0.627517
v -0.368668 1.445236 0.614354
v -0.479060 0.595694 0.627517
v 0.555006 -1.151698 0.614354
v 0.665398 -0.649523 0.619950
v 0.279499 2.195441 0.627517
v 0.661303 0.916172 0.948830
v 0.664226 -0.590209 0.950626
v 0.663055 -0.505968 0.950626
v -0.093161 -0.758559 1.661594
v -0.362255 -0.722356 1.356938
v -0.464584 -0.758559 0.555783
v -0.464584 -0.758559 -0.553711
v -0.362255 -0.722356 -1.354867
v -0.093161 -0.758559 -1.659522
v 0.650922 -0.758559 0.550496
v 0.548593 -0.722356 1.343699
v 0.279499 -0.758559 1.661594
v 0.279499 -0.758559 -1.659522
v 0.548593 -0.722356 -1.341615
v 0.650922 -0.758559 -0.548411
v 0.650922 -0.758559 0.476952
v -0.464584 -0.758559 0.481530
v -0.464584 -0.758559 -0.497164
v 0.650922 -0.758559 -0.492404
v 0.606636 -0.751073 0.882715
v -0.415099 -0.741052 0.943208
v -0.455776 -0.755443 0.624741
v 0.638061 -0.746776 0.659940
v -0.337255 -0.890411 1.282508
v -0.408152 -1.010150 0.555783
v -0.337255 -0.890411 -1.280436
v -0.093161 -1.010150 -1.491513
v 0.523593 -0.890411 1.277434
v 0.279499 -1.010150 1.493585
v 0.523593 -0.890411 -1.275358
v 0.594490 -1.010150 -0.551680
v 0.560053 -0.970954 0.871903
v 0.591479 -0.966658 0.649128
v -0.093161 -1.010150 1.493585
v -0.408152 -1.010150 -0.553711
v 0.594490 -1.010150 0.553757
v 0.279499 -1.010150 -1.491513
v 0.594490 -1.010150 0.479775
v -0.408152 -1.010150 0.481530
v -0.408152 -1.010150 -0.497164
v 0.594490 -1.010150 -0.495340
v -0.373868 -0.952246 0.907214
v -0.402050 -0.999844 0.618334
v -0.093161 -1.406551 0.872766
v -0.353552 1.342510 0.814599
v -0.444939 0.595694 0.872766
v 0.539890 -1.101188 0.814599
v 0.631277 -0.649523 0.862233
v 0.279499 1.963561 0.872766
v 0.628501 0.812983 1.085219
v 0.630483 -0.492957 1.086436
v 0.629688 -0.424460 1.086436
v -0.353552 -1.101188 0.814599
v -0.444939 -0.649523 0.872766
v -0.093161 1.963561 0.872766
v 0.279499 -1.406551 0.872766
v 0.539890 1.342510 0.804769
v -0.444939 -0.288170 0.872766
v -0.444939 0.553463 0.872766
v -0.444939 -0.252825 0.872766
v 0.629688 0.735988 1.086436
v -0.425664 -0.744789 0.860498
v 0.620985 -0.716383 0.833267
v -0.381187 -0.964608 0.832188
v 0.560122 -1.003672 0.819141
v -0.364314 -1.137150 0.672031
v -0.469232 -0.649523 0.698156
v -0.093161 2.128652 0.698156
v 0.279499 -1.487724 0.698156
v 0.550653 1.415648 0.663925
v -0.469232 -0.288170 0.698156
v -0.469232 0.553463 0.698156
v -0.469232 -0.252825 0.698156
v 0.653444 0.797701 0.989743
v 0.637992 -0.714058 0.712702
v 0.577129 -1.001347 0.698576
v -0.093161 -1.487724 0.698156
v -0.364314 1.415648 0.672031
v -0.469232 0.595694 0.698156
v 0.550653 -1.137150 0.672030
v 0.655570 -0.649523 0.689735
v 0.279499 2.128652 0.698156
v 0.651855 0.886451 0.988115
v 0.654507 -0.562197 0.989743
v 0.653444 -0.482491 0.989743
v -0.447103 -0.752374 0.692646
v -0.396041 -0.989695 0.679931
v -0.093161 -0.948259 1.534915
v -0.422034 -0.948259 -0.553711
v 0.608372 -0.948259 0.552955
v 0.279499 -0.948259 -1.532843
v 0.608372 -0.948259 0.479081
v -0.422034 -0.948259 0.481530
v -0.422034 -0.948259 -0.497164
v 0.608372 -0.948259 -0.494618
v -0.384011 -0.900293 0.916069
v -0.415266 -0.939721 0.619910
v -0.343405 -0.849070 1.300818
v -0.422034 -0.948259 0.555783
v -0.343405 -0.849070 -1.298746
v -0.093161 -0.948259 -1.532843
v 0.529743 -0.849070 1.293735
v 0.279499 -0.948259 1.534915
v 0.529743 -0.849070 -1.291657
v 0.608372 -0.948259 -0.550876
v 0.565922 -0.921171 0.908531
v 0.606982 -0.915558 0.617461
v -0.093161 2.263265 -0.157477
v -0.392128 -0.910533 0.839152
v -0.408602 -0.931314 0.683059
v -0.489040 -0.649523 -0.157477
v -0.093161 -0.799620 1.634174
v -0.455374 -0.799620 -0.553711
v 0.641712 -0.799620 0.551028
v 0.279499 -0.799620 -1.632102
v 0.641712 -0.799620 0.477412
v -0.455374 -0.799620 0.481530
v -0.455374 -0.799620 -0.497164
v 0.641712 -0.799620 -0.492883
v -0.408370 -0.775520 0.937333
v -0.447007 -0.795330 0.623695
v -0.418405 -0.780665 0.855877
v -0.438769 -0.791106 0.690571
v -0.358175 -0.749783 1.344791
v -0.455374 -0.799620 0.555783
v -0.358175 -0.749783 -1.342719
v -0.093161 -0.799620 -1.632102
v 0.544513 -0.749783 1.332884
v 0.279499 -0.799620 1.634174
v 0.544513 -0.749783 -1.330801
v 0.641712 -0.799620 -0.548945
v 0.591133 -0.802172 0.914382
v 0.632192 -0.796559 0.623312
v -0.373090 -1.166472 -0.157477
v 0.279499 2.263265 -0.157477
v -0.093161 -1.446560 0.786705
v -0.358857 1.378558 0.744330
v -0.456913 0.595694 0.786705
v 0.545195 -1.118913 0.744330
v 0.643251 -0.649523 0.777212
v 0.279499 2.044931 0.786705
v 0.640011 0.849194 1.037358
v 0.642324 -0.527084 1.038778
v 0.641397 -0.453062 1.038778
v -0.436230 -0.748528 0.777767
v -0.388508 -0.976973 0.757144
v -0.358857 -1.118913 0.744330
v -0.456913 -0.649523 0.786705
v -0.093161 2.044931 0.786705
v 0.279499 -1.446560 0.786705
v 0.545195 1.378558 0.735350
v -0.456913 -0.288170 0.786705
v -0.456913 0.553463 0.786705
v -0.456913 -0.252825 0.786705
v 0.641397 0.766405 1.038778
v 0.631996 -0.703386 0.773566
v 0.566118 -1.014345 0.758277
v -0.400248 -0.920775 0.762217
v 0.675378 -0.649523 -0.155552
v 0.559428 -1.166472 -0.157477
v -0.428442 -0.785811 0.774401
v -0.350790 -0.799426 1.322804
v -0.438704 -0.873939 0.555783
v -0.350790 -0.799426 -1.320733
v -0.093161 -0.873939 -1.582473
v 0.537128 -0.799426 1.313310
v 0.279499 -0.873939 1.584545
v 0.537128 -0.799426 -1.311229
v 0.625042 -0.873939 -0.549911
v 0.576836 -0.861903 0.923447
v 0.621278 -0.855827 0.608396
v -0.489040 0.595694 -0.157477
v -0.373090 1.475283 -0.157477
v -0.093161 -0.873939 1.584545
v -0.438704 -0.873939 -0.553711
v 0.625042 -0.873939 0.551991
v 0.279499 -0.873939 -1.582473
v 0.625042 -0.873939 0.478247
v -0.438704 -0.873939 0.481530
v -0.438704 -0.873939 -0.497164
v 0.625042 -0.873939 -0.493751
v -0.396190 -0.837906 0.926701
v -0.431137 -0.867526 0.621803
v -0.405266 -0.845599 0.847515
v -0.423685 -0.861210 0.686815
v -0.093161 -1.553912 -0.157477
v -0.414345 -0.853293 0.768309
v 0.655822 -0.717955 0.715141
v 0.655891 -0.750673 0.662379
v 0.583752 -0.925068 0.910970
v 0.577883 -0.974851 0.874343
v 0.624811 -0.919455 0.619901
v 0.609308 -0.970555 0.651568
v 0.594959 -1.005244 0.701015
v 0.624465 -0.754969 0.885154
v 0.638815 -0.720280 0.835706
v 0.577952 -1.007569 0.821581
v 0.596296 -0.914429 0.837145
v 0.649825 -0.707282 0.776006
v 0.583948 -1.018242 0.760716
v 0.612769 -0.935211 0.681943
v 0.594666 -0.865800 0.925887
v 0.639108 -0.859724 0.610835
v 0.609434 -0.849495 0.843994
v 0.627853 -0.865107 0.684488
v 0.604415 -0.924672 0.760649
v 0.608962 -0.806069 0.916821
v 0.650021 -0.800456 0.625752
v 0.622572 -0.784562 0.850842
v 0.642937 -0.795003 0.687034
v 0.632609 -0.789708 0.770104
v 0.618512 -0.857190 0.765377
v 0.279499 -1.553912 -0.157477
v 0.559428 1.475283 -0.155552
v -0.489040 -0.288170 -0.157477
v -0.489040 0.553463 -0.157477
v -0.489040 -0.252825 -0.157477
v 0.666035 -0.590207 -0.234186
v 0.666035 0.920189 -0.234186
v 0.666035 0.848022 -0.234186
v 0.666035 -0.529809 -0.234186
v 0.663572 0.848022 -0.234186
v 0.667220 0.846270 -0.233621
v 0.670511 0.841188 -0.231983
v 0.673123 0.833272 -0.229432
v 0.674800 0.823297 -0.226216
v 0.675378 0.812239 -0.222652
v 0.675378 -0.494027 -0.222652
v 0.674800 -0.505084 -0.226216
v 0.673123 -0.515059 -0.229432
v 0.670511 -0.522975 -0.231983
v 0.667220 -0.528057 -0.233621
v 0.663572 -0.529809 -0.234186
v 0.665992 -0.590207 -0.234186
v 0.669584 -0.592373 -0.234186
v 0.672629 -0.598539 -0.234186
v 0.674664 -0.607768 -0.234186
v 0.675378 -0.618655 -0.234186
v 0.665992 0.595694 -0.157477
v 0.669421 0.922297 -0.234186
v 0.672003 0.928302 -0.234186
v 0.673344 0.937289 -0.234186
v 0.673241 0.947889 -0.234186
v 0.650922 -0.758559 -0.155958
v -0.464584 -0.758559 -0.157477
v -0.408152 -1.010150 -0.157477
v 0.594490 -1.010150 -0.156895
v -0.422034 -0.948259 -0.157477
v 0.602062 -0.958491 -0.102798
v -0.455374 -0.799620 -0.157477
v 0.641712 -0.799620 -0.156111
v 0.630965 -0.865361 -0.102752
v -0.438704 -0.873939 -0.157477
v -0.093161 -1.553912 0.116979
v -0.373090 1.475283 0.116979
v -0.489040 0.595694 0.116979
v 0.559428 -1.166472 0.116979
v 0.675378 -0.649523 0.115585
v 0.279499 2.263265 0.116979
v 0.666035 -0.590207 0.195334
v 0.666035 0.848022 0.195334
v 0.666035 -0.529809 0.195334
v 0.663572 0.848022 0.195334
v 0.675378 -0.494027 0.185717
v 0.665992 -0.590207 0.195334
v 0.669421 0.922297 0.195334
v 0.672003 0.928302 0.195334
v 0.673344 0.937289 0.195334
v 0.673241 0.947889 0.195334
v 0.650922 -0.758559 0.115879
v 0.594490 -1.010150 0.116557
v -0.489040 -0.649523 0.116979
v -0.373090 -1.166472 0.116979
v 0.602038 -0.958570 0.062515
v 0.641712 -0.799620 0.115989
v 0.630941 -0.865440 0.062561
v -0.093161 2.263265 0.116979
v 0.279499 -1.553912 0.116979
v 0.559428 1.475283 0.115585
v -0.489040 -0.288170 0.116979
v -0.489040 0.553463 0.116979
v -0.489040 -0.252825 0.116979
v 0.666035 0.920189 0.195334
v 0.667220 0.846270 0.194864
v 0.670511 0.841188 0.193498
v 0.673123 0.833272 0.191370
v 0.674800 0.823297 0.188689
v 0.675378 0.812239 0.185717
v 0.674800 -0.505084 0.188689
v 0.673123 -0.515059 0.191370
v 0.670511 -0.522975 0.193498
v 0.667220 -0.528057 0.194864
v 0.663572 -0.529809 0.195334
v 0.669584 -0.592373 0.195334
v 0.672629 -0.598539 0.195334
v 0.674664 -0.607768 0.195334
v 0.675378 -0.618655 0.195334
v 0.665992 0.595694 0.116979
v -0.464584 -0.758559 0.116979
v -0.408152 -1.010150 0.116979
v -0.422034 -0.948259 0.116979
v -0.455374 -0.799620 0.116979
v -0.438704 -0.873939 0.116979
v -0.093161 -0.846663 1.602759
v -0.444822 -0.846663 -0.553711
v 0.631160 -0.846663 0.551638
v 0.279499 -0.846663 -1.600687
v 0.631160 -0.846663 0.477940
v -0.444822 -0.846663 0.481530
v -0.444822 -0.846663 -0.497164
v 0.631160 -0.846663 -0.493432
v -0.400660 -0.815010 0.930603
v -0.436962 -0.841029 0.622497
v -0.410088 -0.821767 0.850584
v -0.429221 -0.835481 0.688193
v -0.419519 -0.828527 0.770545
v -0.353500 -0.781207 1.330874
v -0.444822 -0.846663 0.555783
v -0.353500 -0.781207 -1.328802
v -0.093161 -0.846663 -1.600687
v 0.539838 -0.781207 1.320494
v 0.279499 -0.846663 1.602759
v 0.539838 -0.781207 -1.318412
v 0.631160 -0.846663 -0.549556
v 0.582083 -0.839981 0.920120
v 0.625284 -0.834075 0.613870
v 0.599913 -0.843878 0.922560
v 0.643113 -0.837972 0.616310
v 0.614256 -0.825664 0.846507
v 0.633389 -0.839378 0.685422
v 0.623686 -0.832423 0.767112
v 0.641540 -0.831290 -0.067800
v -0.444822 -0.846663 -0.157477
v 0.641525 -0.831336 0.027644
v -0.444822 -0.846663 0.116979
v -0.347097 -0.824248 1.311811
v -0.430369 -0.911099 0.555783
v -0.347098 -0.824248 -1.309739
v -0.093161 -0.911099 -1.557658
v 0.533436 -0.824248 1.303523
v 0.279499 -0.911099 1.559730
v 0.533436 -0.824248 -1.301443
v 0.616707 -0.911099 -0.550393
v 0.571379 -0.891537 0.915989
v 0.614130 -0.885693 0.612929
v -0.093161 -0.911099 1.559730
v -0.430369 -0.911099 -0.553711
v 0.616707 -0.911099 0.552473
v 0.279499 -0.911099 -1.557658
v 0.616707 -0.911099 0.478664
v -0.430369 -0.911099 0.481530
v -0.430369 -0.911099 -0.497164
v 0.616707 -0.911099 -0.494184
v -0.390100 -0.869099 0.921385
v -0.423202 -0.903623 0.620857
v -0.398697 -0.878066 0.843334
v -0.416144 -0.896262 0.684937
v -0.407296 -0.887034 0.765263
v 0.589209 -0.895434 0.918428
v 0.631959 -0.889590 0.615368
v 0.602865 -0.881962 0.840570
v 0.620311 -0.900159 0.683216
v 0.611464 -0.890931 0.763013
v -0.430369 -0.911099 -0.157477
v 0.616516 -0.911920 -0.115562
v 0.616487 -0.912011 0.075325
v -0.430369 -0.911099 0.116979
v -0.340330 -0.869740 1.291663
v -0.415093 -0.979204 0.555783
v -0.340330 -0.869740 -1.289591
v -0.093161 -0.979204 -1.512178
v 0.526668 -0.869740 1.285585
v 0.279499 -0.979204 1.514250
v 0.526668 -0.869740 -1.283507
v 0.601431 -0.979204 -0.551278
v 0.562988 -0.946063 0.890217
v 0.599230 -0.941108 0.633295
v -0.093161 -0.979204 1.514250
v -0.415093 -0.979204 -0.553711
v 0.601431 -0.979204 0.553356
v 0.279499 -0.979204 -1.512178
v 0.601431 -0.979204 0.479428
v -0.415093 -0.979204 0.481530
v -0.415093 -0.979204 -0.497164
v 0.601431 -0.979204 -0.494979
v -0.378939 -0.926269 0.911642
v -0.408658 -0.969782 0.619123
v -0.386658 -0.937570 0.835670
v -0.402321 -0.960504 0.681495
v -0.394378 -0.948874 0.759680
v 0.580817 -0.949960 0.892656
v 0.617060 -0.945005 0.635734
v 0.587124 -0.960999 0.829363
v 0.603864 -0.970227 0.691479
v 0.594182 -0.971457 0.760683
v 0.591478 -0.992595 -0.067880
v -0.415093 -0.979204 -0.157477
v 0.591464 -0.992641 0.027563
v -0.415093 -0.979204 0.116979
v -0.489040 -0.649523 -0.020249
v -0.373090 -1.166472 -0.020249
v -0.093161 2.263265 -0.020249
v 0.279499 -1.553912 -0.020249
v 0.559428 1.475283 -0.019984
v -0.489040 -0.288170 -0.020249
v -0.489040 0.553463 -0.020249
v -0.489040 -0.252825 -0.020249
v 0.666035 0.920189 -0.019426
v 0.667220 0.846270 -0.019379
v 0.670511 0.841188 -0.019243
v 0.673123 0.833272 -0.019031
v 0.674800 0.823297 -0.018764
v 0.675378 0.812239 -0.018468
v 0.674800 -0.505084 -0.018764
v 0.673123 -0.515059 -0.019031
v 0.670511 -0.522975 -0.019243
v 0.667220 -0.528057 -0.019379
v 0.663572 -0.529809 -0.019426
v 0.669584 -0.592373 -0.019426
v 0.672629 -0.598539 -0.019426
v 0.674664 -0.607768 -0.019426
v 0.675378 -0.618655 -0.019426
v 0.665992 0.595694 -0.020249
v -0.464584 -0.758559 -0.020249
v -0.408152 -1.010150 -0.020249
v -0.422034 -0.948259 -0.020249
v -0.455374 -0.799620 -0.020249
v -0.438704 -0.873939 -0.020249
v -0.093161 -1.553912 -0.020249
v -0.373090 1.475283 -0.020249
v -0.489040 0.595694 -0.020249
v 0.559428 -1.166472 -0.020249
v 0.675378 -0.649523 -0.019984
v 0.279499 2.263265 -0.020249
v 0.666035 -0.590207 -0.019426
v 0.666035 0.848022 -0.019426
v 0.666035 -0.529809 -0.019426
v 0.663572 0.848022 -0.019426
v 0.675378 -0.494027 -0.018468
v 0.665992 -0.590207 -0.019426
v 0.669421 0.922297 -0.019426
v 0.672003 0.928302 -0.019426
v 0.673344 0.937289 -0.019426
v 0.673241 0.947889 -0.019426
v 0.650922 -0.758559 -0.020040
v 0.594490 -1.010150 -0.020169
v 0.641712 -0.799620 -0.020061
v -0.444822 -0.846663 -0.020249
v 0.645405 -0.818836 -0.020072
v -0.430369 -0.911099 -0.020249
v -0.415093 -0.979204 -0.020249
v 0.587598 -1.005095 -0.020165
v 0.647347 -0.921488 -0.115562
v 0.661796 -0.874930 -0.102752
v 0.622309 -1.002164 -0.067880
v 0.632893 -0.968059 -0.102798
v 0.639203 -0.947727 -0.020132
v 0.632869 -0.968138 0.062515
v 0.655873 -0.894015 -0.020104
v 0.661772 -0.875009 0.062561
v 0.622294 -1.002209 0.027563
v 0.647318 -0.921579 0.075325
v 0.672370 -0.840859 -0.067800
v 0.672356 -0.840904 0.027644
v 0.676236 -0.828404 -0.020072
v 0.647538 -0.920871 -0.020118
v 0.618429 -1.014663 -0.020165
v -0.093161 -1.341295 -1.011064
v -0.344900 -1.072279 -0.927138
v -0.425410 -0.649523 -1.011064
v -0.093161 1.830843 -1.011064
v -0.344900 1.283713 -0.927138
v -0.425410 0.595694 -1.011064
v 0.279499 -1.341295 -1.011064
v 0.531239 -1.072279 -0.927138
v 0.611748 -0.649523 -0.998818
v 0.279499 1.830843 -1.011064
v 0.531239 1.283713 -0.915907
v -0.425410 -0.288170 -1.011064
v -0.425410 0.553463 -1.011064
v -0.425410 -0.252825 -1.011064
v 0.609714 0.753983 -1.149684
v 0.610591 0.686376 -1.150492
v 0.611169 -0.437294 -1.150492
v 0.610591 -0.377808 -1.150492
v 0.602611 -0.738614 -0.919966
v -0.408429 -0.738692 -0.993362
v 0.555463 -0.970674 -0.921846
v -0.369246 -0.944441 -0.952517
v -0.378885 -0.893826 -0.962565
v 0.560089 -0.911683 -0.979114
v 0.593728 -0.761356 -0.953596
v -0.402034 -0.772271 -0.986696
v 0.574705 -0.831731 -0.991241
v -0.390459 -0.833049 -0.974631
v -0.394707 -0.810743 -0.979059
v 0.584112 -0.793442 -0.978156
v 0.566427 -0.872474 -0.991571
v -0.384672 -0.863438 -0.968598
v -0.374065 -0.919134 -0.957541
v 0.556311 -0.945521 -0.955088
v -0.093161 -1.447604 -0.782387
v -0.358995 1.379498 -0.740425
v -0.457225 0.595694 -0.782387
v 0.545333 -1.119375 -0.740425
v 0.643563 -0.649523 -0.772906
v 0.279499 2.047054 -0.782387
v -0.457225 -0.288170 -0.782387
v -0.457225 0.553463 -0.782387
v -0.457225 -0.252825 -0.782387
v 0.642633 -0.527974 -1.016812
v 0.641702 -0.453808 -1.016812
v -0.436506 -0.748625 -0.773537
v -0.388699 -0.977295 -0.753114
v -0.400460 -0.921043 -0.758138
v -0.428704 -0.785945 -0.770204
v -0.414582 -0.853494 -0.764171
v -0.419765 -0.828703 -0.766385
v -0.407521 -0.887268 -0.761154
v -0.394579 -0.949169 -0.755626
v -0.358995 -1.119375 -0.740425
v -0.457225 -0.649523 -0.782387
v -0.093161 2.047054 -0.782387
v 0.279499 -1.447604 -0.782387
v 0.545333 1.379498 -0.731451
v 0.640293 0.850236 -1.015512
v 0.641702 0.767199 -1.016812
v 0.617023 -0.742938 -0.800024
v 0.569875 -0.974998 -0.801904
v 0.588374 -0.920170 -0.743715
v 0.616175 -0.768091 -0.766782
v 0.606059 -0.841138 -0.730299
v 0.612397 -0.801929 -0.742757
v 0.597781 -0.881881 -0.730629
v 0.578758 -0.952256 -0.768274
v -0.354674 -1.104936 -0.797670
v -0.447470 -0.649523 -0.852499
v -0.093161 1.980764 -0.852499
v 0.279499 -1.415010 -0.852499
v 0.541012 1.350131 -0.788005
v 0.630918 0.820725 -1.056649
v 0.632164 0.742419 -1.057798
v 0.614858 -0.728930 -0.839229
v 0.562594 -0.986172 -0.841313
v -0.093161 -1.415010 -0.852499
v -0.354674 1.350131 -0.797671
v -0.447470 0.595694 -0.852499
v 0.541012 -1.104936 -0.797671
v 0.633808 -0.649523 -0.842170
v 0.279499 1.980764 -0.852499
v -0.447470 -0.288170 -0.852499
v -0.447470 0.553463 -0.852499
v -0.447470 -0.252825 -0.852499
v 0.632986 -0.500172 -1.057798
v 0.632164 -0.430507 -1.057798
v -0.427898 -0.745580 -0.840935
v -0.382735 -0.967222 -0.814250
v -0.393845 -0.912698 -0.820815
v -0.420527 -0.781753 -0.836580
v -0.407186 -0.847226 -0.828697
v -0.412082 -0.823196 -0.831590
v -0.400515 -0.879962 -0.824756
v -0.388290 -0.939960 -0.817533
v -0.349787 -1.088608 -0.862404
v -0.436440 -0.649523 -0.931782
v -0.093161 1.905803 -0.931782
v 0.279499 -1.378153 -0.931782
v 0.536125 1.316922 -0.851956
v 0.620316 0.787354 -1.103166
v 0.621377 0.714397 -1.104145
v 0.609892 -0.727441 -0.880558
v 0.557628 -0.984682 -0.882642
v -0.093161 -1.378153 -0.931782
v -0.349787 1.316922 -0.862404
v -0.436440 0.595694 -0.931782
v 0.536125 -1.088608 -0.862404
v 0.622778 -0.649523 -0.920494
v 0.279499 1.905803 -0.931782
v -0.436440 -0.288170 -0.931782
v -0.436440 0.553463 -0.931782
v -0.436440 -0.252825 -0.931782
v 0.622078 -0.468733 -1.104145
v 0.621377 -0.404157 -1.104145
v -0.418163 -0.742136 -0.917149
v -0.375990 -0.955831 -0.883384
v -0.386365 -0.903262 -0.891690
v -0.411280 -0.777012 -0.911638
v -0.398823 -0.840137 -0.901664
v -0.403395 -0.816970 -0.905324
v -0.392594 -0.871700 -0.896677
v -0.381178 -0.929547 -0.887537
v 0.642527 -0.734037 -0.884716
v 0.635246 -0.745210 -0.924125
v 0.590263 -0.991278 -0.886800
v 0.588098 -0.977271 -0.926005
v 0.605338 -0.913015 -0.893006
v 0.592724 -0.918279 -0.983272
v 0.630253 -0.777927 -0.910878
v 0.626363 -0.767953 -0.957755
v 0.617795 -0.845471 -0.901942
v 0.607340 -0.838327 -0.995400
v 0.622367 -0.820682 -0.905222
v 0.616747 -0.800039 -0.982314
v 0.611566 -0.879243 -0.897474
v 0.599062 -0.879070 -0.995730
v 0.600150 -0.941140 -0.889286
v 0.588946 -0.952117 -0.959247
v 0.602509 -0.981595 -0.806063
v 0.611392 -0.958852 -0.772433
v 0.621008 -0.926766 -0.747873
v 0.630415 -0.888477 -0.734788
v 0.648809 -0.774688 -0.770941
v 0.649657 -0.749534 -0.804183
v 0.638693 -0.847734 -0.734458
v 0.645031 -0.808525 -0.746915
v 0.647493 -0.735527 -0.843387
v 0.595228 -0.992768 -0.845471
v 0.612818 -0.923112 -0.817603
v 0.639500 -0.783000 -0.831294
v 0.626158 -0.853056 -0.824448
v 0.631055 -0.827344 -0.826960
v 0.619488 -0.888084 -0.821026
v 0.607262 -0.952282 -0.814752
vn -0.0000 -0.0000 1.0000
vn -1.0000 -0.0000 0.0001
vn -0.0000 1.0000 -0.0000
vn -1.0000 -0.0000 -0.0000
vn -0.0000 -0.0000 -1.0000
vn -0.7234 -0.6393 0.2607
vn -0.7005 -0.3878 0.5991
vn -0.9702 -0.2064 0.1270
vn -0.7586 0.2414 0.6052
vn -0.8708 0.3784 0.3138
vn -0.9813 0.1330 0.1391
vn -0.7194 -0.6433 -0.2620
vn -0.9703 -0.2057 -0.1269
vn -0.7005 -0.3878 -0.5991
vn -0.8684 0.3818 -0.3163
vn -0.7586 0.2414 -0.6052
vn -0.9813 0.1333 -0.1392
vn 0.7234 -0.6393 0.2607
vn 0.9717 -0.2000 0.1256
vn 0.7032 -0.3780 0.6021
vn 0.8744 0.3724 0.3110
vn 0.7740 0.2351 0.5879
vn 0.7194 -0.6433 -0.2620
vn 0.7032 -0.3780 -0.6021
vn 0.9690 -0.2098 -0.1308
vn 0.8723 0.3755 -0.3133
vn -1.0000 0.0006 0.0004
vn 0.7740 0.2351 -0.5879
vn -0.8106 -0.5856 -0.0000
vn -0.9758 -0.2189 -0.0000
vn -0.7767 -0.0000 0.6298
vn -0.9905 -0.0000 0.1378
vn -0.9423 0.3348 -0.0000
vn -0.9914 0.1307 -0.0000
vn -0.7767 -0.0000 -0.6298
vn -0.9905 -0.0000 -0.1378
vn -0.0000 -0.9068 -0.4216
vn -0.0000 -0.5553 -0.8316
vn -0.0000 0.7266 -0.6870
vn -0.0000 0.3653 -0.9309
vn 0.7911 -0.0000 -0.6117
vn 0.8106 -0.5856 -0.0000
vn 0.9758 -0.2189 -0.0000
vn 0.9423 0.3348 -0.0000
vn -1.0000 0.0001 -0.0000
vn 0.7911 -0.0000 0.6117
vn -0.0000 -1.0000 -0.0000
vn -0.0000 -0.9068 0.4216
vn -0.0000 -0.5553 0.8316
vn -0.0000 0.7266 0.6870
vn -0.0000 0.3653 0.9309
vn -1.0000 0.0007 0.0008
vn 0.9991 -0.0412 0.0059
vn -0.5821 -0.8066 0.1030
vn 0.9728 0.0138 0.2313
vn 0.9431 0.2093 -0.2584
vn 0.9745 0.0059 -0.2244
vn 1.0000 -0.0006 -0.0080
vn 0.9361 0.2232 0.2717
vn 0.9816 -0.0479 -0.1848
vn 0.9761 0.2170 -0.0153
vn 1.0000 -0.0000 -0.0000
vn 0.9731 0.0095 -0.2304
vn 0.9740 -0.0000 -0.2267
vn 0.9764 0.2157 0.0121
vn 0.9775 0.2109 -0.0000
vn 0.9986 -0.0524 -0.0074
vn 0.9711 -0.0000 0.2386
vn 0.4328 0.9015 -0.0000
vn 0.8394 0.5435 -0.0000
vn 0.9496 0.3133 -0.0000
vn 0.9862 0.1658 -0.0000
vn 0.9986 0.0522 -0.0000
vn 0.4514 -0.0000 0.8923
vn 0.8520 -0.0000 0.5235
vn 0.9543 -0.0000 0.2988
vn 0.9875 -0.0000 0.1575
vn 0.9988 -0.0000 0.0495
vn 0.9988 -0.0000 -0.0495
vn 0.9875 -0.0000 -0.1575
vn 0.9543 -0.0000 -0.2988
vn 0.8520 -0.0000 -0.5235
vn 0.4514 -0.0000 -0.8923
vn 0.9986 -0.0522 -0.0000
vn 0.9862 -0.1658 -0.0000
vn 0.9496 -0.3133 -0.0000
vn 0.8394 -0.5436 -0.0000
vn 0.4328 -0.9015 -0.0000
vn 0.9983 -0.0468 -0.0335
vn 0.9288 -0.3706 -0.0033
vn 0.9935 -0.1135 -0.0099
vn 0.9988 0.0449 -0.0178
vn 0.9999 0.0012 -0.0111
vn 0.9351 0.0026 -0.3545
vn 0.9947 0.0092 -0.1025
vn 0.9985 0.0175 0.0511
vn 0.5375 0.0004 0.8433
vn 0.9224 0.0033 0.3861
vn 0.9894 0.0079 0.1453
vn 0.9999 0.0124 -0.0081
vn 0.5215 0.8533 0.0002
vn 0.9042 0.4270 0.0018
vn 0.9805 0.1963 0.0044
vn 0.9989 0.0468 0.0074
vn 0.9999 -0.0111 0.0010
vn 0.9285 -0.3714 0.0024
vn 0.9936 -0.1131 0.0076
vn 0.9988 0.0464 0.0141
vn 0.5163 0.8564 -0.0000
vn 0.8966 0.4428 -0.0000
vn 0.9766 0.2153 -0.0000
vn 0.9979 0.0655 -0.0000
vn 0.9999 -0.0105 -0.0000
vn 0.9187 -0.3950 -0.0000
vn 0.9890 -0.1476 -0.0000
vn 1.0000 0.0097 -0.0000
vn 0.5214 0.8533 -0.0003
vn 0.9041 0.4272 -0.0023
vn 0.9804 0.1969 -0.0056
vn 0.9988 0.0477 -0.0093
vn 0.9999 -0.0000 -0.0101
vn 0.9291 -0.0000 -0.3699
vn 0.9918 -0.0000 -0.1275
vn 0.9997 -0.0000 0.0242
vn -0.6998 0.0504 0.7126
vn 0.9355 0.0028 0.3532
vn 0.9948 0.0095 0.1019
vn 0.9985 0.0176 -0.0513
vn 0.5428 -0.0000 0.8399
vn 0.9291 -0.0000 0.3699
vn 0.9918 -0.0000 0.1275
vn 0.9997 -0.0000 -0.0242
vn 0.9965 -0.0537 -0.0648
vn 0.9224 0.0033 -0.3861
vn 0.9894 0.0079 -0.1453
vn 0.9999 0.0124 0.0081
vn 0.9676 0.0234 0.2515
vn 0.9699 0.0106 0.2432
vn 0.8973 0.3066 0.3175
vn 0.9718 0.0065 0.2358
vn 0.9793 -0.0639 0.1922
vn 0.8913 0.3466 0.2922
vn 0.9703 -0.2060 0.1269
vn 0.7555 -0.6058 0.2494
vn -0.9816 0.1312 0.1387
vn -0.8893 0.3506 0.2935
vn -0.9689 -0.2118 0.1280
vn -0.7555 -0.6058 0.2494
vn -0.7848 -0.5722 0.2380
vn -0.9677 -0.2166 0.1289
vn -0.9052 0.3245 0.2745
vn -0.9819 0.1296 0.1384
vn 0.7848 -0.5722 0.2380
vn 0.9681 -0.2152 0.1282
vn 0.9060 0.3223 0.2743
vn 0.8254 0.4200 0.3771
vn 0.9677 0.0225 0.2509
vn 0.9727 0.0133 0.2316
vn -0.1355 -0.9651 0.2239
vn 0.9669 -0.2154 0.1366
vn -0.9671 -0.2165 0.1339
vn -0.9679 -0.2125 0.1340
vn 0.9687 -0.2076 0.1361
vn 0.9688 -0.2086 -0.1342
vn 0.7341 -0.3638 -0.5734
vn 0.7341 -0.3638 0.5734
vn 0.9697 -0.2032 0.1356
vn -0.7168 -0.3803 -0.5844
vn -0.9690 -0.2077 -0.1340
vn -0.9689 -0.2082 0.1340
vn -0.7168 -0.3803 0.5844
vn 0.9681 -0.2148 0.1287
vn -0.9675 -0.2166 0.1303
vn -0.9686 -0.2120 0.1297
vn 0.0945 0.8019 0.5900
vn 0.9697 -0.2042 -0.1342
vn 0.7123 -0.3740 -0.5939
vn 0.7123 -0.3740 0.5939
vn 0.9709 -0.2023 0.1279
vn -0.7052 -0.3857 -0.5950
vn -0.9700 -0.2063 -0.1289
vn -0.9698 -0.2069 0.1290
vn -0.7052 -0.3857 0.5950
vn 0.1758 0.9547 0.2403
vn -0.9683 -0.2133 0.1299
vn 0.9685 -0.2093 0.1350
vn -0.9677 -0.2137 0.1340
vn 0.9303 -0.2786 0.2386
vn 0.9724 0.0108 0.2332
vn 0.9686 0.0180 0.2480
vn -0.7643 -0.5961 0.2461
vn -0.9685 -0.2132 0.1283
vn -0.8942 0.3429 0.2879
vn -0.9817 0.1307 0.1386
vn 0.7643 -0.5961 0.2461
vn 0.9693 -0.2092 0.1288
vn 0.8958 0.3395 0.2869
vn 0.8810 0.3359 0.3333
vn 0.8437 0.3946 0.3641
vn 0.9032 0.3271 0.2778
vn 0.9682 -0.2146 0.1287
vn 0.7792 -0.5789 0.2402
vn -0.9818 0.1299 0.1385
vn -0.9022 0.3296 0.2782
vn -0.9679 -0.2157 0.1288
vn -0.7792 -0.5789 0.2402
vn -0.9672 -0.2157 0.1339
vn 0.9670 -0.2157 0.1357
vn -0.9677 -0.2157 0.1302
vn 0.0966 -0.1719 -0.9804
vn 0.5262 -0.7960 0.2992
vn 0.9726 0.0126 0.2320
vn 0.9680 0.0212 0.2501
vn -0.1773 -0.2094 0.9616
vn -0.9676 -0.2157 0.1311
vn -0.9682 -0.2134 0.1309
vn 0.2497 0.8231 -0.5101
vn -0.7081 -0.3844 0.5923
vn -0.9696 -0.2073 0.1303
vn -0.9697 -0.2067 -0.1302
vn -0.7081 -0.3844 -0.5923
vn 0.9703 -0.2042 0.1299
vn 0.7179 -0.3715 0.5888
vn 0.7179 -0.3714 -0.5888
vn 0.9708 -0.1987 -0.1342
vn -0.1758 -0.9547 -0.2403
vn -0.9685 -0.2121 0.1307
vn -0.9674 -0.2166 0.1312
vn 0.9681 -0.2139 0.1302
vn 0.9671 -0.2542 0.0119
vn 0.9671 -0.2148 0.1366
vn -0.9672 -0.2165 0.1331
vn -0.9681 -0.2123 0.1330
vn 0.2311 0.5588 -0.7965
vn 0.9726 -0.1911 -0.1323
vn 0.7292 -0.3662 -0.5781
vn 0.7292 -0.3662 0.5781
vn 0.9693 -0.2060 0.1343
vn -0.7142 -0.3816 -0.5868
vn -0.9692 -0.2074 -0.1328
vn -0.9691 -0.2079 0.1328
vn -0.7142 -0.3816 0.5868
vn 0.2303 0.9621 -0.1460
vn -0.9678 -0.2136 0.1330
vn -0.9674 -0.2157 0.1330
vn 0.1773 0.2094 -0.9616
vn 0.9892 -0.1465 -0.0105
vn -0.9676 -0.2147 0.1330
vn -0.0011 0.5270 0.8499
vn -0.0966 0.1719 0.9804
vn -0.9679 -0.2147 0.1310
vn 0.9683 0.0197 0.2491
vn 0.9725 0.0117 0.2326
vn 0.8417 -0.4670 0.2712
vn 0.8624 0.3664 0.3494
vn 0.8999 0.3327 0.2820
vn 0.9685 -0.2128 0.1293
vn 0.7724 -0.5869 0.2429
vn -0.9818 0.1302 0.1385
vn -0.8986 0.3357 0.2826
vn -0.9682 -0.2146 0.1285
vn -0.7724 -0.5869 0.2429
vn -0.9674 -0.2148 0.1339
vn 0.9676 -0.2136 0.1348
vn -0.9680 -0.2146 0.1300
vn -0.2497 -0.8231 0.5101
vn -0.9677 -0.2147 0.1320
vn 0.0011 -0.5270 -0.8499
vn 0.9651 -0.2619 -0.0045
vn 0.9677 -0.2138 0.1340
vn -0.9673 -0.2165 0.1321
vn -0.9683 -0.2122 0.1318
vn -0.0945 -0.8019 -0.5900
vn 0.9718 -0.1944 -0.1336
vn 0.7234 -0.3689 -0.5836
vn 0.7234 -0.3689 0.5836
vn 0.9698 -0.2049 0.1320
vn -0.7110 -0.3830 -0.5897
vn -0.9695 -0.2070 -0.1315
vn -0.9693 -0.2076 0.1315
vn -0.7110 -0.3830 0.5897
vn -0.2303 -0.9621 0.1460
vn -0.9680 -0.2135 0.1319
vn -0.9675 -0.2157 0.1320
vn -0.2311 -0.5588 0.7965
vn 0.9680 -0.2127 0.1334
vn 0.9682 -0.2122 0.1322
vn 0.9684 -0.2103 0.1338
vn 0.9680 -0.2123 0.1335
vn 0.9687 -0.2107 0.1314
vn 0.9683 -0.2109 0.1337
vn 0.9682 -0.2134 0.1306
vn 0.9681 -0.2124 0.1332
vn 0.9688 -0.2102 0.1311
vn 0.9683 -0.2112 0.1332
vn 0.9683 -0.2123 0.1316
vn 0.9685 -0.2111 0.1322
vn 0.9681 -0.2124 0.1328
vn 0.9685 -0.2108 0.1324
vn 0.9685 -0.2108 0.1327
vn 0.9682 -0.2124 0.1322
vn -0.2074 -0.6684 0.7143
vn 0.9993 0.0292 -0.0230
vn -0.2859 -0.9213 0.2636
vn 0.9670 -0.2545 -0.0112
vn 0.9893 -0.1459 0.0099
vn 0.9651 -0.2620 0.0043
vn 0.9664 -0.2566 0.0111
vn 0.2072 0.6677 0.7150
vn 0.9683 -0.2123 0.1314
vn 0.9684 -0.2108 0.1334
vn 0.9686 -0.2108 0.1317
vn 0.9680 -0.2124 0.1335
vn -0.9674 -0.2157 0.1325
vn -0.9679 -0.2135 0.1324
vn -0.7125 -0.3824 0.5884
vn -0.9692 -0.2077 0.1321
vn -0.9693 -0.2072 -0.1321
vn -0.7125 -0.3824 -0.5884
vn 0.9697 -0.2050 0.1331
vn 0.7261 -0.3676 0.5810
vn 0.7261 -0.3676 -0.5810
vn 0.9721 -0.1932 -0.1331
vn -0.9682 -0.2123 0.1323
vn -0.9672 -0.2165 0.1325
vn 0.9674 -0.2139 0.1356
vn -0.9677 -0.2147 0.1325
vn 0.9665 -0.2562 -0.0118
vn 0.9650 -0.2620 -0.0041
vn -0.0753 -0.2427 0.9672
vn 0.9682 -0.2123 0.1322
vn 0.9684 -0.2108 0.1330
vn 0.9686 -0.2108 0.1321
vn 0.9651 -0.2620 0.0044
vn -0.9678 -0.2147 0.1315
vn 0.9679 -0.2137 0.1321
vn -0.9674 -0.2165 0.1317
vn -0.9684 -0.2122 0.1313
vn 0.9713 -0.1966 -0.1340
vn 0.7209 -0.3701 -0.5860
vn 0.7209 -0.3701 0.5860
vn 0.9701 -0.2045 0.1310
vn -0.7097 -0.3836 -0.5909
vn -0.9696 -0.2068 -0.1309
vn -0.9694 -0.2074 0.1309
vn -0.7097 -0.3836 0.5909
vn -0.9681 -0.2135 0.1314
vn -0.9676 -0.2157 0.1316
vn 0.9950 -0.0998 -0.0105
vn 0.9621 0.2698 0.0385
vn 0.9686 -0.2112 0.1314
vn 0.9684 -0.2100 0.1344
vn 0.9683 -0.2122 0.1315
vn 0.9679 -0.2128 0.1337
vn -0.9679 -0.2146 0.1305
vn 0.9948 -0.1012 0.0112
vn -0.9677 -0.2157 0.1306
vn -0.9682 -0.2134 0.1304
vn -0.7066 -0.3851 0.5937
vn -0.9697 -0.2071 0.1296
vn -0.9698 -0.2065 -0.1295
vn -0.7066 -0.3851 -0.5937
vn 0.9707 -0.2028 0.1287
vn 0.7150 -0.3728 0.5914
vn 0.7150 -0.3728 -0.5914
vn 0.9703 -0.2012 -0.1343
vn -0.9686 -0.2120 0.1302
vn -0.9675 -0.2166 0.1307
vn 0.9681 -0.2146 0.1293
vn 0.9618 0.2711 -0.0385
vn -0.2858 -0.9210 -0.2645
vn 0.0751 0.2418 0.9674
vn 0.2859 0.9213 -0.2636
vn 0.9993 0.0288 0.0231
vn -0.0751 -0.2418 -0.9674
vn 0.9551 -0.2964 -0.0000
vn -0.2072 -0.6677 -0.7150
vn 0.0753 0.2427 -0.9672
vn 0.2074 0.6684 -0.7143
vn 0.2859 0.9210 0.2645
vn -0.9688 -0.2110 -0.1301
vn -0.9686 -0.2112 -0.1312
vn -0.2140 -0.5495 -0.8076
vn -0.0523 0.3344 -0.9410
vn -0.9684 -0.2114 -0.1323
vn -0.9685 -0.2113 -0.1317
vn 0.1995 0.9798 0.0114
vn -0.9683 -0.2115 -0.1329
vn 0.2315 0.7729 0.5908
vn -0.1529 -0.9430 0.2956
vn -0.9687 -0.2111 -0.1306
vn -0.9689 -0.2110 -0.1295
vn 0.1529 0.9430 -0.2956
vn -0.9681 -0.2116 -0.1340
vn 0.9669 -0.2196 -0.1295
vn 0.9719 0.0164 -0.2347
vn 0.9601 -0.1797 -0.2143
vn 0.9750 0.0101 -0.2219
vn 0.9152 0.2752 -0.2942
vn 0.8880 0.3518 -0.2960
vn 0.9657 -0.2244 -0.1310
vn 0.7491 -0.6127 -0.2517
vn -0.9815 0.1315 -0.1388
vn -0.8857 0.3562 -0.2976
vn -0.9692 -0.2107 -0.1278
vn -0.7491 -0.6127 -0.2517
vn -0.7786 -0.5796 -0.2405
vn -0.9680 -0.2156 -0.1287
vn -0.9019 0.3301 -0.2786
vn -0.9818 0.1299 -0.1385
vn 0.7786 -0.5796 -0.2405
vn 0.9680 -0.2169 -0.1266
vn 0.9030 0.3276 -0.2782
vn 0.8635 0.3693 -0.3436
vn 0.9754 0.0132 -0.2200
vn 0.0594 -0.9654 -0.2539
vn 0.9710 0.0220 -0.2382
vn 0.9646 -0.2233 -0.1401
vn -0.9672 -0.2156 -0.1339
vn 0.9704 -0.2064 -0.1256
vn -0.9678 -0.2156 -0.1302
vn -0.9676 -0.2156 -0.1311
vn 0.9699 -0.2042 -0.1326
vn 0.9653 -0.2178 -0.1441
vn -0.9674 -0.2156 -0.1330
vn 0.9682 -0.2070 -0.1408
vn -0.9675 -0.2156 -0.1320
vn -0.9674 -0.2156 -0.1325
vn 0.9665 -0.2128 -0.1436
vn 0.9691 -0.2052 -0.1372
vn -0.9676 -0.2156 -0.1316
vn -0.9677 -0.2156 -0.1306
vn 0.9705 -0.2041 -0.1285
vn -0.7653 -0.5950 -0.2457
vn -0.9685 -0.2134 -0.1283
vn -0.8947 0.3420 -0.2873
vn -0.9817 0.1306 -0.1386
vn 0.7653 -0.5950 -0.2457
vn 0.9679 -0.2190 -0.1236
vn 0.8963 0.3386 -0.2863
vn 0.8912 0.3223 -0.3192
vn 0.9752 0.0119 -0.2208
vn 0.8596 -0.4387 -0.2619
vn 0.9714 0.0196 -0.2367
vn 0.9626 -0.2343 -0.1360
vn -0.9677 -0.2138 -0.1340
vn -0.2315 -0.7729 -0.5908
vn -0.9683 -0.2135 -0.1299
vn -0.9681 -0.2136 -0.1309
vn 0.0523 -0.3344 0.9410
vn 0.2265 0.9211 0.3166
vn -0.9678 -0.2137 -0.1330
vn 0.1199 -0.0324 0.9923
vn -0.9680 -0.2136 -0.1319
vn -0.9679 -0.2137 -0.1324
vn 0.2140 0.5495 0.8076
vn 0.0205 0.6038 -0.7969
vn -0.9680 -0.2136 -0.1314
vn -0.9682 -0.2135 -0.1304
vn -0.1199 0.0324 -0.9923
vn -0.7578 -0.6033 -0.2485
vn -0.9688 -0.2121 -0.1281
vn -0.8906 0.3486 -0.2921
vn -0.9816 0.1310 -0.1387
vn 0.7578 -0.6033 -0.2485
vn 0.9664 -0.2235 -0.1273
vn 0.8925 0.3448 -0.2908
vn 0.9034 0.2992 -0.3070
vn 0.9751 0.0111 -0.2213
vn 0.9313 -0.2790 -0.2342
vn 0.9716 0.0181 -0.2358
vn 0.9640 -0.2310 -0.1318
vn -0.9679 -0.2128 -0.1340
vn -0.1756 -0.2722 -0.9461
vn -0.9686 -0.2123 -0.1297
vn -0.9684 -0.2124 -0.1308
vn -0.0913 -0.8136 0.5743
vn 0.0913 0.8136 -0.5743
vn -0.9680 -0.2127 -0.1330
vn 0.1756 0.2722 0.9461
vn -0.9682 -0.2125 -0.1318
vn -0.9681 -0.2126 -0.1324
vn -0.2265 -0.9211 -0.3166
vn -0.0205 -0.6038 0.7969
vn -0.9683 -0.2125 -0.1313
vn -0.9685 -0.2124 -0.1302
vn -0.1995 -0.9798 -0.0114
vn 0.9725 -0.1965 -0.1247
vn 0.9727 -0.1962 -0.1240
vn 0.9728 -0.1964 -0.1231
vn 0.9727 -0.1963 -0.1237
vn 0.9724 -0.1982 -0.1231
vn 0.9726 -0.1963 -0.1243
vn 0.9723 -0.1978 -0.1246
vn 0.9729 -0.1948 -0.1249
vn 0.9725 -0.1969 -0.1243
vn 0.9729 -0.1954 -0.1233
vn 0.9726 -0.1968 -0.1237
vn 0.9727 -0.1968 -0.1233
vn 0.9725 -0.1969 -0.1240
vn 0.9725 -0.1966 -0.1249
vn 0.9727 -0.1970 -0.1229
vn 0.9727 -0.1965 -0.1232
vn 0.9725 -0.1965 -0.1250
vn 0.9726 -0.1966 -0.1244
vn 0.9725 -0.1967 -0.1251
vn 0.9726 -0.1966 -0.1239
vn 0.9728 -0.1964 -0.1225
vt 0.537291 0.834995
vt 0.540005 0.834995
vt 0.540005 0.915005
vt 0.537291 0.915005
vt 0.537292 0.665005
vt 0.485484 0.665005
vt 0.485484 0.665005
vt 0.537291 0.665005
vt 0.709995 0.659650
vt 0.790005 0.659650
vt 0.790005 0.665005
vt 0.709995 0.665005
vt 0.537291 0.160927
vt 0.540005 0.160927
vt 0.540005 0.165005
vt 0.537291 0.165005
vt 0.537291 0.334995
vt 0.540005 0.334995
vt 0.540005 0.415005
vt 0.537291 0.415005
vt 0.209995 0.706107
vt 0.209995 0.750000
vt 0.160923 0.750000
vt 0.142372 0.706107
vt 0.400702 0.915005
vt 0.425762 1.000000
vt 0.410923 1.000000
vt 0.375000 0.915005
vt 0.400702 0.056012
vt 0.375000 0.061265
vt 0.375000 0.035923
vt 0.400702 0.025060
vt 0.625000 0.915005
vt 0.625000 0.964077
vt 0.540005 1.000000
vt 0.790005 0.706107
vt 0.875000 0.688735
vt 0.875000 0.714077
vt 0.790005 0.750000
vt 0.540005 0.043893
vt 0.540005 0.000000
vt 0.589077 0.000000
vt 0.607628 0.043893
vt 0.209995 0.538352
vt 0.125000 0.558066
vt 0.125000 0.535923
vt 0.209995 0.500000
vt 0.414454 0.211648
vt 0.425762 0.250000
vt 0.410923 0.250000
vt 0.394714 0.211648
vt 0.400702 0.334995
vt 0.375000 0.334995
vt 0.375000 0.285923
vt 0.400702 0.275060
vt 0.790005 0.538352
vt 0.790005 0.500000
vt 0.839077 0.500000
vt 0.855286 0.538352
vt 0.540005 0.250000
vt 0.589077 0.250000
vt 0.625000 0.334995
vt 0.540005 0.211648
vt 0.625000 0.191934
vt 0.625000 0.214077
vt 0.290005 0.706107
vt 0.380791 0.706107
vt 0.386974 0.750000
vt 0.290005 0.750000
vt 0.404742 0.706107
vt 0.409055 0.750000
vt 0.400702 0.834995
vt 0.375000 0.834995
vt 0.709995 0.706107
vt 0.709995 0.750000
vt 0.625000 0.738026
vt 0.625000 0.700316
vt 0.540005 0.750000
vt 0.625000 0.834995
vt 0.540005 0.665005
vt 0.537291 0.665005
vt 0.540005 0.665005
vt 0.290005 0.538352
vt 0.290005 0.500000
vt 0.375000 0.511974
vt 0.375000 0.544923
vt 0.400702 0.415005
vt 0.400702 0.508353
vt 0.375000 0.415005
vt 0.400702 0.542936
vt 0.709995 0.538352
vt 0.618429 0.538352
vt 0.613026 0.500000
vt 0.709995 0.500000
vt 0.540005 0.584995
vt 0.540005 0.589073
vt 0.540005 0.589073
vt 0.540005 0.584995
vt 0.625000 0.415005
vt 0.540005 0.500000
vt 0.209995 0.659650
vt 0.209995 0.665005
vt 0.125000 0.665005
vt 0.125000 0.659650
vt 0.442068 0.090350
vt 0.442068 0.084995
vt 0.459995 0.084995
vt 0.459995 0.090350
vt 0.537291 1.000000
vt 0.537291 0.077679
vt 0.540005 0.077679
vt 0.540005 0.084995
vt 0.537291 0.084995
vt 0.790005 0.589073
vt 0.790005 0.584995
vt 0.875000 0.584995
vt 0.875000 0.589073
vt 0.625000 0.160927
vt 0.625000 0.165005
vt 0.483213 0.334995
vt 0.459995 0.334995
vt 0.459995 0.250000
vt 0.483213 0.250000
vt 0.483213 0.188326
vt 0.459995 0.188326
vt 0.459995 0.165005
vt 0.483213 0.165005
vt 0.442068 0.415005
vt 0.442068 0.334995
vt 0.459995 0.415005
vt 0.483213 0.584995
vt 0.485484 0.584995
vt 0.485484 0.584995
vt 0.483213 0.500000
vt 0.459995 0.500000
vt 0.483213 0.415005
vt 0.290005 0.589073
vt 0.290005 0.584995
vt 0.375000 0.584995
vt 0.375000 0.589073
vt 0.442068 0.589073
vt 0.442068 0.584995
vt 0.459995 0.584995
vt 0.459995 0.589073
vt 0.625000 0.665005
vt 0.625000 0.659650
vt 0.540005 0.659650
vt 0.540005 0.665005
vt 0.540005 0.659650
vt 0.483213 0.834995
vt 0.459995 0.834995
vt 0.459995 0.750000
vt 0.483213 0.750000
vt 0.483213 0.665005
vt 0.483213 0.659650
vt 0.483213 0.659650
vt 0.483213 0.665005
vt 0.442068 0.915005
vt 0.442068 0.834995
vt 0.459995 0.915005
vt 0.290005 0.659650
vt 0.290005 0.665005
vt 0.485484 0.665005
vt 0.483213 0.665005
vt 0.485484 0.834995
vt 0.485484 0.750000
vt 0.485484 0.500000
vt 0.485484 0.415005
vt 0.459995 0.659650
vt 0.482144 0.659650
vt 0.482144 0.666334
vt 0.459995 0.665005
vt 0.485484 0.188326
vt 0.485484 0.165005
vt 0.485484 0.334995
vt 0.485484 0.250000
vt 0.459995 0.077679
vt 0.483213 0.077679
vt 0.483213 0.084995
vt 0.483213 0.915005
vt 0.483213 1.000000
vt 0.459995 1.000000
vt 0.459995 0.160927
vt 0.483213 0.160927
vt 0.477585 0.682406
vt 0.459995 0.672321
vt 0.482144 0.666814
vt 0.483213 0.613569
vt 0.483213 0.589073
vt 0.483213 0.589073
vt 0.483213 0.613569
vt 0.483213 0.090350
vt 0.209995 0.633361
vt 0.290005 0.633361
vt 0.540005 0.633361
vt 0.540005 0.659650
vt 0.540005 0.632474
vt 0.709995 0.633361
vt 0.625000 0.633361
vt 0.442068 0.665005
vt 0.442068 0.659650
vt 0.375000 0.659650
vt 0.375000 0.665005
vt 0.625000 0.084995
vt 0.625000 0.090350
vt 0.540005 0.090350
vt 0.875000 0.659650
vt 0.875000 0.665005
vt 0.442068 0.116639
vt 0.459995 0.116639
vt 0.125000 0.633361
vt 0.537291 0.090350
vt 0.790005 0.633361
vt 0.485484 0.674038
vt 0.485484 0.666884
vt 0.536793 0.590180
vt 0.484986 0.590180
vt 0.484986 0.590180
vt 0.709995 0.584995
vt 0.709995 0.589073
vt 0.209995 0.584995
vt 0.209995 0.589073
vt 0.125000 0.589073
vt 0.125000 0.584995
vt 0.442068 0.165005
vt 0.442068 0.160927
vt 0.625000 0.589073
vt 0.625000 0.584995
vt 0.540647 0.537519
vt 0.483213 0.589073
vt 0.483213 0.584995
vt 0.459995 0.136431
vt 0.483213 0.136431
vt 0.442068 0.613569
vt 0.459995 0.613569
vt 0.290005 0.613569
vt 0.375000 0.613569
vt 0.625000 0.136431
vt 0.540005 0.136431
vt 0.790005 0.613569
vt 0.875000 0.613569
vt 0.537291 0.136431
vt 0.485484 0.136431
vt 0.485484 0.160927
vt 0.485484 0.537504
vt 0.482731 0.537536
vt 0.484986 0.660758
vt 0.536793 0.660758
vt 0.536793 0.660758
vt 0.485484 0.084995
vt 0.485484 0.090350
vt 0.537291 0.250000
vt 0.540005 0.188326
vt 0.537291 0.188326
vt 0.537291 0.584995
vt 0.540005 0.584995
vt 0.537291 0.584995
vt 0.537291 0.500000
vt 0.537291 0.750000
vt 0.540582 0.707061
vt 0.485484 0.077679
vt 0.485484 0.915005
vt 0.485484 1.000000
vt 0.459995 0.538352
vt 0.541571 0.589073
vt 0.541586 0.583749
vt 0.459995 0.633361
vt 0.482144 0.633361
vt 0.482144 0.659650
vt 0.537291 0.537504
vt 0.485484 0.584995
vt 0.537291 0.659650
vt 0.537291 0.633361
vt 0.537291 0.589073
vt 0.485484 0.589073
vt 0.485484 0.659650
vt 0.483213 0.633361
vt 0.485484 0.633361
vt 0.541578 0.666243
vt 0.541571 0.659650
vt 0.484986 0.634468
vt 0.484986 0.660758
vt 0.484986 0.634468
vt 0.541571 0.659650
vt 0.541571 0.633361
vt 0.482144 0.583666
vt 0.482144 0.589073
vt 0.486332 0.634025
vt 0.535448 0.634025
vt 0.535448 0.659020
vt 0.486332 0.659020
vt 0.537291 0.674038
vt 0.485484 0.666884
vt 0.537291 0.666884
vt 0.537291 0.633361
vt 0.537291 0.659650
vt 0.537259 0.659608
vt 0.537259 0.633350
vt 0.536760 0.634458
vt 0.536760 0.660715
vt 0.536665 0.660592
vt 0.536665 0.634426
vt 0.536239 0.660041
vt 0.536239 0.634286
vt 0.535864 0.659557
vt 0.535864 0.634162
vt 0.485019 0.660715
vt 0.485115 0.660592
vt 0.485541 0.660041
vt 0.485916 0.659557
vt 0.535448 0.591918
vt 0.486332 0.591918
vt 0.485916 0.591381
vt 0.535864 0.591381
vt 0.485541 0.590897
vt 0.536239 0.590897
vt 0.485115 0.590346
vt 0.536665 0.590346
vt 0.485019 0.590223
vt 0.536760 0.590223
vt 0.485916 0.634162
vt 0.485541 0.634286
vt 0.485115 0.634426
vt 0.485019 0.634458
vt 0.537291 0.613569
vt 0.537291 0.589073
vt 0.540043 0.584948
vt 0.540812 0.584011
vt 0.540999 0.589073
vt 0.540042 0.665052
vt 0.537291 0.665005
vt 0.540808 0.665983
vt 0.537291 0.666204
vt 0.540989 0.666871
vt 0.483173 0.584944
vt 0.482553 0.584007
vt 0.485484 0.583796
vt 0.482144 0.583186
vt 0.485484 0.583116
vt 0.483173 0.665055
vt 0.482553 0.665993
vt 0.482553 0.659650
vt 0.540999 0.659650
vt 0.483213 0.633361
vt 0.483213 0.633361
vt 0.482553 0.633361
vt 0.540005 0.613569
vt 0.540005 0.589073
vt 0.540005 0.613569
vt 0.540999 0.613569
vt 0.541571 0.589073
vt 0.541571 0.613569
vt 0.482553 0.589073
vt 0.485484 0.666204
vt 0.537291 0.583796
vt 0.537291 0.583116
vt 0.540994 0.583117
vt 0.485484 0.583116
vt 0.537291 0.583116
vt 0.541018 0.674009
vt 0.537291 0.707078
vt 0.485484 0.707078
vt 0.483213 0.000000
vt 0.485484 0.000000
vt 0.485484 0.043893
vt 0.483213 0.043893
vt 0.537291 0.000000
vt 0.537291 0.043893
vt 0.540695 0.698477
vt 0.625000 0.692778
vt 0.482661 0.707041
vt 0.459995 0.706107
vt 0.459995 0.000000
vt 0.459995 0.043893
vt 0.709995 0.697332
vt 0.790005 0.697332
vt 0.209995 0.697332
vt 0.290005 0.697332
vt 0.403879 0.697332
vt 0.379554 0.697332
vt 0.540005 0.052668
vt 0.611337 0.052668
vt 0.875000 0.683669
vt 0.400702 0.062199
vt 0.375000 0.066331
vt 0.138663 0.697332
vt 0.209995 0.672321
vt 0.128092 0.672321
vt 0.400702 0.084995
vt 0.375000 0.084995
vt 0.375000 0.080771
vt 0.400702 0.079836
vt 0.875000 0.669229
vt 0.790005 0.672321
vt 0.621908 0.077679
vt 0.376031 0.672321
vt 0.290005 0.672321
vt 0.400702 0.665005
vt 0.401421 0.672321
vt 0.709995 0.672321
vt 0.625000 0.671290
vt 0.541636 0.666776
vt 0.540925 0.681057
vt 0.537292 0.681083
vt 0.485484 0.681083
vt 0.483213 0.070475
vt 0.485484 0.070475
vt 0.537291 0.070475
vt 0.477371 0.690082
vt 0.459995 0.679525
vt 0.459995 0.070475
vt 0.540005 0.070475
vt 0.442285 0.672321
vt 0.442068 0.078331
vt 0.459995 0.052668
vt 0.442068 0.055550
vt 0.442068 0.047557
vt 0.459995 0.697332
vt 0.443289 0.706107
vt 0.443028 0.697332
vt 0.435317 0.613569
vt 0.435317 0.589073
vt 0.435317 0.165005
vt 0.435317 0.160927
vt 0.435317 0.116639
vt 0.435317 0.090350
vt 0.435317 0.665005
vt 0.435317 0.659650
vt 0.435317 0.915005
vt 0.435317 0.834995
vt 0.435317 0.584995
vt 0.435317 0.415005
vt 0.435317 0.334995
vt 0.435317 0.084995
vt 0.442068 0.539738
vt 0.442068 0.502526
vt 0.444593 0.750000
vt 0.442068 0.257577
vt 0.459995 0.211648
vt 0.449645 0.250000
vt 0.446226 0.211648
vt 0.442068 0.007577
vt 0.449645 1.000000
vt 0.375000 0.090350
vt 0.400702 0.090350
vt 0.400702 0.584995
vt 0.400702 0.589073
vt 0.400702 0.659650
vt 0.375000 0.116639
vt 0.400702 0.116639
vt 0.375000 0.165005
vt 0.375000 0.160927
vt 0.400702 0.160927
vt 0.400702 0.165005
vt 0.400702 0.613569
vt 0.405790 0.665005
vt 0.406447 0.672321
vt 0.405790 0.084995
vt 0.405790 0.079651
vt 0.405790 0.061381
vt 0.405790 0.054972
vt 0.405790 0.542543
vt 0.405790 0.507637
vt 0.405790 0.415005
vt 0.405790 0.834995
vt 0.413427 0.750000
vt 0.409483 0.706107
vt 0.405790 0.334995
vt 0.405790 0.272910
vt 0.418362 0.211648
vt 0.428700 0.250000
vt 0.405790 0.022910
vt 0.405790 0.915005
vt 0.428700 1.000000
vt 0.442768 0.688555
vt 0.405790 0.067792
vt 0.400702 0.068388
vt 0.459995 0.688555
vt 0.459995 0.061445
vt 0.442068 0.063544
vt 0.537291 0.052668
vt 0.483213 0.052668
vt 0.481362 0.700536
vt 0.485484 0.698497
vt 0.485484 0.052668
vt 0.537291 0.698497
vt 0.209995 0.688555
vt 0.134954 0.688555
vt 0.375000 0.071398
vt 0.790005 0.688555
vt 0.875000 0.678602
vt 0.540005 0.061445
vt 0.615046 0.061445
vt 0.290005 0.688555
vt 0.378318 0.688555
vt 0.403017 0.688555
vt 0.709995 0.688555
vt 0.625000 0.685238
vt 0.540808 0.689891
vt 0.625000 0.677479
vt 0.790005 0.679525
vt 0.709995 0.679525
vt 0.290005 0.679525
vt 0.209995 0.679525
vt 0.402129 0.679525
vt 0.377046 0.679525
vt 0.618863 0.070475
vt 0.875000 0.673388
vt 0.375000 0.076612
vt 0.400702 0.074756
vt 0.131137 0.679525
vt 0.442068 0.071770
vt 0.442499 0.679525
vt 0.405790 0.074389
vt 0.417509 0.672321
vt 0.423545 0.672321
vt 0.417509 0.672321
vt 0.537291 0.061445
vt 0.483213 0.061445
vt 0.479396 0.695381
vt 0.485484 0.689914
vt 0.485484 0.061445
vt 0.537291 0.689914
vt 0.419918 0.706107
vt 0.414224 0.706107
vt 0.416988 0.079244
vt 0.410878 0.079466
vt 0.410878 0.074022
vt 0.416988 0.073580
vt 0.416988 0.066481
vt 0.410878 0.067197
vt 0.410878 0.060563
vt 0.416988 0.059581
vt 0.416988 0.915005
vt 0.435165 1.000000
vt 0.431637 1.000000
vt 0.410878 0.915005
vt 0.416988 0.052683
vt 0.410878 0.053932
vt 0.410878 0.020759
vt 0.416988 0.018177
vt 0.426963 0.211648
vt 0.435165 0.250000
vt 0.431637 0.250000
vt 0.422270 0.211648
vt 0.416988 0.334995
vt 0.410878 0.334995
vt 0.410878 0.270759
vt 0.416988 0.268177
vt 0.423047 0.750000
vt 0.417798 0.750000
vt 0.416988 0.834995
vt 0.410878 0.834995
vt 0.416988 0.415005
vt 0.416988 0.506059
vt 0.410878 0.506920
vt 0.410878 0.415005
vt 0.416988 0.541677
vt 0.410878 0.542150
vt 0.416988 0.084995
vt 0.410878 0.084995
vt 0.416988 0.665005
vt 0.411474 0.672321
vt 0.410878 0.665005
vt 0.405790 0.090350
vt 0.410878 0.090350
vt 0.405790 0.589073
vt 0.405790 0.584995
vt 0.410878 0.584995
vt 0.410878 0.589073
vt 0.405790 0.659650
vt 0.410878 0.659650
vt 0.405790 0.116639
vt 0.410878 0.116639
vt 0.405790 0.165005
vt 0.405790 0.160927
vt 0.410878 0.160927
vt 0.410878 0.165005
vt 0.405790 0.613569
vt 0.410878 0.613569
vt 0.435616 0.672321
vt 0.435317 0.078577
vt 0.435317 0.056635
vt 0.435317 0.048937
vt 0.435317 0.540260
vt 0.435317 0.503477
vt 0.438793 0.750000
vt 0.436998 0.706107
vt 0.435317 0.260430
vt 0.445747 0.250000
vt 0.441041 0.211648
vt 0.435317 0.010430
vt 0.445747 1.000000
vt 0.435317 0.064335
vt 0.435317 0.072257
vt 0.427975 0.672321
vt 0.427975 0.672321
vt 0.427582 0.090350
vt 0.427582 0.084995
vt 0.427582 0.415005
vt 0.427582 0.334995
vt 0.427582 0.589073
vt 0.427582 0.584995
vt 0.427582 0.915005
vt 0.427582 0.834995
vt 0.427582 0.665005
vt 0.427582 0.659650
vt 0.427582 0.116639
vt 0.427582 0.165005
vt 0.427582 0.160927
vt 0.427582 0.613569
vt 0.429790 0.706107
vt 0.425611 0.706107
vt 0.429790 0.706107
vt 0.427582 0.072815
vt 0.423097 0.073139
vt 0.423097 0.065766
vt 0.427582 0.065240
vt 0.406447 0.672321
vt 0.416988 0.613569
vt 0.416988 0.589073
vt 0.423097 0.589073
vt 0.423097 0.613569
vt 0.416988 0.165005
vt 0.416988 0.160927
vt 0.423097 0.160927
vt 0.423097 0.165005
vt 0.416988 0.116639
vt 0.416988 0.090350
vt 0.423097 0.090350
vt 0.423097 0.116639
vt 0.416988 0.659650
vt 0.423097 0.659650
vt 0.423097 0.665005
vt 0.423097 0.834995
vt 0.423097 0.915005
vt 0.416988 0.584995
vt 0.423097 0.584995
vt 0.423097 0.334995
vt 0.423097 0.415005
vt 0.423097 0.084995
vt 0.423097 0.079022
vt 0.427582 0.078858
vt 0.427582 0.057878
vt 0.423097 0.058599
vt 0.423097 0.051434
vt 0.427582 0.050518
vt 0.427582 0.540858
vt 0.423097 0.541205
vt 0.423097 0.505198
vt 0.427582 0.504566
vt 0.428296 0.750000
vt 0.432148 0.750000
vt 0.423097 0.265595
vt 0.427582 0.263699
vt 0.435100 0.211648
vt 0.441281 0.250000
vt 0.438692 0.250000
vt 0.431655 0.211648
vt 0.423097 0.015595
vt 0.427582 0.013699
vt 0.441281 1.000000
vt 0.438692 1.000000
vt 0.409483 0.706107
vt 0.408896 0.697526
vt 0.409684 0.706301
vt 0.404943 0.706301
vt 0.404081 0.697526
vt 0.408107 0.688749
vt 0.403218 0.688749
vt 0.406649 0.672514
vt 0.407296 0.679718
vt 0.402330 0.679719
vt 0.401622 0.672514
vt 0.417711 0.672514
vt 0.418224 0.679718
vt 0.412261 0.679718
vt 0.411675 0.672514
vt 0.418868 0.688749
vt 0.419494 0.697526
vt 0.413711 0.697526
vt 0.412997 0.688749
vt 0.420119 0.706301
vt 0.414426 0.706301
vt 0.443230 0.697526
vt 0.443491 0.706301
vt 0.437199 0.706301
vt 0.436841 0.697526
vt 0.442969 0.688749
vt 0.436482 0.688749
vt 0.442487 0.672514
vt 0.442701 0.679718
vt 0.436112 0.679718
vt 0.435817 0.672514
vt 0.428563 0.679718
vt 0.429049 0.688749
vt 0.424739 0.688749
vt 0.424187 0.679719
vt 0.429520 0.697526
vt 0.429992 0.706301
vt 0.425813 0.706301
vt 0.425276 0.697526
vt 0.428176 0.672514
vt 0.423746 0.672514
vt 0.416988 0.136431
vt 0.423097 0.136431
vt 0.410878 0.633361
vt 0.405790 0.633361
vt 0.427582 0.623465
vt 0.435317 0.623465
vt 0.427582 0.136431
vt 0.435317 0.136431
vt 0.405790 0.623465
vt 0.405790 0.136431
vt 0.410878 0.136431
vt 0.375000 0.623465
vt 0.400702 0.623465
vt 0.375000 0.136431
vt 0.400702 0.136431
vt 0.442068 0.136431
vt 0.442068 0.623465
vt 0.540999 0.623465
vt 0.541571 0.623465
vt 0.540005 0.623465
vt 0.540005 0.623465
vt 0.540005 0.623465
vt 0.482553 0.613569
vt 0.482144 0.613569
vt 0.482144 0.589073
vt 0.483213 0.613569
vt 0.483213 0.613569
vt 0.537291 0.623465
vt 0.537291 0.623465
vt 0.485019 0.614689
vt 0.484986 0.614676
vt 0.485115 0.614727
vt 0.485541 0.614896
vt 0.485916 0.615044
vt 0.486332 0.615208
vt 0.535864 0.615043
vt 0.535448 0.615208
vt 0.536239 0.614896
vt 0.536665 0.614727
vt 0.536760 0.614689
vt 0.537259 0.613582
vt 0.537259 0.589115
vt 0.625000 0.613569
vt 0.484986 0.614676
vt 0.485484 0.613569
vt 0.540005 0.612565
vt 0.483213 0.126535
vt 0.485484 0.126535
vt 0.537291 0.126535
vt 0.540005 0.126535
vt 0.790005 0.623465
vt 0.875000 0.623465
vt 0.625000 0.126535
vt 0.290005 0.623465
vt 0.459995 0.623465
vt 0.459995 0.126535
vt 0.709995 0.613569
vt 0.209995 0.613569
vt 0.125000 0.613569
vt 0.483213 0.623465
vt 0.483213 0.623465
vt 0.483213 0.116639
vt 0.442068 0.633361
vt 0.375000 0.633361
vt 0.625000 0.116639
vt 0.540005 0.116639
vt 0.875000 0.633361
vt 0.537291 0.116639
vt 0.485484 0.116639
vt 0.540005 0.633361
vt 0.540999 0.633361
vt 0.435317 0.633361
vt 0.400702 0.633361
vt 0.427582 0.633361
vt 0.416988 0.633361
vt 0.423097 0.633361
vt 0.416988 0.126535
vt 0.423097 0.126535
vt 0.427582 0.126535
vt 0.435317 0.126535
vt 0.405790 0.126535
vt 0.410878 0.126535
vt 0.375000 0.126535
vt 0.400702 0.126535
vt 0.442068 0.126535
vt 0.482553 0.623465
vt 0.482144 0.623465
vt 0.483213 0.623465
vt 0.483213 0.623465
vt 0.485019 0.624573
vt 0.484986 0.624572
vt 0.485115 0.624577
vt 0.485541 0.624591
vt 0.485916 0.624603
vt 0.486332 0.624617
vt 0.535864 0.624603
vt 0.535448 0.624617
vt 0.536239 0.624591
vt 0.536665 0.624577
vt 0.537259 0.623466
vt 0.537163 0.633319
vt 0.537163 0.623469
vt 0.625000 0.623465
vt 0.484986 0.624572
vt 0.485484 0.623465
vt 0.540005 0.622519
vt 0.709995 0.623465
vt 0.209995 0.623465
vt 0.125000 0.623465
vt 0.536760 0.624573
vt 0.427434 0.613864
vt 0.427434 0.623760
vt 0.410730 0.613864
vt 0.416840 0.613864
vt 0.416840 0.623760
vt 0.422950 0.613864
vt 0.422950 0.623760
vt 0.405642 0.623760
vt 0.405642 0.613864
vt 0.410730 0.623760
vt 0.410730 0.633657
vt 0.416840 0.633657
vt 0.422950 0.633656
vt 0.427434 0.633656
vt 0.405642 0.633656
vt 0.420295 0.203562
vt 0.416183 0.203562
vt 0.430172 0.203562
vt 0.425233 0.203562
vt 0.440048 0.203562
vt 0.433797 0.203562
vt 0.442068 0.547583
vt 0.442068 0.555429
vt 0.445505 0.203562
vt 0.442068 0.562367
vt 0.435317 0.562627
vt 0.400702 0.563966
vt 0.400702 0.557518
vt 0.412070 0.203562
vt 0.459995 0.203562
vt 0.459995 0.546438
vt 0.537291 0.545411
vt 0.485484 0.545411
vt 0.485484 0.211648
vt 0.537291 0.211648
vt 0.540759 0.545427
vt 0.482629 0.545449
vt 0.619568 0.546438
vt 0.483213 0.211648
vt 0.790005 0.546438
vt 0.709995 0.546438
vt 0.290005 0.546438
vt 0.209995 0.546438
vt 0.400702 0.550227
vt 0.375000 0.551870
vt 0.540005 0.203562
vt 0.625000 0.187266
vt 0.858704 0.546438
vt 0.391296 0.203562
vt 0.125000 0.562734
vt 0.125000 0.571530
vt 0.209995 0.561673
vt 0.407578 0.188326
vt 0.384857 0.188326
vt 0.790005 0.561674
vt 0.865143 0.561674
vt 0.625000 0.178470
vt 0.290005 0.561673
vt 0.375000 0.564959
vt 0.621714 0.561674
vt 0.709995 0.561674
vt 0.541591 0.583160
vt 0.540970 0.560329
vt 0.625000 0.584995
vt 0.482437 0.560361
vt 0.485484 0.560310
vt 0.482144 0.583186
vt 0.459995 0.561674
vt 0.537291 0.560310
vt 0.444147 0.188326
vt 0.405790 0.563769
vt 0.412076 0.188326
vt 0.421975 0.188326
vt 0.416574 0.188326
vt 0.410878 0.563572
vt 0.416988 0.563336
vt 0.438179 0.188326
vt 0.423097 0.563100
vt 0.427582 0.562927
vt 0.431341 0.188326
vt 0.427376 0.188326
vt 0.537291 0.195477
vt 0.485484 0.195477
vt 0.540005 0.195477
vt 0.483213 0.195477
vt 0.459995 0.195477
vt 0.483213 0.203562
vt 0.485484 0.203562
vt 0.537291 0.203562
vt 0.125000 0.567402
vt 0.209995 0.554523
vt 0.409686 0.195477
vt 0.387879 0.195477
vt 0.790005 0.554523
vt 0.862121 0.554523
vt 0.625000 0.182598
vt 0.290005 0.554523
vt 0.375000 0.558816
vt 0.620707 0.554523
vt 0.709995 0.554523
vt 0.540871 0.553335
vt 0.482527 0.553363
vt 0.485484 0.553317
vt 0.459995 0.554523
vt 0.537291 0.553318
vt 0.444784 0.195477
vt 0.414003 0.195477
vt 0.423504 0.195477
vt 0.418320 0.195477
vt 0.439056 0.195477
vt 0.432493 0.195477
vt 0.428688 0.195477
vt 0.411415 0.548159
vt 0.406327 0.548484
vt 0.406327 0.541125
vt 0.411415 0.540731
vt 0.423634 0.547378
vt 0.417525 0.547768
vt 0.417525 0.540259
vt 0.423634 0.539787
vt 0.435854 0.546597
vt 0.428119 0.547091
vt 0.428119 0.539440
vt 0.435854 0.538842
vt 0.442605 0.546165
vt 0.442605 0.538320
vt 0.401239 0.548809
vt 0.401239 0.541518
vt 0.406327 0.562351
vt 0.401239 0.562547
vt 0.401239 0.556100
vt 0.406327 0.555843
vt 0.417525 0.561918
vt 0.411415 0.562154
vt 0.411415 0.555586
vt 0.417525 0.555277
vt 0.442605 0.560948
vt 0.435854 0.561209
vt 0.435854 0.554352
vt 0.442605 0.554011
vt 0.428119 0.561508
vt 0.423634 0.561682
vt 0.423634 0.554969
vt 0.428119 0.554742
s 0
f 98/1/1 37/2/1 8/3/1 89/4/1
f 194/5/2 209/6/2 125/7/2 115/8/2
f 74/9/3 68/10/3 9/11/3 36/12/3
f 100/13/4 85/14/4 24/15/4 91/16/4
f 97/17/5 23/18/5 50/19/5 93/20/5
f 213/21/6 4/22/6 5/23/6 214/24/6
f 279/25/7 269/26/7 5/27/7 4/28/7
f 287/29/8 214/30/8 5/31/8 269/32/8
f 8/3/9 11/33/9 12/34/9 14/35/9
f 216/36/10 217/37/10 12/38/10 11/39/10
f 218/40/11 14/41/11 12/42/11 217/43/11
f 713/44/12 714/45/12 19/46/12 21/47/12
f 734/48/13 271/49/13 19/50/13 714/51/13
f 272/52/14 21/53/14 19/54/14 271/55/14
f 716/56/15 25/57/15 26/58/15 717/59/15
f 23/18/16 27/60/16 26/61/16 25/62/16
f 718/63/17 717/64/17 26/65/17 27/60/17
f 219/66/18 220/67/18 33/68/18 35/69/18
f 277/70/19 273/71/19 33/68/19 220/67/19
f 274/72/20 35/73/20 33/68/20 273/71/20
f 222/74/21 38/75/21 39/76/21 223/77/21
f 37/2/22 40/78/22 39/76/22 38/79/22
f 153/80/2 194/81/2 115/8/2 116/82/2
f 719/83/23 45/84/23 46/85/23 720/86/23
f 282/87/24 275/88/24 46/85/24 45/89/24
f 733/90/25 720/86/25 46/85/25 275/88/25
f 722/91/26 723/92/26 52/93/26 54/94/26
f 158/95/27 184/96/27 113/97/27 114/98/27
f 50/19/28 54/99/28 52/93/28 53/100/28
f 65/101/29 1/102/29 7/103/29 66/104/29
f 262/105/30 251/106/30 3/107/30 67/108/30
f 89/4/31 8/3/31 14/35/31 95/109/31
f 237/110/32 242/111/32 10/112/32 96/113/32
f 79/114/33 22/115/33 28/116/33 84/117/33
f 84/118/34 28/119/34 24/15/34 85/14/34
f 58/120/35 17/121/35 20/122/35 59/123/35
f 753/124/36 767/125/36 16/126/36 60/127/36
f 719/83/37 713/44/37 21/47/37 45/84/37
f 258/128/38 254/129/38 17/121/38 43/130/38
f 716/56/39 722/91/39 54/94/39 25/57/39
f 25/62/40 54/99/40 50/19/40 23/18/40
f 163/131/5 204/132/5 117/133/5 118/131/5
f 61/134/41 47/135/41 43/130/41 62/136/41
f 80/137/42 42/138/42 48/139/42 86/140/42
f 264/141/43 260/142/43 44/143/43 87/144/43
f 74/9/44 36/12/44 41/145/44 75/146/44
f 173/147/45 153/148/45 116/82/45 121/149/45
f 63/150/46 31/151/46 34/152/46 64/153/46
f 168/154/47 179/155/47 119/156/47 120/157/47
f 213/21/48 219/66/48 35/69/48 4/22/48
f 249/158/49 257/159/49 31/151/49 2/160/49
f 222/74/50 216/36/50 11/39/50 38/75/50
f 38/79/51 11/33/51 8/3/51 37/2/51
f 65/101/47 71/161/47 29/162/47 1/102/47
f 209/163/52 168/164/52 120/157/52 125/7/52
f 104/165/46 63/150/46 64/153/46 112/166/46
f 110/167/41 61/134/41 62/136/41 111/168/41
f 73/169/53 178/170/53 169/171/53 30/172/53
f 755/173/36 753/124/36 60/127/36 109/174/36
f 103/175/35 58/120/35 59/123/35 108/176/35
f 232/177/32 236/178/32 57/179/32 3/107/32
f 2/160/31 55/180/31 56/181/31 6/182/31
f 17/121/5 58/120/5 62/136/5 43/130/5
f 78/183/4 82/184/4 60/127/4 16/126/4
f 247/185/54 244/186/54 30/172/54 169/187/54
f 31/151/1 63/150/1 55/180/1 2/160/1
f 479/188/47 189/189/47 122/190/47 463/191/47
f 3/107/4 57/179/4 76/192/4 67/108/4
f 499/193/47 523/194/47 71/161/47 65/101/47
f 543/195/45 173/196/45 121/149/45 528/197/45
f 504/198/44 74/9/44 75/146/44 524/199/44
f 255/200/43 261/201/43 73/169/43 30/172/43
f 29/162/42 71/161/42 72/202/42 32/203/42
f 13/204/34 69/205/34 70/206/34 10/112/34
f 9/11/33 68/10/33 69/207/33 13/208/33
f 544/209/30 262/105/30 67/108/30 517/210/30
f 499/193/29 65/101/29 66/104/29 518/211/29
f 96/113/4 10/112/4 70/206/4 99/212/4
f 504/198/3 522/213/3 68/10/3 74/9/3
f 248/214/55 247/185/55 169/187/55 208/215/55
f 136/216/1 148/217/1 124/218/1 128/216/1
f 49/219/3 22/115/3 79/114/3 88/220/3
f 15/221/29 83/222/29 77/223/29 18/224/29
f 252/225/30 263/226/30 78/183/30 16/126/30
f 49/219/44 88/220/44 81/227/44 51/228/44
f 727/229/56 53/100/56 52/93/56 723/92/56
f 15/221/47 42/138/47 80/137/47 83/222/47
f 189/230/47 163/231/47 118/131/47 122/190/47
f 356/232/4 460/233/4 82/184/4 78/183/4
f 489/234/43 264/141/43 87/144/43 404/235/43
f 458/236/42 80/137/42 86/140/42 405/237/42
f 418/238/34 84/118/34 85/14/34 417/239/34
f 353/240/33 79/114/33 84/117/33 418/241/33
f 461/242/4 417/239/4 85/14/4 100/13/4
f 462/243/4 461/242/4 100/13/4 106/244/4
f 730/245/57 729/246/57 61/134/57 110/167/57
f 141/247/5 130/248/5 127/249/5 123/247/5
f 102/250/4 96/113/4 99/212/4 105/251/4
f 23/18/35 97/17/35 90/252/35 27/60/35
f 749/253/36 754/254/36 91/16/36 24/15/36
f 198/255/58 158/256/58 114/98/58 126/257/58
f 53/100/41 92/258/41 93/20/41 50/19/41
f 37/2/46 98/1/46 94/259/46 40/78/46
f 227/260/59 223/77/59 39/76/59 40/78/59
f 238/261/32 237/110/32 96/113/32 102/250/32
f 107/262/31 89/4/31 95/109/31 101/263/31
f 103/175/5 97/17/5 93/20/5 111/168/5
f 106/244/4 100/13/4 91/16/4 109/174/4
f 729/246/60 721/264/60 47/135/60 61/134/60
f 104/165/1 98/1/1 89/4/1 107/262/1
f 63/150/1 104/165/1 107/262/1 55/180/1
f 51/228/61 81/227/61 183/265/61 159/266/61
f 82/184/4 106/244/4 109/174/4 60/127/4
f 58/120/5 103/175/5 111/168/5 62/136/5
f 55/180/31 107/262/31 101/263/31 56/181/31
f 236/178/32 238/261/32 102/250/32 57/179/32
f 57/179/4 102/250/4 105/251/4 76/192/4
f 503/267/62 542/268/62 178/269/62 73/169/62
f 727/229/63 728/270/63 92/258/63 53/100/63
f 460/233/4 462/243/4 106/244/4 82/184/4
f 97/17/35 103/175/35 108/176/35 90/252/35
f 754/254/36 755/173/36 109/174/36 91/16/36
f 204/271/5 198/257/5 126/257/5 117/133/5
f 92/258/41 110/167/41 111/168/41 93/20/41
f 98/1/46 104/165/46 112/166/46 94/259/46
f 728/270/64 730/245/64 110/167/64 92/258/64
f 127/272/62 121/149/62 116/82/62 115/8/62
f 506/273/62 528/197/62 121/149/62 127/272/62
f 126/257/62 114/98/62 113/97/62 128/274/62
f 117/133/62 126/257/62 128/274/62 124/275/62
f 123/276/62 127/272/62 115/8/62 125/7/62
f 119/156/62 123/276/62 125/7/62 120/157/62
f 505/277/62 507/278/62 123/276/62 119/156/62
f 118/131/62 117/133/62 124/275/62 122/190/62
f 75/146/65 41/145/65 154/279/65 174/280/65
f 538/281/3 141/282/3 123/247/3 507/283/3
f 524/199/66 75/146/66 174/284/66 514/285/66
f 44/143/67 164/286/67 188/287/67 87/144/67
f 509/288/62 533/289/62 129/290/62 142/291/62
f 239/292/68 248/214/68 208/293/68 193/294/68
f 508/295/69 130/296/69 134/297/69 529/298/69
f 529/299/70 134/300/70 133/301/70 530/302/70
f 530/302/71 133/301/71 132/303/71 531/304/71
f 531/304/72 132/303/72 131/305/72 532/306/72
f 532/306/73 131/305/73 129/290/73 533/289/73
f 130/248/74 141/247/74 143/307/74 134/300/74
f 134/300/75 143/307/75 144/308/75 133/301/75
f 133/301/76 144/308/76 145/309/76 132/303/76
f 132/303/77 145/309/77 146/310/77 131/305/77
f 131/305/78 146/310/78 142/291/78 129/290/78
f 135/311/79 147/312/79 149/313/79 137/314/79
f 137/314/80 149/313/80 150/315/80 138/316/80
f 138/316/81 150/315/81 151/317/81 139/318/81
f 139/318/82 151/317/82 152/319/82 140/320/82
f 140/320/83 152/319/83 148/217/83 136/216/83
f 509/288/84 142/291/84 146/310/84 534/321/84
f 534/321/85 146/310/85 145/309/85 535/322/85
f 535/322/86 145/309/86 144/308/86 536/323/86
f 536/323/87 144/308/87 143/307/87 537/324/87
f 537/324/88 143/307/88 141/282/88 538/281/88
f 467/325/47 136/326/47 128/274/47 465/325/47
f 184/96/89 158/95/89 160/327/89 187/97/89
f 187/97/90 160/327/90 161/98/90 186/97/90
f 186/97/91 161/98/91 162/328/91 185/329/91
f 185/329/92 162/328/92 159/266/92 183/265/92
f 194/81/93 153/80/93 155/330/93 197/331/93
f 197/331/94 155/330/94 156/82/94 196/8/94
f 196/8/95 156/82/95 157/332/95 195/333/95
f 195/333/96 157/332/96 154/334/96 193/294/96
f 204/132/97 163/131/97 165/335/97 207/133/97
f 207/133/98 165/335/98 166/131/98 206/133/98
f 206/133/99 166/131/99 167/336/99 205/337/99
f 205/337/100 167/336/100 164/338/100 203/339/100
f 179/155/101 168/154/101 170/340/101 182/156/101
f 182/156/102 170/340/102 171/157/102 181/156/102
f 181/156/103 171/157/103 172/341/103 180/342/103
f 180/342/104 172/341/104 169/171/104 178/170/104
f 153/148/105 173/147/105 175/149/105 155/330/105
f 155/330/106 175/149/106 176/149/106 156/82/106
f 156/82/107 176/149/107 177/343/107 157/332/107
f 157/332/108 177/343/108 174/280/108 154/279/108
f 510/344/109 179/155/109 182/156/109 539/345/109
f 539/345/110 182/156/110 181/156/110 540/345/110
f 540/345/111 181/156/111 180/342/111 541/346/111
f 541/346/112 180/342/112 178/269/112 542/268/112
f 484/347/113 184/348/113 187/97/113 485/349/113
f 485/349/114 187/97/114 186/97/114 486/349/114
f 486/349/115 186/97/115 185/329/115 487/350/115
f 487/350/116 185/329/116 183/351/116 488/352/116
f 163/231/117 189/230/117 192/230/117 165/335/117
f 165/335/118 192/230/118 191/190/118 166/131/118
f 166/131/119 191/190/119 190/353/119 167/336/119
f 167/336/120 190/353/120 188/287/120 164/286/120
f 209/6/121 194/5/121 197/331/121 212/163/121
f 212/163/122 197/331/122 196/8/122 211/7/122
f 211/7/123 196/8/123 195/333/123 210/354/123
f 210/354/124 195/333/124 193/294/124 208/293/124
f 158/256/125 198/255/125 200/257/125 160/327/125
f 160/327/126 200/257/126 201/257/126 161/98/126
f 161/98/127 201/257/127 202/355/127 162/328/127
f 162/328/128 202/355/128 199/356/128 159/357/128
f 198/257/129 204/271/129 207/133/129 200/257/129
f 200/257/130 207/133/130 206/133/130 201/257/130
f 201/257/131 206/133/131 205/337/131 202/355/131
f 202/355/132 205/337/132 203/358/132 199/359/132
f 168/164/133 209/163/133 212/163/133 170/340/133
f 170/340/134 212/163/134 211/7/134 171/157/134
f 171/157/135 211/7/135 210/354/135 172/341/135
f 172/341/136 210/354/136 208/215/136 169/187/136
f 246/360/137 239/292/137 193/294/137 154/334/137
f 40/78/138 94/259/138 228/361/138 227/260/138
f 94/259/68 112/166/68 230/362/68 228/361/68
f 56/363/32 101/364/32 226/365/32 224/366/32
f 101/364/32 95/367/32 225/368/32 226/365/32
f 295/369/139 302/370/139 223/77/139 227/260/139
f 112/166/140 64/153/140 229/371/140 230/362/140
f 64/153/141 34/152/141 221/372/141 229/371/141
f 6/373/32 56/363/32 224/366/32 215/374/32
f 294/375/50 300/376/50 216/36/50 222/74/50
f 289/377/48 301/378/48 219/66/48 213/21/48
f 95/367/32 14/41/32 218/40/32 225/368/32
f 294/375/142 222/74/142 223/77/142 302/370/142
f 310/379/143 277/70/143 220/67/143 292/380/143
f 301/378/144 292/380/144 220/67/144 219/66/144
f 291/381/145 218/40/145 217/43/145 290/382/145
f 300/376/146 290/383/146 217/37/146 216/36/146
f 309/384/147 298/385/147 214/30/147 287/29/147
f 289/377/148 213/21/148 214/24/148 298/386/148
f 1/102/149 240/387/149 231/388/149 7/103/149
f 270/389/150 7/390/150 231/391/150 288/392/150
f 9/11/151 13/208/151 241/393/151 233/394/151
f 10/112/152 242/111/152 241/395/152 13/204/152
f 29/162/153 32/203/153 243/396/153 234/397/153
f 281/398/154 278/399/154 243/396/154 32/203/154
f 36/12/155 245/400/155 235/401/155 41/145/155
f 1/102/48 29/162/48 234/397/48 240/387/48
f 36/12/50 9/11/50 233/394/50 245/400/50
f 154/402/156 41/145/156 235/401/156 246/360/156
f 328/403/157 319/404/157 239/292/157 246/360/157
f 319/404/68 330/405/68 248/214/68 239/292/68
f 316/406/32 318/407/32 238/261/32 236/178/32
f 318/407/32 317/408/32 237/110/32 238/261/32
f 330/405/158 329/409/158 247/185/158 248/214/158
f 329/409/159 326/410/159 244/186/159 247/185/159
f 312/411/32 316/406/32 236/178/32 232/177/32
f 317/408/32 324/412/32 242/111/32 237/110/32
f 30/172/160 244/186/160 268/413/160 255/200/160
f 3/107/161 251/106/161 267/414/161 232/177/161
f 299/415/162 307/416/162 266/417/162 215/374/162
f 293/418/163 221/372/163 265/419/163 308/420/163
f 496/421/43 364/422/43 264/141/43 489/234/43
f 358/423/30 363/424/30 263/226/30 252/225/30
f 547/425/30 362/426/30 262/105/30 544/209/30
f 359/427/43 361/428/43 261/201/43 255/200/43
f 357/429/49 374/430/49 257/159/49 249/158/49
f 364/422/43 376/431/43 260/142/43 264/141/43
f 360/432/38 372/433/38 254/129/38 258/128/38
f 362/426/30 370/434/30 251/106/30 262/105/30
f 721/264/164 731/435/164 259/436/164 47/135/164
f 43/130/165 47/135/165 259/436/165 258/128/165
f 31/151/166 257/159/166 256/437/166 34/152/166
f 221/372/167 34/152/167 256/437/167 265/419/167
f 17/121/168 254/129/168 253/438/168 20/122/168
f 715/439/169 20/122/169 253/440/169 732/441/169
f 215/374/170 266/417/170 250/442/170 6/373/170
f 2/160/171 6/182/171 250/443/171 249/158/171
f 66/444/30 7/390/30 270/389/30 284/445/30
f 45/89/38 21/53/38 272/52/38 282/87/38
f 86/140/43 48/139/43 276/446/43 286/447/43
f 4/28/49 35/73/49 274/72/49 279/25/49
f 32/203/43 72/202/43 283/448/43 281/398/43
f 518/449/30 66/444/30 284/445/30 545/450/30
f 18/451/30 77/452/30 285/453/30 280/454/30
f 405/237/43 86/140/43 286/447/43 492/455/43
f 625/456/172 622/457/172 278/399/172 281/398/172
f 614/458/173 270/389/173 288/392/173 632/459/173
f 633/460/174 309/384/174 287/29/174 631/461/174
f 308/420/175 265/419/175 440/419/175 441/420/175
f 746/462/176 733/90/176 275/88/176 619/463/176
f 626/464/177 619/463/177 275/88/177 282/87/177
f 618/465/178 274/72/178 273/71/178 617/466/178
f 621/467/179 617/466/179 273/71/179 277/70/179
f 616/468/180 272/52/180 271/55/180 615/469/180
f 745/470/181 615/471/181 271/49/181 734/48/181
f 631/461/182 287/29/182 269/32/182 613/472/182
f 623/473/183 613/474/183 269/26/183 279/25/183
f 401/475/184 308/420/184 441/420/184 444/475/184
f 635/476/185 391/477/185 309/384/185 633/460/185
f 385/478/186 293/418/186 308/420/186 401/475/186
f 393/479/187 390/480/187 307/416/187 299/415/187
f 225/368/32 218/40/32 291/381/32 304/481/32
f 215/374/32 224/366/32 303/482/32 299/415/32
f 229/371/188 221/372/188 293/418/188 296/483/188
f 230/362/189 229/371/189 296/483/189 297/484/189
f 226/365/32 225/368/32 304/481/32 305/485/32
f 224/366/32 226/365/32 305/485/32 303/482/32
f 228/361/68 230/362/68 297/484/68 306/486/68
f 227/260/190 228/361/190 306/486/190 295/369/190
f 381/487/191 289/377/191 298/386/191 392/488/191
f 391/477/192 392/489/192 298/385/192 309/384/192
f 394/490/193 382/491/193 290/383/193 300/376/193
f 383/492/194 291/381/194 290/382/194 382/493/194
f 395/494/195 384/495/195 292/380/195 301/378/195
f 402/496/196 310/379/196 292/380/196 384/495/196
f 386/497/197 294/375/197 302/370/197 396/498/197
f 381/487/48 395/494/48 301/378/48 289/377/48
f 386/497/50 394/490/50 300/376/50 294/375/50
f 387/499/198 396/498/198 302/370/198 295/369/198
f 246/360/199 235/401/199 315/500/199 328/403/199
f 245/400/50 233/394/50 313/501/50 327/502/50
f 240/387/48 234/397/48 314/503/48 322/504/48
f 245/400/200 327/502/200 315/500/200 235/401/200
f 278/399/201 321/505/201 325/506/201 243/396/201
f 234/397/202 243/396/202 325/506/202 314/503/202
f 242/111/203 324/412/203 323/507/203 241/395/203
f 233/394/204 241/393/204 323/508/204 313/501/204
f 288/392/205 231/391/205 311/509/205 332/510/205
f 240/387/206 322/504/206 311/511/206 231/388/206
f 232/177/207 267/414/207 331/512/207 312/411/207
f 244/186/208 326/410/208 320/513/208 268/413/208
f 632/459/209 288/392/209 332/510/209 634/514/209
f 590/515/210 416/516/210 448/516/210 605/517/210
f 398/518/32 383/492/32 324/412/32 317/408/32
f 393/479/32 397/519/32 316/406/32 312/411/32
f 388/520/211 385/478/211 326/410/211 329/409/211
f 389/521/212 388/520/212 329/409/212 330/405/212
f 399/522/32 398/518/32 317/408/32 318/407/32
f 397/519/32 399/522/32 318/407/32 316/406/32
f 400/523/68 389/521/68 330/405/68 319/404/68
f 387/499/213 400/523/213 319/404/213 328/403/213
f 589/524/214 351/525/214 435/525/214 604/524/214
f 600/526/215 342/527/215 355/528/215 602/529/215
f 603/530/216 403/531/216 354/532/216 601/533/216
f 268/413/217 320/513/217 433/513/217 434/413/217
f 591/534/218 581/535/218 343/536/218 333/537/218
f 599/538/219 341/539/219 343/540/219 581/541/219
f 744/542/220 583/543/220 345/544/220 735/545/220
f 584/546/221 346/547/221 345/548/221 583/549/221
f 589/524/222 585/550/222 347/551/222 351/525/222
f 586/552/223 348/553/223 347/551/223 585/550/223
f 594/554/224 587/555/224 349/556/224 336/557/224
f 743/558/225 736/559/225 349/556/225 587/555/225
f 402/496/226 321/505/226 439/505/226 445/496/226
f 601/533/227 354/532/227 341/539/227 599/538/227
f 582/560/228 344/561/228 342/527/228 600/526/228
f 593/562/229 590/515/229 352/563/229 335/564/229
f 628/565/30 614/458/30 344/561/30 338/566/30
f 626/464/38 616/468/38 346/547/38 336/557/38
f 630/567/43 620/568/43 350/569/43 340/570/43
f 623/473/49 618/465/49 348/553/49 333/537/49
f 625/456/43 627/571/43 337/572/43 335/564/43
f 644/573/30 628/565/30 338/566/30 546/574/30
f 624/575/30 629/576/30 339/577/30 334/578/30
f 641/579/230 630/567/230 340/570/230 494/580/230
f 255/200/231 268/413/231 378/581/231 359/427/231
f 251/106/232 370/434/232 366/582/232 267/414/232
f 307/416/233 367/583/233 365/584/233 266/417/233
f 378/581/234 268/413/234 434/413/234 453/581/234
f 731/435/235 737/585/235 375/586/235 259/436/235
f 258/128/236 259/436/236 375/586/236 360/432/236
f 257/159/237 374/430/237 373/587/237 256/437/237
f 265/419/238 256/437/238 373/587/238 377/588/238
f 254/129/239 372/433/239 371/589/239 253/438/239
f 732/441/240 253/440/240 371/590/240 738/591/240
f 266/417/241 365/584/241 369/592/241 250/442/241
f 249/158/242 250/443/242 369/593/242 357/429/242
f 320/513/243 401/475/243 444/475/243 433/513/243
f 390/480/244 406/594/244 367/583/244 307/416/244
f 267/414/245 366/582/245 368/595/245 331/512/245
f 571/596/246 378/581/246 453/581/246 573/597/246
f 554/598/30 563/599/30 370/434/30 362/426/30
f 552/600/38 565/601/38 372/433/38 360/432/38
f 556/602/43 569/603/43 376/431/43 364/422/43
f 549/604/49 567/605/49 374/430/49 357/429/49
f 551/606/43 553/607/43 361/428/43 359/427/43
f 580/608/30 554/598/30 362/426/30 547/425/30
f 550/609/30 555/610/30 363/424/30 358/423/30
f 577/611/247 556/602/247 364/422/247 496/421/247
f 331/512/248 368/595/248 406/594/248 390/480/248
f 265/419/249 377/588/249 452/588/249 440/419/249
f 570/612/250 415/613/250 447/613/250 572/614/250
f 602/529/251 355/528/251 403/531/251 603/530/251
f 295/369/252 306/486/252 400/523/252 387/499/252
f 306/486/68 297/484/68 389/521/68 400/523/68
f 303/482/32 305/485/32 399/522/32 397/519/32
f 305/485/32 304/481/32 398/518/32 399/522/32
f 297/484/253 296/483/253 388/520/253 389/521/253
f 296/483/254 293/418/254 385/478/254 388/520/254
f 299/415/32 303/482/32 397/519/32 393/479/32
f 304/481/32 291/381/32 383/492/32 398/518/32
f 328/403/255 315/500/255 396/498/255 387/499/255
f 327/502/50 313/501/50 394/490/50 386/497/50
f 322/504/48 314/503/48 395/494/48 381/487/48
f 327/502/256 386/497/256 396/498/256 315/500/256
f 321/505/257 402/496/257 384/495/257 325/506/257
f 314/503/258 325/506/258 384/495/258 395/494/258
f 324/412/259 383/492/259 382/493/259 323/507/259
f 313/501/260 323/508/260 382/491/260 394/490/260
f 332/510/261 311/509/261 392/489/261 391/477/261
f 322/504/262 381/487/262 392/488/262 311/511/262
f 312/411/263 331/512/263 390/480/263 393/479/263
f 326/410/264 385/478/264 401/475/264 320/513/264
f 634/514/265 332/510/265 391/477/265 635/476/265
f 277/70/266 310/379/266 442/379/266 436/70/266
f 560/615/267 430/616/267 432/617/267 561/618/267
f 622/457/268 352/563/268 437/563/268 637/619/268
f 610/620/269 598/621/269 426/622/269 497/623/269
f 592/624/30 597/625/30 425/626/30 420/627/30
f 612/628/30 596/629/30 424/630/30 548/631/30
f 593/562/43 595/632/43 423/633/43 421/634/43
f 591/534/49 586/552/49 412/635/49 419/636/49
f 598/621/43 588/637/43 414/638/43 426/622/43
f 594/554/38 584/546/38 410/639/38 422/640/38
f 596/629/30 582/560/30 408/641/30 424/630/30
f 551/606/270 571/596/270 416/516/270 421/634/270
f 563/599/271 408/641/271 428/642/271 558/643/271
f 559/644/272 429/645/272 427/646/272 557/647/272
f 321/505/273 278/399/273 438/399/273 439/505/273
f 742/648/274 739/649/274 413/650/274 568/651/274
f 552/600/275 568/651/275 413/650/275 422/640/275
f 567/605/276 412/635/276 411/652/276 566/653/276
f 570/612/277 566/653/277 411/652/277 415/613/277
f 565/601/278 410/639/278 409/654/278 564/655/278
f 741/656/279 564/657/279 409/658/279 740/659/279
f 557/647/280 427/646/280 407/660/280 562/661/280
f 549/604/281 562/662/281 407/663/281 419/636/281
f 310/379/282 402/496/282 445/496/282 442/379/282
f 561/618/283 432/617/283 429/645/283 559/644/283
f 558/643/284 428/642/284 430/616/284 560/615/284
f 621/467/285 277/70/285 436/70/285 636/664/285
f 638/665/286 636/666/286 436/667/286 442/668/286
f 640/669/287 638/665/287 442/668/287 445/670/287
f 637/671/288 639/672/288 439/673/288 438/674/288
f 605/675/289 607/676/289 446/677/289 437/678/289
f 608/679/290 606/680/290 443/681/290 451/682/290
f 606/680/291 604/683/291 435/684/291 443/681/291
f 441/685/292 440/686/292 452/687/292 454/688/292
f 444/689/293 441/685/293 454/688/293 456/690/293
f 434/691/294 433/692/294 455/693/294 453/694/294
f 433/692/295 444/689/295 456/690/295 455/693/295
f 607/676/296 608/679/296 451/682/296 446/677/296
f 639/672/297 640/669/297 445/670/297 439/673/297
f 575/695/298 576/696/298 457/697/298 450/698/298
f 574/699/299 572/700/299 447/701/299 449/702/299
f 576/696/300 574/699/300 449/702/300 457/697/300
f 573/703/301 575/695/301 450/698/301 448/704/301
f 597/625/30 609/705/30 498/706/30 425/626/30
f 519/707/302 643/708/302 706/708/302 703/707/302
f 694/709/303 577/611/303 496/421/303 692/710/303
f 555/610/30 578/711/30 495/712/30 363/424/30
f 643/708/304 697/713/304 712/713/304 706/708/304
f 629/576/30 642/714/30 493/715/30 339/577/30
f 677/716/43 405/237/43 492/455/43 691/717/43
f 77/452/30 379/718/30 491/719/30 285/453/30
f 363/424/30 495/712/30 490/720/30 263/226/30
f 692/710/43 496/421/43 489/234/43 690/721/43
f 688/722/116 487/350/116 488/352/116 689/723/116
f 687/724/115 486/349/115 487/350/115 688/722/115
f 686/725/114 485/349/114 486/349/114 687/724/114
f 668/726/113 484/347/113 485/349/113 686/725/113
f 190/353/112 482/727/112 483/728/112 188/729/112
f 191/190/111 481/730/111 482/727/111 190/353/111
f 192/230/110 480/731/110 481/730/110 191/190/110
f 189/189/109 479/188/109 480/731/109 192/230/109
f 683/732/47 467/325/47 465/325/47 681/733/47
f 152/319/88 477/734/88 478/735/88 148/218/88
f 151/317/87 476/736/87 477/734/87 152/319/87
f 150/315/86 475/737/86 476/736/86 151/317/86
f 149/313/85 474/738/85 475/737/85 150/315/85
f 147/312/84 473/739/84 474/738/84 149/313/84
f 137/314/73 471/740/73 472/741/73 135/311/73
f 138/316/72 470/742/72 471/740/72 137/314/72
f 139/318/71 469/743/71 470/742/71 138/316/71
f 140/320/70 468/744/70 469/743/70 139/318/70
f 136/326/69 467/325/69 468/745/69 140/746/69
f 147/312/62 135/311/62 472/741/62 473/739/62
f 81/227/66 459/747/66 488/352/66 183/351/66
f 148/218/3 478/735/3 466/748/3 124/218/3
f 122/190/62 124/275/62 466/749/62 463/191/62
f 128/274/62 113/97/62 464/750/62 465/325/62
f 650/751/4 652/752/4 462/243/4 460/233/4
f 87/144/62 188/729/62 483/728/62 404/235/62
f 652/752/4 651/753/4 461/242/4 462/243/4
f 651/753/4 676/754/4 417/239/4 461/242/4
f 647/755/33 353/240/33 418/241/33 675/756/33
f 675/757/34 418/238/34 417/239/34 676/754/34
f 648/758/42 458/236/42 405/237/42 677/716/42
f 690/721/43 489/234/43 404/235/43 678/759/43
f 645/760/4 650/751/4 460/233/4 356/232/4
f 88/220/3 79/114/3 353/240/3 380/761/3
f 83/222/29 431/762/29 379/763/29 77/223/29
f 263/226/30 490/720/30 356/232/30 78/183/30
f 88/220/44 380/761/44 459/747/44 81/227/44
f 184/348/45 484/347/45 464/750/45 113/97/45
f 83/222/47 80/137/47 458/236/47 431/762/47
f 685/764/47 479/188/47 463/191/47 680/765/47
f 179/155/47 510/344/47 505/277/47 119/156/47
f 67/108/4 76/192/4 525/766/4 517/210/4
f 261/201/43 515/767/43 503/267/43 73/169/43
f 71/161/42 523/194/42 502/768/42 72/202/42
f 69/205/34 500/769/34 501/770/34 70/206/34
f 68/10/33 522/213/33 500/771/33 69/207/33
f 99/212/4 70/206/4 501/770/4 526/772/4
f 105/251/4 99/212/4 526/772/4 527/773/4
f 76/192/4 105/251/4 527/773/4 525/766/4
f 130/296/47 508/295/47 506/273/47 127/272/47
f 173/196/113 543/195/113 511/774/113 175/149/113
f 175/149/114 511/774/114 512/774/114 176/149/114
f 176/149/115 512/774/115 513/775/115 177/343/115
f 177/343/116 513/775/116 514/285/116 174/284/116
f 361/428/43 520/776/43 515/767/43 261/201/43
f 72/202/43 502/768/43 516/777/43 283/448/43
f 627/571/305 643/708/305 519/707/305 337/572/305
f 553/607/306 579/778/306 520/776/306 361/428/306
f 595/632/307 611/779/307 521/780/307 423/633/307
f 695/781/30 612/628/30 548/631/30 673/782/30
f 693/783/30 580/608/30 547/425/30 672/784/30
f 696/785/30 644/573/30 546/574/30 671/786/30
f 646/787/30 518/449/30 545/450/30 670/788/30
f 672/784/30 547/425/30 544/209/30 669/789/30
f 666/790/112 541/346/112 542/268/112 667/791/112
f 665/792/111 540/345/111 541/346/111 666/790/111
f 664/793/110 539/345/110 540/345/110 665/792/110
f 685/764/109 510/344/109 539/345/109 664/793/109
f 662/794/88 537/324/88 538/281/88 663/795/88
f 661/796/87 536/323/87 537/324/87 662/794/87
f 660/797/86 535/322/86 536/323/86 661/796/86
f 659/798/85 534/321/85 535/322/85 660/797/85
f 684/799/84 509/288/84 534/321/84 659/798/84
f 657/800/73 532/306/73 533/289/73 658/801/73
f 656/802/72 531/304/72 532/306/72 657/800/72
f 655/803/71 530/302/71 531/304/71 656/802/71
f 654/804/70 529/298/70 530/805/70 655/806/70
f 683/732/69 508/295/69 529/298/69 654/804/69
f 684/799/62 658/801/62 533/289/62 509/288/62
f 649/807/66 524/199/66 514/285/66 689/723/66
f 663/795/3 538/281/3 507/283/3 682/808/3
f 680/765/62 682/809/62 507/278/62 505/277/62
f 681/733/62 653/810/62 528/197/62 506/273/62
f 678/759/62 667/791/62 542/268/62 503/267/62
f 679/811/3 647/755/3 522/213/3 504/198/3
f 674/812/29 499/193/29 518/211/29 646/813/29
f 669/789/30 544/209/30 517/210/30 645/760/30
f 679/811/44 504/198/44 524/199/44 649/807/44
f 668/726/45 543/195/45 528/197/45 653/810/45
f 674/812/47 648/758/47 523/194/47 499/193/47
f 673/782/30 548/631/30 580/608/30 693/783/30
f 423/633/308 521/780/308 579/778/308 553/607/308
f 425/626/30 498/706/30 578/711/30 555/610/30
f 579/778/309 521/780/309 705/780/309 709/778/309
f 453/694/310 455/693/310 575/695/310 573/703/310
f 456/690/311 454/688/311 574/699/311 576/696/311
f 454/688/312 452/687/312 572/700/312 574/699/312
f 455/693/313 456/690/313 576/696/313 575/695/313
f 366/582/314 558/643/314 560/615/314 368/595/314
f 406/594/315 561/618/315 559/644/315 367/583/315
f 357/429/316 369/593/316 562/662/316 549/604/316
f 365/584/317 557/647/317 562/661/317 369/592/317
f 738/591/318 371/590/318 564/657/318 741/656/318
f 372/433/319 565/601/319 564/655/319 371/589/319
f 377/588/320 373/587/320 566/653/320 570/612/320
f 374/430/321 567/605/321 566/653/321 373/587/321
f 360/432/322 375/586/322 568/651/322 552/600/322
f 737/585/323 742/648/323 568/651/323 375/586/323
f 367/583/324 559/644/324 557/647/324 365/584/324
f 370/434/325 563/599/325 558/643/325 366/582/325
f 359/427/326 378/581/326 571/596/326 551/606/326
f 368/595/327 560/615/327 561/618/327 406/594/327
f 377/588/250 570/612/250 572/614/250 452/588/250
f 497/623/328 426/622/328 556/602/328 577/611/328
f 420/627/30 425/626/30 555/610/30 550/609/30
f 548/631/30 424/630/30 554/598/30 580/608/30
f 421/634/43 423/633/43 553/607/43 551/606/43
f 419/636/49 412/635/49 567/605/49 549/604/49
f 426/622/43 414/638/43 569/603/43 556/602/43
f 422/640/38 410/639/38 565/601/38 552/600/38
f 424/630/30 408/641/30 563/599/30 554/598/30
f 416/516/246 571/596/246 573/597/246 448/516/246
f 671/786/30 546/574/30 612/628/30 695/781/30
f 337/572/329 519/707/329 611/779/329 595/632/329
f 611/779/330 519/707/330 703/707/330 707/779/330
f 339/577/30 493/715/30 609/705/30 597/625/30
f 450/698/331 457/697/331 608/679/331 607/676/331
f 449/702/332 447/701/332 604/683/332 606/680/332
f 457/697/333 449/702/333 606/680/333 608/679/333
f 448/704/298 450/698/298 607/676/298 605/675/298
f 338/566/30 344/561/30 582/560/30 596/629/30
f 336/557/38 346/547/38 584/546/38 594/554/38
f 340/570/43 350/569/43 588/637/43 598/621/43
f 333/537/49 348/553/49 586/552/49 591/534/49
f 335/564/43 337/572/43 595/632/43 593/562/43
f 546/574/30 338/566/30 596/629/30 612/628/30
f 334/578/30 339/577/30 597/625/30 592/624/30
f 494/580/334 340/570/334 598/621/334 610/620/334
f 430/616/335 602/529/335 603/530/335 432/617/335
f 421/634/336 416/516/336 590/515/336 593/562/336
f 408/641/337 582/560/337 600/526/337 428/642/337
f 429/645/338 601/533/338 599/538/338 427/646/338
f 739/649/339 743/558/339 587/555/339 413/650/339
f 422/640/340 413/650/340 587/555/340 594/554/340
f 412/635/341 586/552/341 585/550/341 411/652/341
f 415/613/342 411/652/342 585/550/342 589/524/342
f 410/639/343 584/546/343 583/549/343 409/654/343
f 740/659/344 409/658/344 583/543/344 744/542/344
f 427/646/345 599/538/345 581/541/345 407/660/345
f 419/636/346 407/663/346 581/535/346 591/534/346
f 432/617/347 603/530/347 601/533/347 429/645/347
f 428/642/348 600/526/348 602/529/348 430/616/348
f 415/613/214 589/524/214 604/524/214 447/613/214
f 352/563/210 590/515/210 605/517/210 437/563/210
f 670/788/30 545/450/30 644/573/30 696/785/30
f 283/448/349 516/777/349 643/708/349 627/571/349
f 285/453/30 491/719/30 642/714/30 629/576/30
f 691/717/350 492/455/350 641/579/350 697/713/350
f 446/677/351 451/682/351 640/669/351 639/672/351
f 437/678/352 446/677/352 639/672/352 637/671/352
f 451/682/353 443/681/353 638/665/353 640/669/353
f 443/681/354 435/684/354 636/666/354 638/665/354
f 351/525/285 621/467/285 636/664/285 435/525/285
f 278/399/268 622/457/268 637/619/268 438/399/268
f 355/528/355 634/514/355 635/476/355 403/531/355
f 492/455/356 286/447/356 630/567/356 641/579/356
f 280/454/30 285/453/30 629/576/30 624/575/30
f 545/450/30 284/445/30 628/565/30 644/573/30
f 281/398/43 283/448/43 627/571/43 625/456/43
f 279/25/49 274/72/49 618/465/49 623/473/49
f 286/447/43 276/446/43 620/568/43 630/567/43
f 282/87/38 272/52/38 616/468/38 626/464/38
f 284/445/30 270/389/30 614/458/30 628/565/30
f 342/527/357 632/459/357 634/514/357 355/528/357
f 403/531/358 635/476/358 633/460/358 354/532/358
f 333/537/359 343/536/359 613/474/359 623/473/359
f 341/539/360 631/461/360 613/472/360 343/540/360
f 735/545/361 345/544/361 615/471/361 745/470/361
f 346/547/362 616/468/362 615/469/362 345/548/362
f 351/525/363 347/551/363 617/466/363 621/467/363
f 348/553/364 618/465/364 617/466/364 347/551/364
f 336/557/365 349/556/365 619/463/365 626/464/365
f 736/559/366 746/462/366 619/463/366 349/556/366
f 354/532/367 633/460/367 631/461/367 341/539/367
f 344/561/368 614/458/368 632/459/368 342/527/368
f 335/564/369 352/563/369 622/457/369 625/456/369
f 516/777/370 691/717/370 697/713/370 643/708/370
f 491/719/30 670/788/30 696/785/30 642/714/30
f 697/713/371 641/579/371 700/579/371 712/713/371
f 493/715/30 671/786/30 695/781/30 609/705/30
f 521/780/372 611/779/372 707/779/372 705/780/372
f 498/706/30 673/782/30 693/783/30 578/711/30
f 431/762/47 458/236/47 648/758/47 674/812/47
f 484/347/45 668/726/45 653/810/45 464/750/45
f 380/761/44 679/811/44 649/807/44 459/747/44
f 490/720/30 669/789/30 645/760/30 356/232/30
f 431/762/29 674/812/29 646/813/29 379/763/29
f 380/761/3 353/240/3 647/755/3 679/811/3
f 404/235/62 483/728/62 667/791/62 678/759/62
f 465/325/62 464/750/62 653/810/62 681/733/62
f 463/191/62 466/749/62 682/809/62 680/765/62
f 478/735/3 663/795/3 682/808/3 466/748/3
f 459/747/66 649/807/66 689/723/66 488/352/66
f 473/739/62 472/741/62 658/801/62 684/799/62
f 467/325/69 683/732/69 654/804/69 468/745/69
f 468/744/70 654/814/70 655/803/70 469/743/70
f 469/743/71 655/803/71 656/802/71 470/742/71
f 470/742/72 656/802/72 657/800/72 471/740/72
f 471/740/73 657/800/73 658/801/73 472/741/73
f 473/739/84 684/799/84 659/798/84 474/738/84
f 474/738/85 659/798/85 660/797/85 475/737/85
f 475/737/86 660/797/86 661/796/86 476/736/86
f 476/736/87 661/796/87 662/794/87 477/734/87
f 477/734/88 662/794/88 663/795/88 478/735/88
f 479/188/109 685/764/109 664/793/109 480/731/109
f 480/731/110 664/793/110 665/792/110 481/730/110
f 481/730/111 665/792/111 666/790/111 482/727/111
f 482/727/112 666/790/112 667/791/112 483/728/112
f 495/712/30 672/784/30 669/789/30 490/720/30
f 379/718/30 646/787/30 670/788/30 491/719/30
f 642/714/30 696/785/30 671/786/30 493/715/30
f 578/711/30 693/783/30 672/784/30 495/712/30
f 609/705/30 695/781/30 673/782/30 498/706/30
f 510/344/47 685/764/47 680/765/47 505/277/47
f 517/210/4 525/766/4 650/751/4 645/760/4
f 515/767/43 690/721/43 678/759/43 503/267/43
f 523/194/42 648/758/42 677/716/42 502/768/42
f 500/769/34 675/757/34 676/754/34 501/770/34
f 522/213/33 647/755/33 675/756/33 500/771/33
f 526/772/4 501/770/4 676/754/4 651/753/4
f 527/773/4 526/772/4 651/753/4 652/752/4
f 525/766/4 527/773/4 652/752/4 650/751/4
f 508/295/47 683/732/47 681/733/47 506/273/47
f 543/195/113 668/726/113 686/725/113 511/774/113
f 511/774/114 686/725/114 687/724/114 512/774/114
f 512/774/115 687/724/115 688/722/115 513/775/115
f 513/775/116 688/722/116 689/723/116 514/285/116
f 520/776/43 692/710/43 690/721/43 515/767/43
f 502/768/43 677/716/43 691/717/43 516/777/43
f 577/815/373 694/816/373 710/816/373 708/815/373
f 579/778/374 694/709/374 692/710/374 520/776/374
f 494/817/375 610/818/375 698/818/375 701/817/375
f 711/819/376 698/818/376 699/820/376 704/821/376
f 712/822/376 700/823/376 701/817/376 702/824/376
f 704/821/376 699/820/376 708/815/376 710/816/376
f 702/824/376 701/817/376 698/818/376 711/819/376
f 703/825/376 702/824/376 711/819/376 707/826/376
f 705/827/376 704/821/376 710/816/376 709/828/376
f 706/829/376 712/822/376 702/824/376 703/825/376
f 707/826/376 711/819/376 704/821/376 705/827/376
f 641/579/377 494/580/377 701/580/377 700/579/377
f 610/818/378 497/820/378 699/820/378 698/818/378
f 497/820/379 577/815/379 708/815/379 699/820/379
f 694/816/380 579/828/380 709/828/380 710/816/380
f 831/830/381 735/545/381 745/470/381 836/831/381
f 833/832/382 740/659/382 744/542/382 835/833/382
f 746/462/383 736/559/383 842/559/383 852/462/383
f 739/649/384 742/648/384 848/648/384 846/649/384
f 832/834/385 738/591/385 741/656/385 834/835/385
f 834/835/386 741/656/386 740/659/386 833/832/386
f 816/836/387 788/837/387 861/837/387 837/836/387
f 829/838/388 732/441/388 738/591/388 832/834/388
f 773/839/389 776/840/389 857/840/389 858/839/389
f 774/841/390 789/842/390 862/842/390 853/841/390
f 835/833/391 744/542/391 735/545/391 831/830/391
f 836/831/392 745/470/392 734/48/392 830/843/392
f 731/435/393 816/836/393 837/836/393 838/435/393
f 810/844/394 715/439/394 732/441/394 829/838/394
f 822/845/395 816/836/395 731/435/395 721/264/395
f 815/846/64 828/847/64 730/245/64 728/270/64
f 90/252/36 108/176/36 726/848/36 725/849/36
f 814/850/396 815/846/396 728/270/396 727/229/396
f 827/851/397 822/845/397 721/264/397 729/246/397
f 27/60/36 90/252/36 725/849/36 718/63/36
f 828/847/398 827/851/398 729/246/398 730/245/398
f 814/850/399 727/229/399 723/92/399 813/852/399
f 108/176/36 59/123/36 724/853/36 726/848/36
f 811/854/39 823/855/39 722/91/39 716/56/39
f 812/856/37 818/857/37 713/44/37 719/83/37
f 59/123/36 20/122/36 715/439/36 724/853/36
f 823/855/400 813/852/400 723/92/400 722/91/400
f 817/858/401 821/859/401 720/86/401 733/90/401
f 812/856/402 719/83/402 720/86/402 821/859/402
f 820/860/403 819/861/403 717/64/403 718/63/403
f 811/854/404 716/56/404 717/59/404 819/862/404
f 830/843/405 734/48/405 714/51/405 809/863/405
f 818/857/406 809/864/406 714/45/406 713/44/406
f 15/221/407 18/224/407 766/865/407 747/866/407
f 280/454/408 759/867/408 766/868/408 18/451/408
f 22/115/409 768/869/409 748/870/409 28/116/409
f 24/15/410 28/119/410 748/871/410 749/253/410
f 42/138/411 769/872/411 750/873/411 48/139/411
f 276/446/412 48/139/412 750/873/412 774/841/412
f 49/219/413 51/228/413 770/874/413 752/875/413
f 42/138/37 15/221/37 747/866/37 769/872/37
f 22/115/39 49/219/39 752/875/39 768/869/39
f 159/876/414 771/877/414 770/874/414 51/878/414
f 203/339/415 164/338/415 756/879/415 757/880/415
f 164/881/416 44/143/416 751/882/416 756/879/416
f 159/357/417 199/356/417 772/883/417 771/877/417
f 199/359/64 203/358/64 757/880/64 772/883/64
f 44/143/418 260/142/418 773/839/418 751/882/418
f 16/126/419 767/125/419 758/884/419 252/225/419
f 620/568/420 276/446/420 774/841/420 780/885/420
f 624/575/421 765/886/421 759/867/421 280/454/421
f 592/624/422 764/887/422 760/888/422 334/578/422
f 588/637/423 350/569/423 775/889/423 779/890/423
f 260/142/424 376/431/424 776/840/424 773/839/424
f 252/225/425 758/884/425 761/891/425 358/423/425
f 569/603/426 414/638/426 777/892/426 778/893/426
f 550/609/427 763/894/427 762/895/427 420/627/427
f 358/423/428 761/891/428 763/894/428 550/609/428
f 376/431/429 569/603/429 778/893/429 776/840/429
f 414/638/430 588/637/430 779/890/430 777/892/430
f 420/627/431 762/895/431 764/887/431 592/624/431
f 334/578/432 760/888/432 765/886/432 624/575/432
f 350/569/433 620/568/433 780/885/433 775/889/433
f 797/896/36 798/897/36 755/173/36 754/254/36
f 792/898/36 797/896/36 754/254/36 749/253/36
f 798/897/36 796/899/36 753/124/36 755/173/36
f 796/899/36 782/900/36 767/125/36 753/124/36
f 824/901/36 810/844/36 782/900/36 796/899/36
f 826/902/36 824/901/36 796/899/36 798/897/36
f 820/860/36 825/903/36 797/896/36 792/898/36
f 825/903/36 826/902/36 798/897/36 797/896/36
f 747/866/434 766/865/434 781/904/434 790/905/434
f 759/867/435 802/906/435 781/907/435 766/868/435
f 768/869/436 783/908/436 791/909/436 748/870/436
f 749/253/437 748/871/437 791/910/437 792/898/437
f 769/872/438 784/911/438 793/912/438 750/873/438
f 774/841/439 750/873/439 793/912/439 789/842/439
f 752/875/440 770/874/440 785/913/440 795/914/440
f 769/872/37 747/866/37 790/905/37 784/911/37
f 768/869/39 752/875/39 795/914/39 783/908/39
f 771/877/441 786/915/441 785/913/441 770/874/441
f 757/880/442 756/879/442 799/916/442 800/917/442
f 756/879/443 751/882/443 794/918/443 799/916/443
f 771/877/444 772/883/444 787/919/444 786/915/444
f 772/883/64 757/880/64 800/917/64 787/919/64
f 751/882/445 773/839/445 788/837/445 794/918/445
f 767/125/446 782/900/446 801/920/446 758/884/446
f 733/90/447 746/462/447 852/462/447 840/90/447
f 765/886/448 808/921/448 802/906/448 759/867/448
f 764/887/449 807/922/449 803/923/449 760/888/449
f 779/890/450 775/889/450 855/889/450 856/890/450
f 788/837/451 773/839/451 858/839/451 861/837/451
f 758/884/452 801/920/452 804/924/452 761/891/452
f 777/892/453 779/890/453 856/890/453 859/892/453
f 763/894/454 806/925/454 805/926/454 762/895/454
f 761/891/455 804/924/455 806/925/455 763/894/455
f 776/840/456 778/893/456 860/893/456 857/840/456
f 742/648/457 737/585/457 844/585/457 848/648/457
f 762/895/458 805/926/458 807/922/458 764/887/458
f 760/888/459 803/923/459 808/921/459 765/886/459
f 743/558/460 739/649/460 846/649/460 850/558/460
f 725/849/36 726/848/36 826/902/36 825/903/36
f 718/63/36 725/849/36 825/903/36 820/860/36
f 726/848/36 724/853/36 824/901/36 826/902/36
f 724/853/36 715/439/36 810/844/36 824/901/36
f 790/905/461 781/904/461 809/864/461 818/857/461
f 802/906/462 830/843/462 809/863/462 781/907/462
f 783/908/463 811/854/463 819/862/463 791/909/463
f 792/898/464 791/910/464 819/861/464 820/860/464
f 784/911/465 812/856/465 821/859/465 793/912/465
f 789/842/466 793/912/466 821/859/466 817/858/466
f 795/914/467 785/913/467 813/852/467 823/855/467
f 784/911/37 790/905/37 818/857/37 812/856/37
f 783/908/39 795/914/39 823/855/39 811/854/39
f 786/915/468 814/850/468 813/852/468 785/913/468
f 800/917/469 799/916/469 827/851/469 828/847/469
f 799/916/470 794/918/470 822/845/470 827/851/470
f 786/915/471 787/919/471 815/846/471 814/850/471
f 787/919/64 800/917/64 828/847/64 815/846/64
f 794/918/472 788/837/472 816/836/472 822/845/472
f 782/900/473 810/844/473 829/838/473 801/920/473
f 736/559/474 743/558/474 850/558/474 842/559/474
f 808/921/475 836/831/475 830/843/475 802/906/475
f 807/922/476 835/833/476 831/830/476 803/923/476
f 780/885/477 774/841/477 853/841/477 854/885/477
f 737/585/478 731/435/478 838/435/478 844/585/478
f 801/920/479 829/838/479 832/834/479 804/924/479
f 778/893/480 777/892/480 859/892/480 860/893/480
f 806/925/481 834/835/481 833/832/481 805/926/481
f 804/924/482 832/834/482 834/835/482 806/925/482
f 817/858/483 733/90/483 840/90/483 839/858/483
f 775/889/484 780/885/484 854/885/484 855/889/484
f 805/926/485 833/832/485 835/833/485 807/922/485
f 803/923/486 831/830/486 836/831/486 808/921/486
f 789/842/487 817/858/487 839/858/487 862/842/487
f 841/927/488 851/928/488 852/929/488 842/930/488
f 845/931/489 849/932/489 850/933/489 846/934/489
f 843/935/490 847/936/490 848/937/490 844/938/490
f 847/936/491 845/931/491 846/934/491 848/937/491
f 837/939/492 843/935/492 844/938/492 838/940/492
f 849/932/493 841/927/493 842/930/493 850/933/493
f 851/928/494 839/941/494 840/942/494 852/929/494
f 854/943/495 853/944/495 862/945/495 868/946/495
f 856/947/496 855/948/496 863/949/496 867/950/496
f 858/951/497 857/952/497 864/953/497 861/954/497
f 860/955/498 859/956/498 865/957/498 866/958/498
f 857/952/499 860/955/499 866/958/499 864/953/499
f 859/956/500 856/947/500 867/950/500 865/957/500
f 855/948/501 854/943/501 868/946/501 863/949/501
f 868/946/502 862/945/502 839/941/502 851/928/502
f 867/950/503 863/949/503 841/927/503 849/932/503
f 861/954/504 864/953/504 843/935/504 837/939/504
f 866/958/505 865/957/505 845/931/505 847/936/505
f 864/953/506 866/958/506 847/936/506 843/935/506
f 865/957/507 867/950/507 849/932/507 845/931/507
f 863/949/508 868/946/508 851/928/508 841/927/508
