# Blender 5.1.1
# www.blender.org
mtllib zone mortzalis base singel .mtl
o zone_motals_base
v 0.649527 0.036060 1.190197
v 0.649527 0.042853 1.189528
v 0.999221 0.036060 1.190197
v 0.999221 0.042853 1.189528
v 0.999221 0.049645 1.190197
v 0.999221 0.056176 1.192178
v 0.649527 0.049645 1.190197
v 0.649527 0.056176 1.192178
v 0.649527 0.062195 1.195395
v 0.649527 0.067471 1.199725
v 0.999221 0.062195 1.195395
v 0.999221 0.067471 1.199725
v 0.999221 0.071801 1.205001
v 0.999221 0.075019 1.211020
v 0.649527 0.071801 1.205001
v 0.649527 0.075019 1.211020
v 0.649527 0.077000 1.217552
v 0.649527 0.077669 1.224344
v 0.999221 0.077000 1.217552
v 0.999221 0.077669 1.224344
v 0.999221 0.077000 1.231136
v 0.999221 0.075019 1.237668
v 0.649527 0.077000 1.231136
v 0.649527 0.075019 1.237668
v 0.649527 0.071801 1.243687
v 0.649527 0.067471 1.248963
v 0.999221 0.071801 1.243687
v 0.999221 0.067471 1.248963
v 0.999221 0.062195 1.253293
v 0.999221 0.056176 1.256510
v 0.649527 0.062195 1.253293
v 0.649527 0.056176 1.256510
v 0.649527 0.049645 1.258491
v 0.649527 0.042853 1.259160
v 0.999221 0.049645 1.258491
v 0.999221 0.042853 1.259160
v 0.999221 0.036060 1.258491
v 0.649527 0.036060 1.258491
v 0.999221 0.077669 1.091269
v 0.850624 0.077669 1.091269
v 0.999221 0.077000 1.098062
v 0.999221 0.077000 1.084477
v 0.850624 0.077000 1.084477
v 0.999221 0.075019 1.077946
v 0.850624 0.075019 1.077946
v 0.999221 0.071801 1.071926
v 0.850624 0.071801 1.071926
v 0.999221 0.067471 1.066650
v 0.999221 0.062195 1.062321
v 0.850624 0.067471 1.066650
v 0.819933 0.067471 1.066650
v 0.850623 0.062195 1.062321
v 0.819933 0.062195 1.062321
v 0.850624 0.056176 1.059103
v 0.999221 0.056176 1.059103
v 0.819933 0.056176 1.059103
v 0.850623 0.049645 1.057122
v 0.999221 0.049645 1.057122
v 0.819933 0.049645 1.057122
v 0.850624 0.042853 1.056453
v 0.999221 0.042853 1.056453
v 0.819933 0.042853 1.056453
v 0.850623 0.036060 1.057122
v 0.999221 0.036060 1.057122
v 0.819933 0.036060 1.057122
v 0.850624 0.029529 1.059103
v 0.999221 0.029529 1.059103
v 0.819933 0.029529 1.059103
v 0.850624 0.023510 1.062321
v 0.999221 0.023510 1.062321
v 0.819933 0.023510 1.062321
v 0.819933 0.023510 1.120218
v 0.850624 0.023510 1.120218
v 0.649527 0.023510 1.120218
v 0.819933 0.029529 1.123435
v 0.850624 0.029529 1.123435
v 0.649527 0.029529 1.123435
v 0.819933 0.036060 1.125417
v 0.850623 0.036060 1.125417
v 0.649527 0.036060 1.125417
v 0.819933 0.042853 1.126086
v 0.850624 0.042853 1.126086
v 0.649527 0.042853 1.126086
v 0.649527 0.049645 1.125417
v 0.649527 0.056176 1.123435
v 0.821558 0.050138 1.125345
v 0.820012 0.052022 1.125345
v 0.825002 0.047033 1.125345
v 0.822490 0.049510 1.126809
v 0.825678 0.048045 1.125345
v 0.848537 0.050138 1.125345
v 0.821025 0.052699 1.125345
v 0.819466 0.055615 1.125345
v 0.819293 0.056176 1.123435
v 0.850624 0.056176 1.123435
v 0.818112 0.062195 1.120218
v 0.850623 0.062195 1.120218
v 0.649527 0.062195 1.120218
v 0.819047 0.067471 1.115888
v 0.818182 0.062069 1.125345
v 0.818507 0.058779 1.125345
v 0.818507 0.065359 1.125345
v 0.816965 0.062069 1.125345
v 0.817312 0.065597 1.125345
v 0.817312 0.058541 1.125345
v 0.816965 0.062069 1.126487
v 0.818182 0.062069 1.126809
v 0.817312 0.065597 1.126487
v 0.817312 0.058541 1.126487
v 0.818507 0.058779 1.126809
v 0.818341 0.055149 1.126487
v 0.819466 0.055615 1.126809
v 0.820012 0.052022 1.126487
v 0.818341 0.055149 1.125345
v 0.821025 0.052699 1.126809
v 0.823947 0.052999 1.141679
v 0.828465 0.053382 1.152952
v 0.825947 0.050506 1.140923
v 0.822453 0.055866 1.142285
v 0.827083 0.056186 1.154044
v 0.821522 0.058996 1.142717
v 0.826209 0.059274 1.154830
v 0.821190 0.062270 1.142959
v 0.825878 0.062525 1.155281
v 0.821471 0.065560 1.143002
v 0.826104 0.065815 1.155380
v 0.818507 0.065359 1.126809
v 0.822353 0.068741 1.142843
v 0.826876 0.069018 1.155121
v 0.819466 0.068523 1.126809
v 0.823803 0.071690 1.142489
v 0.828166 0.072011 1.154516
v 0.821025 0.071439 1.126809
v 0.825764 0.074295 1.141954
v 0.829924 0.074678 1.153587
v 0.828161 0.076455 1.141258
v 0.822490 0.074627 1.126809
v 0.822261 0.074856 1.125345
v 0.820012 0.072115 1.126487
v 0.825002 0.077105 1.126487
v 0.825678 0.076092 1.126809
v 0.828594 0.077651 1.126809
v 0.831758 0.078611 1.126809
v 0.830903 0.078087 1.140429
v 0.828128 0.078776 1.126487
v 0.831520 0.079805 1.126487
v 0.828128 0.078776 1.125345
v 0.828594 0.077651 1.125345
v 0.831520 0.079805 1.125345
v 0.825002 0.077105 1.125345
v 0.825678 0.076092 1.125345
v 0.831758 0.078611 1.125345
v 0.835048 0.080152 1.125345
v 0.835048 0.078935 1.125345
v 0.838576 0.079805 1.125345
v 0.835048 0.080152 1.126487
v 0.835048 0.078935 1.126809
v 0.838576 0.079805 1.126487
v 0.838339 0.078611 1.126809
v 0.841968 0.078776 1.126487
v 0.841503 0.077651 1.126809
v 0.845095 0.077105 1.126487
v 0.841968 0.078776 1.125345
v 0.841503 0.077651 1.125345
v 0.845095 0.077105 1.125345
v 0.844418 0.076092 1.125345
v 0.847835 0.074856 1.125345
v 0.850084 0.072115 1.125345
v 0.847873 0.074778 1.126769
v 0.849072 0.071439 1.125345
v 0.850630 0.068523 1.125345
v 0.850867 0.067471 1.115888
v 0.999221 0.067471 1.115888
v 0.848838 0.071801 1.110612
v 0.999221 0.071801 1.110612
v 0.821312 0.071801 1.110612
v 0.845648 0.075019 1.104593
v 0.999221 0.075019 1.104593
v 0.824402 0.075019 1.104593
v 0.838339 0.078611 1.125345
v 0.835018 0.077000 1.098062
v 0.649527 0.077000 1.098062
v 0.819933 0.077669 1.091269
v 0.649527 0.077669 1.091269
v 0.819933 0.077000 1.084477
v 0.649527 0.077000 1.084477
v 0.819933 0.075019 1.077946
v 0.649527 0.075019 1.077946
v 0.819933 0.071801 1.071926
v 0.649527 0.071801 1.071926
v 0.649527 0.067471 1.066650
v 0.649527 0.062195 1.062321
v 0.649527 0.056176 1.059103
v 0.649527 0.049645 1.057122
v 0.649527 0.042853 1.056453
v 0.649527 0.036060 1.057122
v 0.649527 0.029529 1.059103
v 0.649527 0.023510 1.062321
v 0.649527 0.075019 1.104593
v 0.649527 0.071801 1.110612
v 0.649527 0.067471 1.115888
v 0.999221 0.062195 1.120218
v 0.999221 0.056176 1.123435
v 0.999221 0.049645 1.125417
v 0.999221 0.042853 1.126086
v 0.999221 0.036060 1.125417
v 0.999221 0.029529 1.123435
v 0.999221 0.023510 1.120218
v 0.851590 0.065359 1.125345
v 0.851755 0.068989 1.125345
v 0.852784 0.065597 1.125345
v 0.851755 0.068989 1.126487
v 0.850630 0.068523 1.126809
v 0.852784 0.065597 1.126487
v 0.850084 0.072115 1.126487
v 0.849072 0.071439 1.126809
v 0.850261 0.072434 1.133921
v 0.852155 0.073699 1.139338
v 0.848268 0.074927 1.134660
v 0.851748 0.069567 1.133332
v 0.853521 0.070895 1.138270
v 0.852672 0.066436 1.132915
v 0.854380 0.067807 1.137504
v 0.851590 0.065359 1.126809
v 0.852998 0.063163 1.132682
v 0.854702 0.064556 1.137067
v 0.851914 0.062069 1.126809
v 0.852717 0.059873 1.132642
v 0.854474 0.061266 1.136971
v 0.851590 0.058779 1.126809
v 0.851837 0.056692 1.132795
v 0.853707 0.058063 1.137222
v 0.850630 0.055615 1.126809
v 0.850393 0.053742 1.133136
v 0.852429 0.055070 1.137810
v 0.849072 0.052699 1.126809
v 0.848439 0.051138 1.133656
v 0.850686 0.052403 1.138717
v 0.846050 0.048978 1.134335
v 0.847879 0.049365 1.126801
v 0.845095 0.047033 1.126487
v 0.850084 0.052022 1.126487
v 0.844418 0.048045 1.126809
v 0.841503 0.046487 1.126809
v 0.838339 0.045527 1.126809
v 0.843315 0.047346 1.135149
v 0.841968 0.045362 1.126487
v 0.838576 0.044333 1.126487
v 0.841968 0.045362 1.125345
v 0.838576 0.044333 1.125345
v 0.845095 0.047033 1.125345
v 0.841503 0.046487 1.125345
v 0.844418 0.048045 1.125345
v 0.838339 0.045527 1.125345
v 0.835048 0.045203 1.125345
v 0.831758 0.045527 1.125345
v 0.835048 0.043986 1.125345
v 0.831520 0.044333 1.125345
v 0.835048 0.043986 1.126487
v 0.835048 0.045203 1.126809
v 0.831520 0.044333 1.126487
v 0.831758 0.045527 1.126809
v 0.828128 0.045362 1.126487
v 0.828594 0.046487 1.126809
v 0.825002 0.047033 1.126487
v 0.828128 0.045362 1.125345
v 0.828594 0.046487 1.125345
v 0.825678 0.048045 1.126809
v 0.828376 0.048481 1.140048
v 0.832527 0.049036 1.150035
v 0.831141 0.047004 1.139086
v 0.835049 0.047662 1.148322
v 0.834134 0.046131 1.138076
v 0.837773 0.046899 1.146527
v 0.837240 0.045895 1.137057
v 0.840592 0.046775 1.144719
v 0.840340 0.046305 1.136068
v 0.843398 0.047295 1.142970
v 0.847786 0.048391 1.147890
v 0.846083 0.048440 1.141346
v 0.850055 0.049650 1.145746
v 0.848544 0.050164 1.139910
v 0.852127 0.051478 1.143853
v 0.857024 0.052792 1.146482
v 0.853923 0.053805 1.142287
v 0.858359 0.055206 1.144657
v 0.855376 0.056541 1.141104
v 0.859432 0.058011 1.143287
v 0.856432 0.059581 1.140346
v 0.860205 0.061098 1.142422
v 0.857055 0.062808 1.140041
v 0.860652 0.064350 1.142095
v 0.857222 0.066098 1.140199
v 0.860757 0.067640 1.142316
v 0.856926 0.069325 1.140813
v 0.860515 0.070843 1.143076
v 0.856175 0.072365 1.141862
v 0.859935 0.073835 1.144349
v 0.854997 0.075101 1.143310
v 0.859033 0.076502 1.146089
v 0.853433 0.077427 1.145103
v 0.857843 0.078741 1.148229
v 0.851543 0.079255 1.147174
v 0.850332 0.076114 1.140669
v 0.848121 0.078045 1.142215
v 0.845607 0.079419 1.143916
v 0.845845 0.076951 1.135523
v 0.843085 0.078429 1.136476
v 0.844418 0.076092 1.126809
v 0.840093 0.079302 1.137483
v 0.842887 0.080182 1.145706
v 0.836986 0.079538 1.138504
v 0.840066 0.080306 1.147516
v 0.833883 0.079128 1.139499
v 0.837253 0.079786 1.149275
v 0.842292 0.080515 1.156548
v 0.834557 0.078641 1.150914
v 0.840008 0.079255 1.158708
v 0.832082 0.076917 1.152370
v 0.837917 0.077428 1.160619
v 0.846142 0.077939 1.166478
v 0.836099 0.075101 1.162208
v 0.844784 0.075524 1.168319
v 0.834626 0.072365 1.163412
v 0.843689 0.072719 1.169704
v 0.833553 0.069325 1.164185
v 0.842899 0.069632 1.170580
v 0.832922 0.066098 1.164498
v 0.842444 0.066381 1.170913
v 0.832758 0.062808 1.164338
v 0.842342 0.063090 1.170691
v 0.833068 0.059580 1.163711
v 0.842597 0.059887 1.169921
v 0.833838 0.056541 1.162642
v 0.843199 0.056895 1.168633
v 0.835038 0.053805 1.161171
v 0.844124 0.054228 1.166878
v 0.836623 0.051478 1.159357
v 0.845336 0.051989 1.164722
v 0.838531 0.049650 1.157269
v 0.830304 0.050967 1.151598
v 0.846789 0.050264 1.162250
v 0.840688 0.048391 1.154988
v 0.848425 0.049120 1.159556
v 0.843010 0.047749 1.152603
v 0.850181 0.048599 1.156746
v 0.845407 0.047749 1.150206
v 0.851989 0.048723 1.153926
v 0.860640 0.049604 1.156289
v 0.853777 0.049487 1.151207
v 0.861646 0.050477 1.153298
v 0.855478 0.050861 1.148694
v 0.862598 0.051954 1.150538
v 0.863462 0.053979 1.148115
v 0.871665 0.052813 1.151625
v 0.871665 0.054911 1.149069
v 0.871665 0.051255 1.154541
v 0.871665 0.051388 1.150672
v 0.873291 0.050658 1.150184
v 0.871665 0.053699 1.147856
v 0.871665 0.049671 1.153884
v 0.873291 0.048860 1.153548
v 0.871665 0.048614 1.157370
v 0.873291 0.047752 1.157199
v 0.871665 0.048257 1.160995
v 0.871665 0.050295 1.157704
v 0.871665 0.049971 1.160995
v 0.871665 0.050295 1.164285
v 0.859621 0.049368 1.159396
v 0.858628 0.049778 1.162498
v 0.857700 0.050819 1.165477
v 0.856873 0.052451 1.168217
v 0.871665 0.051255 1.167449
v 0.871665 0.052813 1.170365
v 0.871665 0.049671 1.168105
v 0.873291 0.048860 1.168441
v 0.871665 0.048614 1.164619
v 0.871665 0.051388 1.171317
v 0.873291 0.050658 1.171805
v 0.871665 0.053699 1.174133
v 0.873291 0.053078 1.174754
v 0.871665 0.056514 1.176444
v 0.871665 0.054911 1.172921
v 0.871665 0.057467 1.175018
v 0.856180 0.054611 1.170614
v 0.855647 0.057215 1.172574
v 0.855296 0.060165 1.174022
v 0.855140 0.063346 1.174903
v 0.871665 0.060383 1.176577
v 0.871665 0.063546 1.177536
v 0.871665 0.059726 1.178160
v 0.873291 0.059390 1.178972
v 0.871665 0.063212 1.179218
v 0.873291 0.063041 1.180079
v 0.871665 0.066837 1.179575
v 0.873291 0.066837 1.180453
v 0.871665 0.070462 1.179218
v 0.871665 0.066837 1.177860
v 0.871665 0.070127 1.177536
v 0.855186 0.066636 1.175182
v 0.855431 0.069909 1.174850
v 0.855866 0.073040 1.173917
v 0.856474 0.075906 1.172422
v 0.871665 0.073291 1.176577
v 0.871665 0.076207 1.175018
v 0.871665 0.073947 1.178160
v 0.873291 0.074283 1.178972
v 0.871665 0.077159 1.176444
v 0.873291 0.077647 1.177174
v 0.871665 0.079975 1.174133
v 0.873291 0.080596 1.174754
v 0.871665 0.082286 1.171317
v 0.871665 0.078763 1.172921
v 0.871665 0.080860 1.170365
v 0.857232 0.078400 1.170420
v 0.858110 0.080424 1.167990
v 0.847709 0.079870 1.164252
v 0.859075 0.081902 1.165225
v 0.849425 0.081243 1.161728
v 0.860087 0.082775 1.162230
v 0.871665 0.082419 1.167449
v 0.871665 0.083378 1.164285
v 0.871665 0.084003 1.168105
v 0.873291 0.084814 1.168441
v 0.871665 0.085060 1.164619
v 0.873291 0.085921 1.164791
v 0.871665 0.085417 1.160995
v 0.873291 0.086295 1.160995
v 0.871665 0.085060 1.157370
v 0.871665 0.083703 1.160995
v 0.871665 0.083378 1.157704
v 0.861108 0.083011 1.159123
v 0.853033 0.082131 1.156181
v 0.862097 0.082601 1.156023
v 0.854784 0.081611 1.153374
v 0.863017 0.081560 1.153048
v 0.856409 0.080466 1.150688
v 0.863831 0.079928 1.150313
v 0.871665 0.082419 1.154541
v 0.871665 0.080860 1.151625
v 0.871665 0.084003 1.153884
v 0.873291 0.084814 1.153548
v 0.871665 0.082286 1.150672
v 0.873291 0.083016 1.150184
v 0.871665 0.079975 1.147856
v 0.873291 0.080596 1.147236
v 0.871665 0.077159 1.145546
v 0.871665 0.078763 1.149069
v 0.871665 0.076207 1.146971
v 0.864508 0.077768 1.147925
v 0.865023 0.075163 1.145972
v 0.865359 0.072214 1.144531
v 0.865505 0.069033 1.143655
v 0.871665 0.073291 1.145413
v 0.871665 0.070127 1.144453
v 0.871665 0.073947 1.143829
v 0.873291 0.074283 1.143018
v 0.871665 0.070462 1.142772
v 0.873291 0.070633 1.141910
v 0.871665 0.066837 1.142415
v 0.873291 0.066837 1.141536
v 0.871665 0.063212 1.142772
v 0.871665 0.066837 1.144129
v 0.871665 0.063546 1.144453
v 0.865458 0.065742 1.143376
v 0.865218 0.062469 1.143706
v 0.864796 0.059339 1.144633
v 0.864203 0.056472 1.146121
v 0.871665 0.060383 1.145413
v 0.871665 0.057467 1.146971
v 0.871665 0.059726 1.143829
v 0.873291 0.059390 1.143018
v 0.871665 0.056514 1.145546
v 0.873291 0.056026 1.144816
v 0.874410 0.056285 1.145203
v 0.873291 0.053078 1.147236
v 0.874410 0.053407 1.147565
v 0.874874 0.054202 1.148360
v 0.874410 0.051045 1.150443
v 0.874874 0.051980 1.151068
v 0.874410 0.049290 1.153727
v 0.874874 0.050329 1.154157
v 0.874410 0.048209 1.157290
v 0.874874 0.049312 1.157509
v 0.874410 0.047844 1.160995
v 0.874874 0.048969 1.160995
v 0.874410 0.048209 1.164700
v 0.873291 0.047378 1.160995
v 0.873291 0.047752 1.164791
v 0.874874 0.049312 1.164480
v 0.874410 0.049290 1.168263
v 0.874874 0.050329 1.167832
v 0.874410 0.051045 1.171546
v 0.874874 0.051980 1.170922
v 0.874410 0.053407 1.174424
v 0.874874 0.054202 1.173629
v 0.874410 0.056285 1.176786
v 0.874874 0.056910 1.175851
v 0.873291 0.056026 1.177174
v 0.874410 0.059569 1.178541
v 0.874874 0.059999 1.177502
v 0.874410 0.063132 1.179622
v 0.874874 0.063351 1.178519
v 0.874410 0.066837 1.179987
v 0.874874 0.066837 1.178862
v 0.874410 0.070542 1.179622
v 0.874874 0.070323 1.178519
v 0.873291 0.070633 1.180079
v 0.874410 0.074105 1.178541
v 0.874874 0.073674 1.177502
v 0.874410 0.077388 1.176786
v 0.874874 0.076764 1.175851
v 0.874410 0.080266 1.174424
v 0.874874 0.079471 1.173629
v 0.874410 0.082628 1.171546
v 0.874874 0.081693 1.170922
v 0.873291 0.083016 1.171805
v 0.874410 0.084383 1.168263
v 0.874874 0.083344 1.167832
v 0.874410 0.085464 1.164700
v 0.874874 0.084361 1.164480
v 0.874410 0.085829 1.160995
v 0.874874 0.084704 1.160995
v 0.874410 0.085464 1.157290
v 0.874874 0.084361 1.157509
v 0.873291 0.085921 1.157199
v 0.874410 0.084383 1.153727
v 0.874874 0.083344 1.154157
v 0.874410 0.082628 1.150443
v 0.874874 0.081693 1.151068
v 0.874410 0.080266 1.147565
v 0.874874 0.079471 1.148360
v 0.874410 0.077388 1.145203
v 0.874874 0.076764 1.146138
v 0.873291 0.077647 1.144816
v 0.874410 0.074105 1.143448
v 0.874874 0.073674 1.144487
v 0.874410 0.070542 1.142367
v 0.874874 0.070323 1.143470
v 0.874410 0.066837 1.142002
v 0.874874 0.066837 1.143127
v 0.874410 0.063132 1.142367
v 0.874874 0.063351 1.143470
v 0.873291 0.063041 1.141910
v 0.874410 0.059569 1.143448
v 0.874874 0.059999 1.144487
v 0.874874 0.056910 1.146138
v 0.992745 0.059158 1.145413
v 0.992745 0.056242 1.146971
v 0.992745 0.062322 1.144453
v 0.992745 0.065612 1.144129
v 0.992745 0.068902 1.144453
v 0.874874 0.066837 1.144129
v 0.992745 0.072066 1.145413
v 0.992745 0.074982 1.146971
v 0.992745 0.077538 1.149069
v 0.992745 0.079635 1.151625
v 0.992745 0.081194 1.154541
v 0.992745 0.082154 1.157704
v 0.992745 0.082478 1.160995
v 0.992745 0.082154 1.164285
v 0.874874 0.083703 1.160995
v 0.992745 0.081194 1.167449
v 0.992745 0.079635 1.170365
v 0.992745 0.077538 1.172921
v 0.992745 0.074982 1.175018
v 0.992745 0.072066 1.176577
v 0.992745 0.068902 1.177536
v 0.992745 0.065612 1.177860
v 0.992745 0.062322 1.177536
v 0.874874 0.066837 1.177860
v 0.992745 0.059158 1.176577
v 0.992745 0.056242 1.175018
v 0.992745 0.053686 1.172921
v 0.992745 0.051589 1.170365
v 0.992745 0.050030 1.167449
v 0.992745 0.049070 1.164285
v 0.992745 0.048746 1.160995
v 0.992745 0.049070 1.157704
v 0.874874 0.049971 1.160995
v 0.992745 0.050030 1.154541
v 0.992745 0.051589 1.151625
v 0.992745 0.053686 1.149069
v 0.849397 0.080515 1.149443
v 0.847080 0.081157 1.151824
v 0.844680 0.081157 1.154223
v 0.851223 0.082007 1.159002
v 0.851755 0.055149 1.126487
v 0.850084 0.052022 1.125345
v 0.851755 0.055149 1.125345
v 0.849072 0.052699 1.125345
v 0.850630 0.055615 1.125345
v 0.851590 0.058779 1.125345
v 0.851914 0.062069 1.125345
v 0.852784 0.058541 1.125345
v 0.853132 0.062069 1.125345
v 0.852784 0.058541 1.126487
v 0.853132 0.062069 1.126487
v 0.818341 0.068989 1.126487
v 0.820012 0.072115 1.125345
v 0.818341 0.068989 1.125345
v 0.821025 0.071439 1.125345
v 0.819466 0.068523 1.125345
v 1.052361 0.020919 0.976831
v 1.050379 0.027450 0.976831
v 1.050379 0.027450 0.627137
v 1.049710 0.034242 0.976831
v 1.049710 0.034242 0.627137
v 1.050379 0.041035 0.976831
v 1.050379 0.041035 0.627137
v 1.052361 0.047566 0.976831
v 1.052361 0.047566 0.627137
v 1.055578 0.053585 0.976831
v 1.055578 0.053585 0.627137
v 1.059908 0.058861 0.976831
v 1.059908 0.058861 0.627137
v 1.065184 0.063191 0.976831
v 1.065184 0.063191 0.627137
v 1.071203 0.066408 0.976831
v 1.071203 0.066408 0.627137
v 1.077734 0.068390 0.976831
v 1.077734 0.068390 0.627137
v 1.084527 0.069059 0.976831
v 1.084527 0.069059 0.627137
v 1.091319 0.068390 0.976831
v 1.091319 0.068390 0.627137
v 1.097850 0.066408 0.976831
v 1.097850 0.066408 0.627137
v 1.103869 0.063191 0.976831
v 1.103869 0.063191 0.627137
v 1.109145 0.058861 0.976831
v 1.109145 0.058861 0.627137
v 1.113475 0.053585 0.976831
v 1.113475 0.053585 0.627137
v 1.116693 0.047566 0.976831
v 1.116693 0.047566 0.627137
v 1.118674 0.041035 0.976831
v 1.118674 0.041035 0.627137
v 1.119343 0.034242 0.976831
v 1.119343 0.034242 0.627137
v 1.118674 0.027450 0.976831
v 1.182785 0.034242 0.976831
v 1.182785 0.034242 0.828233
v 1.183454 0.041035 0.976831
v 1.185435 0.047566 0.976831
v 1.183525 0.043412 0.827694
v 1.183525 0.040672 0.825445
v 1.183525 0.038423 0.822705
v 1.182070 0.040755 0.825489
v 1.183525 0.039435 0.822028
v 1.183525 0.044089 0.826682
v 1.183525 0.041528 0.799168
v 1.183525 0.038423 0.802612
v 1.182062 0.040900 0.800100
v 1.183525 0.044089 0.798635
v 1.183525 0.039435 0.803288
v 1.183525 0.037877 0.806204
v 1.183525 0.036917 0.809368
v 1.183525 0.036752 0.805738
v 1.183525 0.035723 0.809130
v 1.182383 0.036752 0.805738
v 1.182062 0.037877 0.806204
v 1.182383 0.038423 0.802612
v 1.182383 0.035723 0.809130
v 1.182062 0.036917 0.809368
v 1.182383 0.035375 0.812658
v 1.182062 0.036593 0.812658
v 1.182383 0.035723 0.816186
v 1.183525 0.035375 0.812658
v 1.183525 0.036593 0.812658
v 1.183525 0.035723 0.816186
v 1.183525 0.036752 0.819578
v 1.183525 0.036917 0.815948
v 1.183525 0.037877 0.819112
v 1.182383 0.036752 0.819578
v 1.182062 0.037877 0.819112
v 1.182383 0.038423 0.822705
v 1.182062 0.039435 0.822028
v 1.174536 0.040368 0.823660
v 1.168960 0.041554 0.826154
v 1.175215 0.042527 0.826049
v 1.173721 0.038736 0.820925
v 1.167525 0.039829 0.823693
v 1.172802 0.037695 0.817950
v 1.165901 0.038685 0.821008
v 1.182062 0.036917 0.815948
v 1.171814 0.037284 0.814850
v 1.164151 0.038164 0.818202
v 1.170795 0.037520 0.811744
v 1.162344 0.038289 0.815383
v 1.169785 0.038394 0.808751
v 1.160549 0.039052 0.812659
v 1.168823 0.039871 0.805986
v 1.158836 0.040426 0.810137
v 1.182062 0.039435 0.803288
v 1.167947 0.041895 0.803557
v 1.157272 0.042357 0.807914
v 1.167192 0.044389 0.801557
v 1.155918 0.044771 0.806075
v 1.182062 0.044089 0.798635
v 1.166586 0.047256 0.800063
v 1.154827 0.047576 0.804693
v 1.182062 0.047004 0.797076
v 1.166154 0.050386 0.799132
v 1.154040 0.050663 0.803819
v 1.182062 0.050168 0.796116
v 1.165911 0.053659 0.798800
v 1.153589 0.053915 0.803488
v 1.182062 0.053459 0.795792
v 1.165869 0.056950 0.799081
v 1.153491 0.057205 0.803714
v 1.182062 0.056749 0.796116
v 1.166027 0.060131 0.799963
v 1.153750 0.060408 0.804486
v 1.182062 0.059913 0.797076
v 1.166381 0.063080 0.801412
v 1.154355 0.063400 0.805776
v 1.182062 0.062829 0.798635
v 1.166916 0.065685 0.803374
v 1.155284 0.066067 0.807534
v 1.167612 0.067845 0.805771
v 1.182062 0.066017 0.800100
v 1.183525 0.066246 0.799871
v 1.182383 0.063505 0.797622
v 1.182383 0.068494 0.802612
v 1.182062 0.067482 0.803288
v 1.182062 0.069041 0.806204
v 1.182062 0.070000 0.809368
v 1.168442 0.069476 0.808513
v 1.182383 0.070166 0.805738
v 1.182383 0.071195 0.809130
v 1.183525 0.070166 0.805738
v 1.183525 0.069041 0.806204
v 1.183525 0.071195 0.809130
v 1.183525 0.068494 0.802612
v 1.183525 0.067482 0.803288
v 1.183525 0.070000 0.809368
v 1.183525 0.071542 0.812658
v 1.183525 0.070324 0.812658
v 1.183525 0.071195 0.816186
v 1.182383 0.071542 0.812658
v 1.182062 0.070324 0.812658
v 1.182383 0.071195 0.816186
v 1.182062 0.070000 0.815948
v 1.182383 0.070166 0.819578
v 1.182062 0.069041 0.819112
v 1.182383 0.068494 0.822705
v 1.183525 0.070166 0.819578
v 1.183525 0.069041 0.819112
v 1.183525 0.068494 0.822705
v 1.183525 0.067482 0.822028
v 1.183525 0.066246 0.825445
v 1.183525 0.063505 0.827694
v 1.182101 0.066168 0.825483
v 1.183525 0.062829 0.826682
v 1.183525 0.059913 0.828240
v 1.192983 0.058861 0.828477
v 1.192983 0.058861 0.976831
v 1.192983 0.058861 0.796657
v 1.198258 0.063191 0.826448
v 1.188653 0.053585 0.828233
v 1.188653 0.053585 0.976831
v 1.188653 0.053585 0.795722
v 1.185435 0.047566 0.828233
v 1.183525 0.056749 0.829200
v 1.183525 0.053459 0.829524
v 1.183525 0.056987 0.830394
v 1.183525 0.053459 0.830742
v 1.183525 0.060379 0.829365
v 1.182383 0.056987 0.830394
v 1.182062 0.056749 0.829200
v 1.182383 0.053459 0.830742
v 1.182383 0.060379 0.829365
v 1.182062 0.059913 0.828240
v 1.182383 0.063505 0.827694
v 1.182062 0.062829 0.826682
v 1.174950 0.063823 0.827871
v 1.169533 0.065089 0.829765
v 1.174211 0.066317 0.825878
v 1.175538 0.060956 0.829358
v 1.170601 0.062284 0.831131
v 1.175956 0.057826 0.830281
v 1.171366 0.059197 0.831990
v 1.176188 0.054553 0.830608
v 1.171804 0.055946 0.832312
v 1.182062 0.053459 0.829524
v 1.176229 0.051263 0.830327
v 1.171899 0.052655 0.832084
v 1.182062 0.050168 0.829200
v 1.176076 0.048082 0.829447
v 1.171649 0.049452 0.831317
v 1.182062 0.047004 0.828240
v 1.175734 0.045132 0.828003
v 1.171060 0.046460 0.830039
v 1.182062 0.044089 0.826682
v 1.182383 0.043412 0.827694
v 1.182383 0.046538 0.829365
v 1.182383 0.049931 0.830394
v 1.183525 0.046538 0.829365
v 1.183525 0.047004 0.828240
v 1.183525 0.049931 0.830394
v 1.183525 0.050168 0.829200
v 1.167767 0.047930 0.832985
v 1.170153 0.043793 0.828296
v 1.166584 0.045195 0.831533
v 1.164214 0.046596 0.835969
v 1.165017 0.042868 0.829737
v 1.162388 0.044182 0.834634
v 1.163125 0.041040 0.827665
v 1.160177 0.042251 0.833087
v 1.160980 0.039781 0.825396
v 1.157663 0.040877 0.831387
v 1.158664 0.039139 0.823017
v 1.154944 0.040113 0.829598
v 1.156268 0.039139 0.820620
v 1.152125 0.039989 0.827791
v 1.153883 0.039781 0.818298
v 1.149314 0.040510 0.826035
v 1.151602 0.041040 0.816141
v 1.146621 0.041654 0.824399
v 1.149514 0.042868 0.814233
v 1.144148 0.043379 0.822946
v 1.147699 0.045195 0.812648
v 1.141993 0.045618 0.821734
v 1.146229 0.047930 0.811448
v 1.140238 0.048285 0.820809
v 1.145160 0.050970 0.810678
v 1.138950 0.051277 0.820207
v 1.144533 0.054197 0.810368
v 1.138180 0.054480 0.819952
v 1.144373 0.057488 0.810532
v 1.137957 0.057771 0.820054
v 1.144685 0.060715 0.811163
v 1.138290 0.061022 0.820509
v 1.145459 0.063755 0.812235
v 1.139166 0.064109 0.821299
v 1.146663 0.066491 0.813709
v 1.140552 0.066914 0.822394
v 1.148252 0.068817 0.815527
v 1.142393 0.069328 0.823752
v 1.156500 0.068306 0.809692
v 1.150163 0.070645 0.817618
v 1.144619 0.071259 0.825319
v 1.157956 0.070031 0.812167
v 1.152323 0.071904 0.819902
v 1.147143 0.072633 0.827035
v 1.159596 0.071176 0.814863
v 1.154647 0.072546 0.822290
v 1.149868 0.073397 0.828833
v 1.161355 0.071696 0.817676
v 1.157047 0.072546 0.824690
v 1.152689 0.073521 0.830643
v 1.163165 0.071572 0.820497
v 1.159427 0.071904 0.827007
v 1.155497 0.073000 0.832394
v 1.164955 0.070808 0.823217
v 1.161697 0.070645 0.829152
v 1.158182 0.071856 0.834019
v 1.166656 0.069435 0.825731
v 1.163768 0.068817 0.831043
v 1.160642 0.070131 0.835453
v 1.168202 0.067504 0.827941
v 1.165561 0.066491 0.832607
v 1.162782 0.067892 0.836643
v 1.167009 0.063755 0.833785
v 1.164521 0.065225 0.837545
v 1.168058 0.060715 0.834535
v 1.165794 0.062233 0.838125
v 1.168672 0.057488 0.834832
v 1.166555 0.059030 0.838367
v 1.168829 0.054197 0.834665
v 1.166776 0.055739 0.838262
v 1.168524 0.050970 0.834042
v 1.166448 0.052488 0.837815
v 1.165164 0.053859 0.842828
v 1.165584 0.049401 0.837042
v 1.164238 0.050729 0.842406
v 1.163458 0.051772 0.849275
v 1.162750 0.047862 0.841813
v 1.161899 0.048856 0.849275
v 1.160756 0.045368 0.841072
v 1.159802 0.046301 0.849275
v 1.158332 0.043344 0.840208
v 1.157246 0.044203 0.849275
v 1.155572 0.041867 0.839255
v 1.154330 0.042645 0.849275
v 1.152581 0.040993 0.838250
v 1.151166 0.041685 0.849275
v 1.149475 0.040757 0.837231
v 1.147876 0.041361 0.849275
v 1.146372 0.041168 0.836238
v 1.144586 0.041685 0.849275
v 1.143394 0.042209 0.835310
v 1.141422 0.042645 0.849275
v 1.140653 0.043841 0.834483
v 1.138506 0.044203 0.849275
v 1.138257 0.046000 0.833790
v 1.135950 0.046301 0.849275
v 1.136297 0.048605 0.833257
v 1.133852 0.048856 0.849275
v 1.134849 0.051554 0.832906
v 1.132294 0.051772 0.849275
v 1.133968 0.054736 0.832750
v 1.131334 0.054936 0.849275
v 1.133688 0.058026 0.832796
v 1.131010 0.058227 0.849275
v 1.134021 0.061299 0.833040
v 1.131334 0.061517 0.849275
v 1.134953 0.064429 0.833476
v 1.132294 0.064681 0.849275
v 1.136449 0.067296 0.834084
v 1.133852 0.067597 0.849275
v 1.138450 0.069790 0.834842
v 1.135950 0.070152 0.849275
v 1.140881 0.071814 0.835720
v 1.138506 0.072250 0.849275
v 1.143646 0.073291 0.836684
v 1.141422 0.073809 0.849275
v 1.146640 0.074165 0.837697
v 1.144586 0.074768 0.849275
v 1.149747 0.074401 0.838718
v 1.147876 0.075092 0.849275
v 1.152848 0.073990 0.839707
v 1.151166 0.074768 0.849275
v 1.155823 0.072949 0.840627
v 1.154330 0.073809 0.849275
v 1.158557 0.071318 0.841441
v 1.157246 0.072250 0.849275
v 1.160946 0.069158 0.842118
v 1.159802 0.070152 0.849275
v 1.162898 0.066553 0.842633
v 1.161899 0.067597 0.849275
v 1.164340 0.063604 0.842969
v 1.163458 0.064681 0.849275
v 1.165216 0.060423 0.843115
v 1.164418 0.061517 0.849275
v 1.165494 0.057132 0.843068
v 1.164742 0.058227 0.849275
v 1.164418 0.054936 0.849275
v 1.166456 0.058227 0.849275
v 1.167334 0.058227 0.850901
v 1.166099 0.061851 0.849275
v 1.166099 0.054602 0.849275
v 1.166960 0.054430 0.850901
v 1.165042 0.051116 0.849275
v 1.165853 0.050780 0.850901
v 1.163325 0.047904 0.849275
v 1.164055 0.047416 0.850901
v 1.161014 0.045088 0.849275
v 1.161635 0.044468 0.850901
v 1.158198 0.042778 0.849275
v 1.158686 0.042048 0.850901
v 1.154986 0.041061 0.849275
v 1.155322 0.040249 0.850901
v 1.151501 0.040003 0.849275
v 1.151672 0.039142 0.850901
v 1.147876 0.039646 0.849275
v 1.147876 0.038768 0.850901
v 1.144251 0.040003 0.849275
v 1.144080 0.039142 0.850901
v 1.140766 0.041061 0.849275
v 1.140429 0.040249 0.850901
v 1.137553 0.042778 0.849275
v 1.137065 0.042048 0.850901
v 1.134738 0.045088 0.849275
v 1.134117 0.044468 0.850901
v 1.132427 0.047904 0.849275
v 1.131697 0.047416 0.850901
v 1.130710 0.051116 0.849275
v 1.129899 0.050780 0.850901
v 1.129653 0.054602 0.849275
v 1.128792 0.054430 0.850901
v 1.129296 0.058227 0.849275
v 1.128418 0.058227 0.850901
v 1.129653 0.061851 0.849275
v 1.128792 0.062023 0.850901
v 1.130710 0.065337 0.849275
v 1.129899 0.065673 0.850901
v 1.132427 0.068549 0.849275
v 1.131697 0.069037 0.850901
v 1.134738 0.071365 0.849275
v 1.134117 0.071986 0.850901
v 1.137553 0.073675 0.849275
v 1.137065 0.074406 0.850901
v 1.140766 0.075392 0.849275
v 1.140429 0.076204 0.850901
v 1.144251 0.076450 0.849275
v 1.144080 0.077311 0.850901
v 1.147876 0.076807 0.849275
v 1.147876 0.077685 0.850901
v 1.151501 0.076450 0.849275
v 1.151672 0.077311 0.850901
v 1.154986 0.075392 0.849275
v 1.155322 0.076204 0.850901
v 1.158198 0.073675 0.849275
v 1.158686 0.074406 0.850901
v 1.161014 0.071365 0.849275
v 1.161635 0.071986 0.850901
v 1.163325 0.068549 0.849275
v 1.164055 0.069037 0.850901
v 1.165042 0.065337 0.849275
v 1.165853 0.065673 0.850901
v 1.165423 0.065495 0.852020
v 1.166960 0.062023 0.850901
v 1.166503 0.061932 0.852020
v 1.166868 0.058227 0.852020
v 1.165744 0.058227 0.852484
v 1.166503 0.054521 0.852020
v 1.165423 0.050958 0.852020
v 1.163668 0.047675 0.852020
v 1.161306 0.044797 0.852020
v 1.158427 0.042435 0.852020
v 1.155144 0.040680 0.852020
v 1.151581 0.039599 0.852020
v 1.147876 0.039234 0.852020
v 1.147876 0.040359 0.852484
v 1.144171 0.039599 0.852020
v 1.140608 0.040680 0.852020
v 1.137324 0.042435 0.852020
v 1.134446 0.044797 0.852020
v 1.132084 0.047675 0.852020
v 1.130329 0.050958 0.852020
v 1.129248 0.054521 0.852020
v 1.128883 0.058227 0.852020
v 1.130008 0.058227 0.852484
v 1.129248 0.061932 0.852020
v 1.130329 0.065495 0.852020
v 1.132084 0.068778 0.852020
v 1.134446 0.071656 0.852020
v 1.137324 0.074018 0.852020
v 1.140608 0.075773 0.852020
v 1.144171 0.076854 0.852020
v 1.147876 0.077219 0.852020
v 1.147876 0.076094 0.852484
v 1.151581 0.076854 0.852020
v 1.155144 0.075773 0.852020
v 1.158427 0.074018 0.852020
v 1.161306 0.071656 0.852020
v 1.163668 0.068778 0.852020
v 1.161899 0.067597 0.852484
v 1.159802 0.070152 0.852484
v 1.163458 0.064681 0.852484
v 1.161899 0.067597 0.970355
v 1.159802 0.070152 0.970355
v 1.163458 0.064681 0.970355
v 1.164418 0.061517 0.970355
v 1.164742 0.058227 0.970355
v 1.164418 0.061517 0.852484
v 1.164742 0.058227 0.852484
v 1.164418 0.054936 0.852484
v 1.163458 0.051772 0.852484
v 1.164418 0.054936 0.970355
v 1.163458 0.051772 0.970355
v 1.161899 0.048856 0.970355
v 1.159802 0.046301 0.970355
v 1.161899 0.048856 0.852484
v 1.159802 0.046301 0.852484
v 1.157246 0.044203 0.852484
v 1.154330 0.042645 0.852484
v 1.157246 0.044203 0.970355
v 1.154330 0.042645 0.970355
v 1.151166 0.041685 0.970355
v 1.147876 0.041361 0.970355
v 1.151166 0.041685 0.852484
v 1.147876 0.041361 0.852484
v 1.144586 0.041685 0.852484
v 1.141422 0.042645 0.852484
v 1.144586 0.041685 0.970355
v 1.141422 0.042645 0.970355
v 1.138506 0.044203 0.970355
v 1.135950 0.046301 0.970355
v 1.138506 0.044203 0.852484
v 1.135950 0.046301 0.852484
v 1.133852 0.048856 0.852484
v 1.132294 0.051772 0.852484
v 1.133852 0.048856 0.970355
v 1.132294 0.051772 0.970355
v 1.131334 0.054936 0.970355
v 1.131010 0.058227 0.970355
v 1.131334 0.054936 0.852484
v 1.131010 0.058227 0.852484
v 1.131334 0.061517 0.852484
v 1.132294 0.064681 0.852484
v 1.131334 0.061517 0.970355
v 1.132294 0.064681 0.970355
v 1.133852 0.067597 0.970355
v 1.135950 0.070152 0.970355
v 1.133852 0.067597 0.852484
v 1.135950 0.070152 0.852484
v 1.138506 0.072250 0.852484
v 1.141422 0.073809 0.852484
v 1.138506 0.072250 0.970355
v 1.141422 0.073809 0.970355
v 1.144586 0.074768 0.970355
v 1.147876 0.075092 0.970355
v 1.144586 0.074768 0.852484
v 1.147876 0.075092 0.852484
v 1.151166 0.074768 0.852484
v 1.154330 0.073809 0.852484
v 1.151166 0.074768 0.970355
v 1.154330 0.073809 0.970355
v 1.157246 0.072250 0.970355
v 1.157246 0.072250 0.852484
v 1.173348 0.068341 0.823455
v 1.172395 0.069818 0.820695
v 1.182062 0.067482 0.822028
v 1.171388 0.070692 0.817703
v 1.170367 0.070928 0.814596
v 1.169372 0.070518 0.811493
v 1.185435 0.047566 0.796903
v 1.185435 0.047566 0.627137
v 1.183525 0.047004 0.797076
v 1.183525 0.050168 0.796116
v 1.183525 0.046538 0.795951
v 1.183525 0.049931 0.794922
v 1.183525 0.043412 0.797622
v 1.182383 0.046538 0.795951
v 1.182383 0.049931 0.794922
v 1.182383 0.043412 0.797622
v 1.182383 0.053459 0.794575
v 1.182383 0.056987 0.794922
v 1.183525 0.053459 0.794575
v 1.183525 0.056987 0.794922
v 1.183525 0.053459 0.795792
v 1.183525 0.056749 0.796116
v 1.183525 0.059913 0.797076
v 1.183525 0.062829 0.798635
v 1.183525 0.060379 0.795951
v 1.183525 0.063505 0.797622
v 1.182383 0.060379 0.795951
v 1.183454 0.041035 0.627137
v 1.188653 0.053585 0.627137
v 1.192983 0.058861 0.627137
v 1.198258 0.063191 0.627137
v 1.204278 0.066408 0.627137
v 1.198258 0.063191 0.798922
v 1.204278 0.066408 0.802012
v 1.204278 0.066408 0.823258
v 1.210809 0.068390 0.812628
v 1.210809 0.068390 0.627137
v 1.217601 0.069059 0.797543
v 1.210809 0.068390 0.976831
v 1.217601 0.069059 0.828233
v 1.217601 0.069059 0.976831
v 1.224394 0.068390 0.828233
v 1.224394 0.068390 0.976831
v 1.224394 0.068390 0.797543
v 1.230925 0.066408 0.828233
v 1.230925 0.066408 0.976831
v 1.230925 0.066408 0.797543
v 1.236944 0.063191 0.828233
v 1.236944 0.063191 0.976831
v 1.236944 0.063191 0.797543
v 1.242220 0.058861 0.828233
v 1.242220 0.058861 0.976831
v 1.242220 0.058861 0.797543
v 1.246550 0.053585 0.828233
v 1.246550 0.053585 0.976831
v 1.246550 0.053585 0.797543
v 1.249767 0.047566 0.828233
v 1.249767 0.047566 0.976831
v 1.249767 0.047566 0.797543
v 1.251749 0.041035 0.828233
v 1.251749 0.041035 0.976831
v 1.251749 0.041035 0.797543
v 1.251749 0.041035 0.627137
v 1.249767 0.047566 0.627137
v 1.246550 0.053585 0.627137
v 1.242220 0.058861 0.627137
v 1.236944 0.063191 0.627137
v 1.230925 0.066408 0.627137
v 1.224394 0.068390 0.627137
v 1.217601 0.069059 0.627137
v 1.204278 0.066408 0.976831
v 1.198258 0.063191 0.976831
v 1.183525 0.070000 0.815948
v 1.182785 0.034242 0.627137
v 1.182785 0.034242 0.797543
v 1.184902 0.022851 -0.635950
v 1.184902 0.022851 -0.985644
v 1.184234 0.029644 -0.635950
v 1.184234 0.029644 -0.985644
v 1.184902 0.036436 -0.635950
v 1.184902 0.036436 -0.985644
v 1.186884 0.042967 -0.635950
v 1.186884 0.042967 -0.985644
v 1.190101 0.048987 -0.635950
v 1.190101 0.048987 -0.985644
v 1.194431 0.054263 -0.635950
v 1.194431 0.054263 -0.985644
v 1.199707 0.058592 -0.635950
v 1.199707 0.058592 -0.985644
v 1.205726 0.061810 -0.635950
v 1.205726 0.061810 -0.985644
v 1.212258 0.063791 -0.635950
v 1.212258 0.063791 -0.985644
v 1.219050 0.064460 -0.635950
v 1.219050 0.064460 -0.985644
v 1.225842 0.063791 -0.635950
v 1.225842 0.063791 -0.985644
v 1.232373 0.061810 -0.635950
v 1.232373 0.061810 -0.985644
v 1.238393 0.058592 -0.635950
v 1.238393 0.058592 -0.985644
v 1.243668 0.054263 -0.635950
v 1.243668 0.054263 -0.985644
v 1.247998 0.048987 -0.635950
v 1.247998 0.048987 -0.985644
v 1.251216 0.042967 -0.635950
v 1.251216 0.042967 -0.985644
v 1.253197 0.036436 -0.635950
v 1.253197 0.036436 -0.985644
v 1.253866 0.029644 -0.635950
v 1.253866 0.029644 -0.985644
v 1.253197 0.022851 -0.635950
v 1.253197 0.022851 -0.985644
v 1.120122 0.022851 -0.985644
v 1.120122 0.022851 -0.837047
v 1.120791 0.029644 -0.985644
v 1.120791 0.029644 -0.837047
v 1.120122 0.036436 -0.985644
v 1.118141 0.042967 -0.985644
v 1.120051 0.036929 -0.834961
v 1.120051 0.038814 -0.836507
v 1.120051 0.033824 -0.831518
v 1.121507 0.036157 -0.834303
v 1.120051 0.034837 -0.830842
v 1.120051 0.039490 -0.835495
v 1.120051 0.036930 -0.807982
v 1.120051 0.038814 -0.806436
v 1.120122 0.036436 -0.635950
v 1.120051 0.033824 -0.811425
v 1.121514 0.036302 -0.808913
v 1.120051 0.034837 -0.812101
v 1.120051 0.039490 -0.807448
v 1.120051 0.042406 -0.805890
v 1.118141 0.042967 -0.805717
v 1.118141 0.042967 -0.837047
v 1.118141 0.042967 -0.635950
v 1.114924 0.048987 -0.804536
v 1.114924 0.048987 -0.837047
v 1.114924 0.048987 -0.635950
v 1.110594 0.054263 -0.805471
v 1.120051 0.048860 -0.804606
v 1.120051 0.052150 -0.804930
v 1.120051 0.045570 -0.804930
v 1.120051 0.048860 -0.803388
v 1.120051 0.052388 -0.803736
v 1.120051 0.045332 -0.803736
v 1.121193 0.048860 -0.803388
v 1.121514 0.048860 -0.804606
v 1.121193 0.052388 -0.803736
v 1.121193 0.045332 -0.803736
v 1.121514 0.045570 -0.804930
v 1.121193 0.041940 -0.804765
v 1.121514 0.042406 -0.805890
v 1.121193 0.038814 -0.806436
v 1.120051 0.041940 -0.804765
v 1.121514 0.039490 -0.807448
v 1.136384 0.039790 -0.810370
v 1.147658 0.040173 -0.814889
v 1.135629 0.037297 -0.812370
v 1.136990 0.042657 -0.808876
v 1.148749 0.042977 -0.813506
v 1.137423 0.045788 -0.807945
v 1.149536 0.046065 -0.812632
v 1.137665 0.049061 -0.807613
v 1.149987 0.049316 -0.812302
v 1.137708 0.052351 -0.807894
v 1.150085 0.052606 -0.812527
v 1.121514 0.052150 -0.804930
v 1.137549 0.055532 -0.808776
v 1.149827 0.055809 -0.813300
v 1.121514 0.055314 -0.805890
v 1.137195 0.058482 -0.810226
v 1.149221 0.058802 -0.814590
v 1.121514 0.058230 -0.807448
v 1.136660 0.061086 -0.812187
v 1.148292 0.061469 -0.816348
v 1.135964 0.063246 -0.814585
v 1.121514 0.061419 -0.808913
v 1.120051 0.061647 -0.808685
v 1.121193 0.058907 -0.806436
v 1.121193 0.063896 -0.811425
v 1.121514 0.062883 -0.812101
v 1.121514 0.064442 -0.815017
v 1.121514 0.065402 -0.818181
v 1.135135 0.064878 -0.817326
v 1.121193 0.065567 -0.814551
v 1.121193 0.066596 -0.817944
v 1.120051 0.065567 -0.814551
v 1.120051 0.064442 -0.815017
v 1.120051 0.066596 -0.817944
v 1.120051 0.063896 -0.811425
v 1.120051 0.062883 -0.812101
v 1.120051 0.065402 -0.818181
v 1.120051 0.066943 -0.821472
v 1.120051 0.065726 -0.821472
v 1.120051 0.066596 -0.824999
v 1.121193 0.066943 -0.821472
v 1.121514 0.065726 -0.821472
v 1.121193 0.066596 -0.824999
v 1.121514 0.065402 -0.824762
v 1.121193 0.065567 -0.828392
v 1.121514 0.064442 -0.827926
v 1.121193 0.063896 -0.831518
v 1.120051 0.065567 -0.828392
v 1.120051 0.064442 -0.827926
v 1.120051 0.063896 -0.831518
v 1.120051 0.062883 -0.830842
v 1.120051 0.061647 -0.834258
v 1.120051 0.058907 -0.836507
v 1.121475 0.061569 -0.834296
v 1.120051 0.058230 -0.835495
v 1.120051 0.055314 -0.837054
v 1.110594 0.054263 -0.837290
v 1.110594 0.054263 -0.985644
v 1.105318 0.058592 -0.835261
v 1.105318 0.058592 -0.985644
v 1.105318 0.058592 -0.807735
v 1.099298 0.061810 -0.832071
v 1.099298 0.061810 -0.985644
v 1.099299 0.061810 -0.810826
v 1.120051 0.065402 -0.824762
v 1.092767 0.063791 -0.821441
v 1.092767 0.063791 -0.635950
v 1.085975 0.064460 -0.806356
v 1.092767 0.063791 -0.985644
v 1.085975 0.064460 -0.837047
v 1.085975 0.064460 -0.985644
v 1.079183 0.063791 -0.837047
v 1.079183 0.063791 -0.985644
v 1.079183 0.063791 -0.806356
v 1.072651 0.061810 -0.837047
v 1.072651 0.061810 -0.985644
v 1.072651 0.061810 -0.806356
v 1.066632 0.058592 -0.837047
v 1.066632 0.058592 -0.985644
v 1.066632 0.058592 -0.806356
v 1.061356 0.054263 -0.837047
v 1.061356 0.054263 -0.985644
v 1.061356 0.054263 -0.806356
v 1.057026 0.048987 -0.837047
v 1.057026 0.048987 -0.985644
v 1.057026 0.048987 -0.806356
v 1.053809 0.042967 -0.837047
v 1.053809 0.042967 -0.985644
v 1.053809 0.042967 -0.806356
v 1.051828 0.036436 -0.837047
v 1.051828 0.036436 -0.985644
v 1.051828 0.036436 -0.806356
v 1.051159 0.029644 -0.837047
v 1.051159 0.029644 -0.985644
v 1.051159 0.029644 -0.806356
v 1.051828 0.022851 -0.837047
v 1.051828 0.022851 -0.985644
v 1.051828 0.022851 -0.806356
v 1.051828 0.022851 -0.635950
v 1.051159 0.029644 -0.635950
v 1.051828 0.036436 -0.635950
v 1.053809 0.042967 -0.635950
v 1.057026 0.048987 -0.635950
v 1.061356 0.054263 -0.635950
v 1.066632 0.058592 -0.635950
v 1.072651 0.061810 -0.635950
v 1.079183 0.063791 -0.635950
v 1.085975 0.064460 -0.635950
v 1.099298 0.061810 -0.635950
v 1.105318 0.058592 -0.635950
v 1.110594 0.054263 -0.635950
v 1.114924 0.048987 -0.985644
v 1.120051 0.052150 -0.838013
v 1.120051 0.055780 -0.838178
v 1.120051 0.052388 -0.839207
v 1.121193 0.055780 -0.838178
v 1.121514 0.055314 -0.837054
v 1.121193 0.052388 -0.839207
v 1.121193 0.058907 -0.836507
v 1.121514 0.058230 -0.835495
v 1.128626 0.059225 -0.836684
v 1.134043 0.060491 -0.838578
v 1.129366 0.061718 -0.834692
v 1.128038 0.056358 -0.838171
v 1.132975 0.057686 -0.839945
v 1.127620 0.053228 -0.839095
v 1.132210 0.054599 -0.840804
v 1.121514 0.052150 -0.838013
v 1.127388 0.049954 -0.839422
v 1.131772 0.051347 -0.841125
v 1.121514 0.048860 -0.838337
v 1.127348 0.046664 -0.839140
v 1.131677 0.048057 -0.840898
v 1.121514 0.045570 -0.838013
v 1.127500 0.043483 -0.838261
v 1.131928 0.044854 -0.840130
v 1.121514 0.042406 -0.837054
v 1.127842 0.040533 -0.836817
v 1.132516 0.041862 -0.838852
v 1.121514 0.039490 -0.835495
v 1.128361 0.037929 -0.834863
v 1.133423 0.039195 -0.837109
v 1.129040 0.035769 -0.832473
v 1.134616 0.036956 -0.834967
v 1.121514 0.034837 -0.830842
v 1.129855 0.034137 -0.829738
v 1.136052 0.035231 -0.832507
v 1.121514 0.033278 -0.827926
v 1.130774 0.033096 -0.826764
v 1.137675 0.034086 -0.829822
v 1.121514 0.032318 -0.824762
v 1.131762 0.032686 -0.823663
v 1.139425 0.033566 -0.827015
v 1.121514 0.031994 -0.821472
v 1.132781 0.032922 -0.820557
v 1.141232 0.033690 -0.824196
v 1.133792 0.033795 -0.817564
v 1.121514 0.032318 -0.818181
v 1.121514 0.033278 -0.815017
v 1.121193 0.031124 -0.817944
v 1.121193 0.032153 -0.814551
v 1.121193 0.030777 -0.821472
v 1.120051 0.031124 -0.817944
v 1.120051 0.032318 -0.818181
v 1.120051 0.032153 -0.814551
v 1.120051 0.030777 -0.821472
v 1.120051 0.031994 -0.821472
v 1.120051 0.031124 -0.824999
v 1.120051 0.032153 -0.828392
v 1.120051 0.032318 -0.824762
v 1.121193 0.031124 -0.824999
v 1.121193 0.032153 -0.828392
v 1.121193 0.033824 -0.831518
v 1.120051 0.033278 -0.827926
v 1.120051 0.033278 -0.815017
v 1.121193 0.033824 -0.811425
v 1.121514 0.034837 -0.812101
v 1.134753 0.035273 -0.814800
v 1.144740 0.035827 -0.818951
v 1.151975 0.036441 -0.824955
v 1.143028 0.034454 -0.821473
v 1.146304 0.037758 -0.816727
v 1.154063 0.038269 -0.823047
v 1.159428 0.038780 -0.831760
v 1.155877 0.040596 -0.821462
v 1.161583 0.041019 -0.830547
v 1.157347 0.043332 -0.820261
v 1.163339 0.043686 -0.829622
v 1.158416 0.046372 -0.819491
v 1.164626 0.046679 -0.829020
v 1.159043 0.049599 -0.819182
v 1.165396 0.049882 -0.828765
v 1.159204 0.052889 -0.819346
v 1.165619 0.053172 -0.828867
v 1.158891 0.056116 -0.819976
v 1.165286 0.056423 -0.829322
v 1.158118 0.059156 -0.821049
v 1.164410 0.059511 -0.830112
v 1.156913 0.061892 -0.822523
v 1.163025 0.062315 -0.831207
v 1.155325 0.064219 -0.824340
v 1.161183 0.064730 -0.832565
v 1.147076 0.063708 -0.818506
v 1.153414 0.066047 -0.826432
v 1.158958 0.066661 -0.834132
v 1.145620 0.065433 -0.820980
v 1.151254 0.067306 -0.828716
v 1.156433 0.068035 -0.835848
v 1.143981 0.066577 -0.823676
v 1.148929 0.067948 -0.831104
v 1.153708 0.068798 -0.837646
v 1.142222 0.067097 -0.826489
v 1.146530 0.067948 -0.833503
v 1.150887 0.068922 -0.839456
v 1.140412 0.066973 -0.829310
v 1.144149 0.067306 -0.835820
v 1.148080 0.068402 -0.841208
v 1.138621 0.066210 -0.832030
v 1.141879 0.066047 -0.837966
v 1.145394 0.067257 -0.842832
v 1.136920 0.064836 -0.834544
v 1.139808 0.064219 -0.839857
v 1.142934 0.065532 -0.844267
v 1.135375 0.062905 -0.836755
v 1.138015 0.061892 -0.841421
v 1.140794 0.063294 -0.845457
v 1.136568 0.059156 -0.842599
v 1.139055 0.060627 -0.846358
v 1.135518 0.056116 -0.843349
v 1.137782 0.057634 -0.846939
v 1.134904 0.052889 -0.843645
v 1.137021 0.054431 -0.847180
v 1.134747 0.049599 -0.843478
v 1.136801 0.051141 -0.847075
v 1.135052 0.046372 -0.842855
v 1.137128 0.047890 -0.846628
v 1.135809 0.043332 -0.841799
v 1.137993 0.044802 -0.845855
v 1.136992 0.040596 -0.840346
v 1.139363 0.041998 -0.844782
v 1.138559 0.038269 -0.838550
v 1.141188 0.039583 -0.843448
v 1.140451 0.036441 -0.836478
v 1.143400 0.037652 -0.841901
v 1.142596 0.035182 -0.834209
v 1.145913 0.036278 -0.840200
v 1.144912 0.034540 -0.831830
v 1.148632 0.035515 -0.838412
v 1.147309 0.034540 -0.829433
v 1.151451 0.035391 -0.836604
v 1.149694 0.035182 -0.827111
v 1.154262 0.035911 -0.834848
v 1.157204 0.036569 -0.845051
v 1.156956 0.037056 -0.833212
v 1.160182 0.037610 -0.844123
v 1.162923 0.039242 -0.843296
v 1.162155 0.038046 -0.858088
v 1.158991 0.037086 -0.858088
v 1.165071 0.039605 -0.858088
v 1.162811 0.036462 -0.858088
v 1.163147 0.035651 -0.859714
v 1.159325 0.035405 -0.858088
v 1.166023 0.038179 -0.858088
v 1.166511 0.037449 -0.859714
v 1.168839 0.040490 -0.858088
v 1.169459 0.039869 -0.859714
v 1.171149 0.043305 -0.858088
v 1.167626 0.041702 -0.858088
v 1.169724 0.044258 -0.858088
v 1.165319 0.041402 -0.842603
v 1.167279 0.044006 -0.842071
v 1.168728 0.046956 -0.841720
v 1.169608 0.050137 -0.841564
v 1.171282 0.047174 -0.858088
v 1.172242 0.050338 -0.858088
v 1.172866 0.046518 -0.858088
v 1.173677 0.046182 -0.859714
v 1.173923 0.050003 -0.858088
v 1.174785 0.049832 -0.859714
v 1.174281 0.053628 -0.858088
v 1.175159 0.053628 -0.859714
v 1.173923 0.057253 -0.858088
v 1.172566 0.053628 -0.858088
v 1.172242 0.056918 -0.858088
v 1.169888 0.053427 -0.841609
v 1.169555 0.056701 -0.841854
v 1.168623 0.059831 -0.842289
v 1.167127 0.062698 -0.842897
v 1.171282 0.060082 -0.858088
v 1.169724 0.062998 -0.858088
v 1.172866 0.060738 -0.858088
v 1.173677 0.061074 -0.859714
v 1.171149 0.063951 -0.858088
v 1.171879 0.064438 -0.859714
v 1.168839 0.066766 -0.858088
v 1.169459 0.067387 -0.859714
v 1.166023 0.069077 -0.858088
v 1.167626 0.065554 -0.858088
v 1.165071 0.067651 -0.858088
v 1.165126 0.065191 -0.843655
v 1.162696 0.067216 -0.844534
v 1.159930 0.068693 -0.845498
v 1.156936 0.069566 -0.846510
v 1.162155 0.069210 -0.858088
v 1.158991 0.070170 -0.858088
v 1.162811 0.070794 -0.858088
v 1.163147 0.071605 -0.859714
v 1.159325 0.071851 -0.858088
v 1.159496 0.072712 -0.859714
v 1.155700 0.072208 -0.858088
v 1.155700 0.073086 -0.859714
v 1.152076 0.071851 -0.858088
v 1.155700 0.070494 -0.858088
v 1.152410 0.070170 -0.858088
v 1.153829 0.069802 -0.847531
v 1.150728 0.069392 -0.848521
v 1.147753 0.068351 -0.849440
v 1.145019 0.066719 -0.850254
v 1.149246 0.069210 -0.858088
v 1.146330 0.067651 -0.858088
v 1.148590 0.070794 -0.858088
v 1.148254 0.071605 -0.859714
v 1.145378 0.069077 -0.858088
v 1.144890 0.069807 -0.859714
v 1.142562 0.066766 -0.858088
v 1.141941 0.067387 -0.859714
v 1.140252 0.063951 -0.858088
v 1.143774 0.065554 -0.858088
v 1.141677 0.062998 -0.858088
v 1.142630 0.064559 -0.850931
v 1.140678 0.061955 -0.851446
v 1.139237 0.059005 -0.851782
v 1.138360 0.055824 -0.851928
v 1.140118 0.060082 -0.858088
v 1.139159 0.056918 -0.858088
v 1.138535 0.060738 -0.858088
v 1.137723 0.061074 -0.859714
v 1.137477 0.057253 -0.858088
v 1.136616 0.057424 -0.859714
v 1.137120 0.053628 -0.858088
v 1.136242 0.053628 -0.859714
v 1.137477 0.050003 -0.858088
v 1.138835 0.053628 -0.858088
v 1.139159 0.050338 -0.858088
v 1.138082 0.052534 -0.851881
v 1.138412 0.049260 -0.851642
v 1.139338 0.046130 -0.851219
v 1.140827 0.043263 -0.850626
v 1.140118 0.047174 -0.858088
v 1.141677 0.044258 -0.858088
v 1.138535 0.046518 -0.858088
v 1.137723 0.046182 -0.859714
v 1.140252 0.043305 -0.858088
v 1.139521 0.042818 -0.859714
v 1.142562 0.040490 -0.858088
v 1.141941 0.039869 -0.859714
v 1.145378 0.038179 -0.858088
v 1.143774 0.041702 -0.858088
v 1.146330 0.039605 -0.858088
v 1.142820 0.040770 -0.849885
v 1.145244 0.038745 -0.849022
v 1.148004 0.037268 -0.848069
v 1.150995 0.036395 -0.847063
v 1.149246 0.038046 -0.858088
v 1.152410 0.037086 -0.858088
v 1.148590 0.036462 -0.858088
v 1.148254 0.035651 -0.859714
v 1.152076 0.035405 -0.858088
v 1.151904 0.034544 -0.859714
v 1.155700 0.035048 -0.858088
v 1.155700 0.034170 -0.859714
v 1.155700 0.036762 -0.858088
v 1.154101 0.036159 -0.846044
v 1.155700 0.034636 -0.860834
v 1.159496 0.034544 -0.859714
v 1.159406 0.035001 -0.860834
v 1.159186 0.036104 -0.861297
v 1.162968 0.036081 -0.860834
v 1.162538 0.037120 -0.861297
v 1.166252 0.037836 -0.860834
v 1.165627 0.038772 -0.861297
v 1.169130 0.040198 -0.860834
v 1.168335 0.040994 -0.861297
v 1.171492 0.043076 -0.860833
v 1.170557 0.043701 -0.861297
v 1.171879 0.042818 -0.859714
v 1.173247 0.046360 -0.860833
v 1.172208 0.046790 -0.861297
v 1.174328 0.049923 -0.860834
v 1.173225 0.050142 -0.861297
v 1.174693 0.053628 -0.860833
v 1.173568 0.053628 -0.861297
v 1.174328 0.057333 -0.860834
v 1.173225 0.057114 -0.861297
v 1.174785 0.057424 -0.859714
v 1.173247 0.060896 -0.860833
v 1.172208 0.060466 -0.861297
v 1.171492 0.064180 -0.860834
v 1.170557 0.063555 -0.861297
v 1.169130 0.067058 -0.860834
v 1.168335 0.066262 -0.861297
v 1.166252 0.069420 -0.860833
v 1.165627 0.068484 -0.861297
v 1.166511 0.069807 -0.859714
v 1.162968 0.071175 -0.860834
v 1.162538 0.070136 -0.861297
v 1.159406 0.072255 -0.860834
v 1.159186 0.071152 -0.861297
v 1.155700 0.072620 -0.860834
v 1.155700 0.071496 -0.861297
v 1.151995 0.072255 -0.860834
v 1.152215 0.071152 -0.861297
v 1.151904 0.072712 -0.859714
v 1.148432 0.071175 -0.860834
v 1.148863 0.070136 -0.861297
v 1.145149 0.069420 -0.860833
v 1.145774 0.068484 -0.861297
v 1.142271 0.067058 -0.860834
v 1.143066 0.066262 -0.861297
v 1.139909 0.064180 -0.860834
v 1.140844 0.063555 -0.861297
v 1.139521 0.064438 -0.859714
v 1.138154 0.060896 -0.860833
v 1.139193 0.060466 -0.861297
v 1.137073 0.057333 -0.860834
v 1.138176 0.057114 -0.861297
v 1.136708 0.053628 -0.860833
v 1.137833 0.053628 -0.861297
v 1.137073 0.049923 -0.860834
v 1.138176 0.050142 -0.861297
v 1.136616 0.049832 -0.859714
v 1.138154 0.046360 -0.860833
v 1.139193 0.046790 -0.861297
v 1.139909 0.043076 -0.860833
v 1.140844 0.043701 -0.861297
v 1.142271 0.040198 -0.860834
v 1.143066 0.040994 -0.861297
v 1.145149 0.037836 -0.860834
v 1.145774 0.038772 -0.861297
v 1.144890 0.037449 -0.859714
v 1.148432 0.036081 -0.860834
v 1.148863 0.037120 -0.861297
v 1.151995 0.035001 -0.860834
v 1.152215 0.036104 -0.861297
v 1.155700 0.035760 -0.861297
v 1.155700 0.036762 -0.861297
v 1.152410 0.037086 -0.979168
v 1.149246 0.038046 -0.979168
v 1.155700 0.036762 -0.979168
v 1.158991 0.037086 -0.979168
v 1.162155 0.038046 -0.979168
v 1.165071 0.039605 -0.979168
v 1.167626 0.041702 -0.979168
v 1.169724 0.044258 -0.979168
v 1.171282 0.047174 -0.979168
v 1.172242 0.050338 -0.979168
v 1.172566 0.053628 -0.979168
v 1.172242 0.056918 -0.979168
v 1.172566 0.053628 -0.861297
v 1.171282 0.060082 -0.979168
v 1.169724 0.062998 -0.979168
v 1.167626 0.065554 -0.979168
v 1.165071 0.067651 -0.979168
v 1.162155 0.069210 -0.979168
v 1.158991 0.070170 -0.979168
v 1.155700 0.070494 -0.979168
v 1.152410 0.070170 -0.979168
v 1.155700 0.070494 -0.861297
v 1.149246 0.069210 -0.979168
v 1.146330 0.067651 -0.979168
v 1.143774 0.065554 -0.979168
v 1.141677 0.062998 -0.979168
v 1.140118 0.060082 -0.979168
v 1.139159 0.056918 -0.979168
v 1.138835 0.053628 -0.979168
v 1.139159 0.050338 -0.979168
v 1.138835 0.053628 -0.861297
v 1.140118 0.047174 -0.979168
v 1.141677 0.044258 -0.979168
v 1.143774 0.041702 -0.979168
v 1.146330 0.039605 -0.979168
v 1.130228 0.063743 -0.832268
v 1.131181 0.065220 -0.829508
v 1.121514 0.062883 -0.830842
v 1.132188 0.066093 -0.826517
v 1.133209 0.066329 -0.823409
v 1.134204 0.065919 -0.820306
v 1.121193 0.038814 -0.836507
v 1.121193 0.041940 -0.838178
v 1.121193 0.045332 -0.839207
v 1.120051 0.041940 -0.838178
v 1.120051 0.042406 -0.837054
v 1.120051 0.045332 -0.839207
v 1.120051 0.045570 -0.838013
v 1.120051 0.048860 -0.839555
v 1.120051 0.048860 -0.838337
v 1.121193 0.048860 -0.839555
v 1.121193 0.055780 -0.804765
v 1.120051 0.058907 -0.806436
v 1.120051 0.055780 -0.804765
v 1.120051 0.058230 -0.807448
v 1.120051 0.055314 -0.805890
v 1.120791 0.029644 -0.635950
v 1.120122 0.022851 -0.635950
v 1.120791 0.029644 -0.806356
v 1.120122 0.022851 -0.806356
v -0.983772 0.078015 1.222990
v -0.835174 0.078015 1.222990
v -0.983772 0.077346 1.216198
v -0.983772 0.077346 1.229783
v -0.835174 0.077346 1.229783
v -0.983772 0.075364 1.236314
v -0.835174 0.075364 1.236314
v -0.983772 0.072147 1.242333
v -0.835174 0.072147 1.242333
v -0.983772 0.067817 1.247609
v -0.983772 0.062541 1.251939
v -0.835174 0.067817 1.247609
v -0.804484 0.067817 1.247609
v -0.835174 0.062541 1.251939
v -0.804484 0.062541 1.251939
v -0.835174 0.056522 1.255156
v -0.983772 0.056522 1.255156
v -0.804484 0.056522 1.255156
v -0.835174 0.049991 1.257138
v -0.983772 0.049991 1.257138
v -0.804484 0.049991 1.257138
v -0.835174 0.043198 1.257807
v -0.983772 0.043198 1.257807
v -0.804484 0.043198 1.257807
v -0.835174 0.036406 1.257138
v -0.983772 0.036406 1.257138
v -0.804484 0.036406 1.257138
v -0.835174 0.029875 1.255156
v -0.983772 0.029875 1.255156
v -0.804484 0.029875 1.255156
v -0.835174 0.023855 1.251939
v -0.983772 0.023855 1.251939
v -0.804484 0.023855 1.251939
v -0.835174 0.018580 1.247609
v -0.983772 0.018580 1.247609
v -0.804484 0.018580 1.247609
v -0.835174 0.014250 1.242333
v -0.983772 0.014250 1.242333
v -0.804484 0.014250 1.242333
v -0.835174 0.011032 1.236314
v -0.983772 0.011032 1.236314
v -0.804484 0.011032 1.236314
v -0.835174 0.009051 1.229783
v -0.983772 0.009051 1.229783
v -0.804484 0.009051 1.229783
v -0.835174 0.008382 1.222990
v -0.983772 0.008382 1.222990
v -0.835174 0.009051 1.216198
v -0.804484 0.008382 1.222990
v -0.514971 0.008382 1.222990
v -0.804484 0.009051 1.216198
v -0.514971 0.009051 1.216198
v -0.804484 0.011032 1.209667
v -0.835174 0.011032 1.209667
v -0.514971 0.011032 1.209667
v -0.804484 0.014250 1.203647
v -0.835174 0.014250 1.203647
v -0.514971 0.014250 1.203647
v -0.804484 0.018580 1.198371
v -0.835174 0.018580 1.198371
v -0.514971 0.018580 1.198371
v -0.804484 0.023855 1.194041
v -0.835174 0.023855 1.194041
v -0.514971 0.023855 1.194041
v -0.804484 0.029875 1.190824
v -0.835174 0.029875 1.190824
v -0.514971 0.029875 1.190824
v -0.804484 0.036406 1.188843
v -0.835174 0.036406 1.188843
v -0.514971 0.036406 1.188843
v -0.804484 0.043198 1.188174
v -0.835174 0.043198 1.188174
v -0.514971 0.043198 1.188174
v -0.514971 0.049991 1.188843
v -0.514971 0.056522 1.190824
v -0.806109 0.050484 1.188914
v -0.804563 0.052368 1.188914
v -0.809552 0.047379 1.188914
v -0.807040 0.049856 1.187451
v -0.810229 0.048391 1.188914
v -0.833088 0.050484 1.188914
v -0.805575 0.053045 1.188914
v -0.804017 0.055960 1.188914
v -0.803844 0.056522 1.190824
v -0.835174 0.056522 1.190824
v -0.802663 0.062541 1.194041
v -0.835174 0.062541 1.194041
v -0.514971 0.062541 1.194041
v -0.803598 0.067817 1.198371
v -0.802733 0.062415 1.188914
v -0.803057 0.059124 1.188914
v -0.803057 0.065705 1.188914
v -0.801516 0.062415 1.188914
v -0.801863 0.065943 1.188914
v -0.801863 0.058887 1.188914
v -0.801516 0.062415 1.187772
v -0.802733 0.062415 1.187451
v -0.801863 0.065943 1.187772
v -0.801863 0.058887 1.187772
v -0.803057 0.059124 1.187451
v -0.802892 0.055494 1.187772
v -0.804017 0.055960 1.187451
v -0.804563 0.052368 1.187772
v -0.802892 0.055494 1.188914
v -0.805575 0.053045 1.187451
v -0.808497 0.053345 1.172581
v -0.813016 0.053727 1.161307
v -0.810498 0.050851 1.173336
v -0.807003 0.056212 1.171975
v -0.811633 0.056532 1.160216
v -0.806072 0.059342 1.171543
v -0.810760 0.059619 1.159429
v -0.805741 0.062615 1.171300
v -0.810429 0.062871 1.158978
v -0.806022 0.065906 1.171257
v -0.810654 0.066161 1.158880
v -0.803057 0.065705 1.187451
v -0.806904 0.069087 1.171416
v -0.811427 0.069364 1.159139
v -0.804017 0.068869 1.187451
v -0.808353 0.072036 1.171770
v -0.812717 0.072356 1.159744
v -0.805575 0.071785 1.187451
v -0.810314 0.074641 1.172305
v -0.814475 0.075023 1.160673
v -0.812712 0.076801 1.173001
v -0.807040 0.074973 1.187451
v -0.806812 0.075201 1.188914
v -0.804563 0.072461 1.187772
v -0.809552 0.077450 1.187772
v -0.810229 0.076438 1.187451
v -0.813145 0.077997 1.187451
v -0.816309 0.078956 1.187451
v -0.815453 0.078432 1.173830
v -0.812679 0.079121 1.187772
v -0.816071 0.080150 1.187772
v -0.812679 0.079121 1.188914
v -0.813145 0.077997 1.188914
v -0.816071 0.080150 1.188914
v -0.809552 0.077450 1.188914
v -0.810229 0.076438 1.188914
v -0.816309 0.078956 1.188914
v -0.819599 0.080498 1.188914
v -0.819599 0.079280 1.188914
v -0.823127 0.080150 1.188914
v -0.819599 0.080498 1.187772
v -0.819599 0.079280 1.187451
v -0.823127 0.080150 1.187772
v -0.822889 0.078956 1.187451
v -0.826519 0.079121 1.187772
v -0.826053 0.077997 1.187451
v -0.829645 0.077450 1.187772
v -0.826519 0.079121 1.188914
v -0.826053 0.077997 1.188914
v -0.829645 0.077450 1.188914
v -0.828969 0.076438 1.188914
v -0.832386 0.075201 1.188914
v -0.834635 0.072461 1.188914
v -0.832424 0.075124 1.187490
v -0.833622 0.071785 1.188914
v -0.835181 0.068869 1.188914
v -0.835417 0.067817 1.198371
v -0.983772 0.067817 1.198371
v -0.833389 0.072147 1.203647
v -0.983772 0.072147 1.203647
v -0.805862 0.072147 1.203647
v -0.830199 0.075364 1.209667
v -0.983772 0.075364 1.209667
v -0.808953 0.075364 1.209667
v -0.822889 0.078956 1.188914
v -0.819568 0.077346 1.216198
v -0.514971 0.077346 1.216198
v -0.804484 0.078015 1.222990
v -0.514971 0.078015 1.222990
v -0.804484 0.077346 1.229783
v -0.514971 0.077346 1.229783
v -0.804484 0.075364 1.236314
v -0.514971 0.075364 1.236314
v -0.804484 0.072147 1.242333
v -0.514971 0.072147 1.242333
v -0.514971 0.067817 1.247609
v -0.514971 0.062541 1.251939
v -0.514971 0.056522 1.255156
v -0.514971 0.049991 1.257138
v -0.514971 0.043198 1.257807
v -0.514971 0.036406 1.257138
v -0.514971 0.029875 1.255156
v -0.514971 0.023855 1.251939
v -0.514971 0.018580 1.247609
v -0.514971 0.014250 1.242333
v -0.514971 0.011032 1.236314
v -0.514971 0.009051 1.229783
v -0.514971 0.075364 1.209667
v -0.514971 0.072147 1.203647
v -0.514971 0.067817 1.198371
v -0.983772 0.062541 1.194041
v -0.983772 0.056522 1.190824
v -0.983772 0.049991 1.188843
v -0.983772 0.043198 1.188174
v -0.983772 0.036406 1.188843
v -0.983772 0.029875 1.190824
v -0.983772 0.023855 1.194041
v -0.983772 0.018580 1.198371
v -0.983772 0.014250 1.203647
v -0.983772 0.011032 1.209667
v -0.983772 0.009051 1.216198
v -0.836141 0.065705 1.188914
v -0.836306 0.069335 1.188914
v -0.837335 0.065943 1.188914
v -0.836306 0.069335 1.187772
v -0.835181 0.068869 1.187451
v -0.837335 0.065943 1.187772
v -0.834635 0.072461 1.187772
v -0.833622 0.071785 1.187451
v -0.834812 0.072779 1.180339
v -0.836705 0.074045 1.174922
v -0.832819 0.075273 1.179600
v -0.836298 0.069912 1.180927
v -0.838072 0.071240 1.175990
v -0.837222 0.066782 1.181345
v -0.838931 0.068153 1.176755
v -0.836141 0.065705 1.187451
v -0.837549 0.063509 1.181577
v -0.839252 0.064902 1.177193
v -0.836465 0.062415 1.187451
v -0.837267 0.060219 1.181617
v -0.839025 0.061611 1.177288
v -0.836141 0.059124 1.187451
v -0.836388 0.057038 1.181465
v -0.838258 0.058408 1.177037
v -0.835181 0.055960 1.187451
v -0.834944 0.054088 1.181123
v -0.836979 0.055416 1.176449
v -0.833622 0.053045 1.187451
v -0.832990 0.051483 1.180604
v -0.835237 0.052749 1.175542
v -0.830600 0.049324 1.179925
v -0.832430 0.049711 1.187459
v -0.829645 0.047379 1.187772
v -0.834635 0.052368 1.187772
v -0.828969 0.048391 1.187451
v -0.826053 0.046833 1.187451
v -0.822889 0.045873 1.187451
v -0.827866 0.047692 1.179110
v -0.826519 0.045708 1.187772
v -0.823127 0.044679 1.187772
v -0.826519 0.045708 1.188914
v -0.823127 0.044679 1.188914
v -0.829645 0.047379 1.188914
v -0.826053 0.046833 1.188914
v -0.828969 0.048391 1.188914
v -0.822889 0.045873 1.188914
v -0.819599 0.045549 1.188914
v -0.816309 0.045873 1.188914
v -0.819599 0.044331 1.188914
v -0.816071 0.044679 1.188914
v -0.819599 0.044331 1.187772
v -0.819599 0.045549 1.187451
v -0.816071 0.044679 1.187772
v -0.816309 0.045873 1.187451
v -0.812679 0.045708 1.187772
v -0.813145 0.046833 1.187451
v -0.809552 0.047379 1.187772
v -0.812679 0.045708 1.188914
v -0.813145 0.046833 1.188914
v -0.810229 0.048391 1.187451
v -0.812927 0.048827 1.174212
v -0.817078 0.049382 1.164225
v -0.815691 0.047350 1.175174
v -0.819600 0.048008 1.165938
v -0.818684 0.046476 1.176184
v -0.822323 0.047244 1.167733
v -0.821791 0.046240 1.177203
v -0.825143 0.047120 1.169540
v -0.824891 0.046651 1.178191
v -0.827949 0.047641 1.171290
v -0.832336 0.048737 1.166369
v -0.830634 0.048785 1.172914
v -0.834606 0.049996 1.168514
v -0.833094 0.050510 1.174349
v -0.836677 0.051824 1.170406
v -0.841575 0.053138 1.167777
v -0.838473 0.054151 1.171973
v -0.842909 0.055552 1.169602
v -0.839926 0.056886 1.173156
v -0.843982 0.058357 1.170973
v -0.840983 0.059926 1.173913
v -0.844756 0.061444 1.171837
v -0.841606 0.063153 1.174218
v -0.845203 0.064695 1.172165
v -0.841772 0.066444 1.174061
v -0.845307 0.067986 1.171944
v -0.841476 0.069671 1.173447
v -0.845066 0.071189 1.171183
v -0.840726 0.072711 1.172397
v -0.844485 0.074181 1.169910
v -0.839548 0.075447 1.170950
v -0.843584 0.076848 1.168171
v -0.837984 0.077773 1.169157
v -0.842394 0.079087 1.166031
v -0.836093 0.079601 1.167086
v -0.834882 0.076459 1.173590
v -0.832671 0.078391 1.172045
v -0.830157 0.079764 1.170344
v -0.830396 0.077297 1.178737
v -0.827635 0.078774 1.177784
v -0.828969 0.076438 1.187451
v -0.824644 0.079648 1.176777
v -0.827437 0.080528 1.168554
v -0.821537 0.079884 1.175756
v -0.824616 0.080652 1.166744
v -0.818433 0.079473 1.174761
v -0.821804 0.080132 1.164984
v -0.826843 0.080860 1.157712
v -0.819108 0.078987 1.163345
v -0.824559 0.079601 1.155552
v -0.816633 0.077262 1.161889
v -0.822468 0.077773 1.153641
v -0.830692 0.078284 1.147782
v -0.820650 0.075447 1.152052
v -0.829335 0.075870 1.145941
v -0.819176 0.072711 1.150847
v -0.828240 0.073065 1.144555
v -0.818103 0.069671 1.150074
v -0.827449 0.069978 1.143679
v -0.817473 0.066444 1.149761
v -0.826994 0.066726 1.143346
v -0.817309 0.063153 1.149922
v -0.826893 0.063436 1.143569
v -0.817618 0.059926 1.150549
v -0.827148 0.060233 1.144339
v -0.818388 0.056886 1.151618
v -0.827749 0.057241 1.145626
v -0.819589 0.054151 1.153088
v -0.828674 0.054574 1.147382
v -0.821174 0.051824 1.154902
v -0.829887 0.052335 1.149537
v -0.823082 0.049996 1.156991
v -0.814855 0.051313 1.162661
v -0.831339 0.050610 1.152009
v -0.825239 0.048737 1.159271
v -0.832976 0.049465 1.154703
v -0.827561 0.048095 1.161656
v -0.834732 0.048945 1.157514
v -0.829958 0.048095 1.164053
v -0.836539 0.049069 1.160333
v -0.845191 0.049949 1.157970
v -0.838328 0.049833 1.163052
v -0.846196 0.050823 1.160961
v -0.840028 0.051207 1.165565
v -0.847149 0.052300 1.163721
v -0.848012 0.054324 1.166145
v -0.856215 0.053159 1.162635
v -0.856215 0.055257 1.165191
v -0.856215 0.051601 1.159719
v -0.856215 0.051734 1.163587
v -0.857841 0.051004 1.164075
v -0.856215 0.054044 1.166403
v -0.856215 0.050017 1.160375
v -0.857841 0.049205 1.160711
v -0.856215 0.048959 1.156890
v -0.857841 0.048098 1.157061
v -0.856215 0.048602 1.153265
v -0.856215 0.050641 1.156555
v -0.856215 0.050317 1.153265
v -0.856215 0.050641 1.149974
v -0.844171 0.049713 1.154864
v -0.843179 0.050124 1.151761
v -0.842251 0.051165 1.148783
v -0.841424 0.052797 1.146042
v -0.856215 0.051601 1.146811
v -0.856215 0.053159 1.143895
v -0.856215 0.050017 1.146154
v -0.857841 0.049205 1.145818
v -0.856215 0.048959 1.149640
v -0.856215 0.051734 1.142942
v -0.857841 0.051004 1.142454
v -0.856215 0.054044 1.140127
v -0.857841 0.053423 1.139506
v -0.856215 0.056860 1.137816
v -0.856215 0.055257 1.141339
v -0.856215 0.057812 1.139241
v -0.840730 0.054956 1.143646
v -0.840198 0.057561 1.141686
v -0.839847 0.060510 1.140238
v -0.839691 0.063692 1.139357
v -0.856215 0.060728 1.137683
v -0.856215 0.063892 1.136723
v -0.856215 0.060072 1.136099
v -0.857841 0.059736 1.135288
v -0.856215 0.063558 1.135042
v -0.857841 0.063386 1.134180
v -0.856215 0.067183 1.134685
v -0.857841 0.067183 1.133806
v -0.856215 0.070807 1.135042
v -0.856215 0.067183 1.136399
v -0.856215 0.070473 1.136723
v -0.839736 0.066982 1.139077
v -0.839981 0.070255 1.139410
v -0.840416 0.073385 1.140342
v -0.841025 0.076252 1.141838
v -0.856215 0.073637 1.137683
v -0.856215 0.076553 1.139241
v -0.856215 0.074293 1.136099
v -0.857841 0.074629 1.135288
v -0.856215 0.077505 1.137816
v -0.857841 0.077993 1.137086
v -0.856215 0.080321 1.140127
v -0.857841 0.080942 1.139506
v -0.856215 0.082631 1.142942
v -0.856215 0.079108 1.141339
v -0.856215 0.081206 1.143895
v -0.841783 0.078746 1.143839
v -0.842661 0.080770 1.146269
v -0.832259 0.080215 1.150007
v -0.843625 0.082247 1.149035
v -0.833976 0.081589 1.152532
v -0.844637 0.083121 1.152029
v -0.856215 0.082764 1.146811
v -0.856215 0.083724 1.149974
v -0.856215 0.084348 1.146154
v -0.857841 0.085160 1.145818
v -0.856215 0.085406 1.149640
v -0.857841 0.086267 1.149469
v -0.856215 0.085763 1.153265
v -0.857841 0.086641 1.153265
v -0.856215 0.085406 1.156890
v -0.856215 0.084048 1.153265
v -0.856215 0.083724 1.156555
v -0.845658 0.083357 1.155136
v -0.837584 0.082477 1.158078
v -0.846648 0.082946 1.158237
v -0.839335 0.081956 1.160886
v -0.847567 0.081905 1.161212
v -0.840959 0.080812 1.163571
v -0.848381 0.080274 1.163946
v -0.856215 0.082764 1.159719
v -0.856215 0.081206 1.162635
v -0.856215 0.084348 1.160375
v -0.857841 0.085160 1.160711
v -0.856215 0.082631 1.163587
v -0.857841 0.083362 1.164075
v -0.856215 0.080321 1.166403
v -0.857841 0.080942 1.167024
v -0.856215 0.077505 1.168714
v -0.856215 0.079108 1.165191
v -0.856215 0.076553 1.167288
v -0.849058 0.078114 1.166335
v -0.849574 0.075509 1.168287
v -0.849910 0.072560 1.169729
v -0.850056 0.069379 1.170605
v -0.856215 0.073637 1.168847
v -0.856215 0.070473 1.169806
v -0.856215 0.074293 1.170431
v -0.857841 0.074629 1.171242
v -0.856215 0.070807 1.171488
v -0.857841 0.070979 1.172349
v -0.856215 0.067183 1.171845
v -0.857841 0.067183 1.172723
v -0.856215 0.063558 1.171488
v -0.856215 0.067183 1.170131
v -0.856215 0.063892 1.169806
v -0.850008 0.066088 1.170883
v -0.849769 0.062815 1.170553
v -0.849346 0.059685 1.169627
v -0.848754 0.056818 1.168139
v -0.856215 0.060728 1.168847
v -0.856215 0.057812 1.167288
v -0.856215 0.060072 1.170431
v -0.857841 0.059736 1.171242
v -0.856215 0.056860 1.168714
v -0.857841 0.056372 1.169444
v -0.858961 0.056631 1.169056
v -0.857841 0.053423 1.167024
v -0.858961 0.053753 1.166694
v -0.859424 0.054548 1.165899
v -0.858961 0.051391 1.163816
v -0.859424 0.052326 1.163192
v -0.858961 0.049636 1.160533
v -0.859424 0.050675 1.160102
v -0.858961 0.048555 1.156970
v -0.859424 0.049658 1.156751
v -0.858961 0.048190 1.153265
v -0.859424 0.049315 1.153265
v -0.858961 0.048555 1.149559
v -0.857841 0.047724 1.153265
v -0.857841 0.048098 1.149469
v -0.859424 0.049658 1.149779
v -0.858961 0.049636 1.145997
v -0.859424 0.050675 1.146427
v -0.858961 0.051391 1.142713
v -0.859424 0.052326 1.143338
v -0.858961 0.053753 1.139835
v -0.859424 0.054548 1.140630
v -0.858961 0.056631 1.137473
v -0.859424 0.057256 1.138408
v -0.857841 0.056372 1.137086
v -0.858961 0.059914 1.135718
v -0.859424 0.060345 1.136757
v -0.858961 0.063477 1.134637
v -0.859424 0.063697 1.135741
v -0.858961 0.067183 1.134272
v -0.859424 0.067183 1.135397
v -0.858961 0.070888 1.134637
v -0.859424 0.070668 1.135741
v -0.857841 0.070979 1.134180
v -0.858961 0.074451 1.135718
v -0.859424 0.074020 1.136757
v -0.858961 0.077734 1.137473
v -0.859424 0.077109 1.138408
v -0.858961 0.080612 1.139835
v -0.859424 0.079817 1.140630
v -0.858961 0.082974 1.142713
v -0.859424 0.082039 1.143338
v -0.857841 0.083362 1.142454
v -0.858961 0.084729 1.145997
v -0.859424 0.083690 1.146427
v -0.858961 0.085810 1.149559
v -0.859424 0.084707 1.149779
v -0.858961 0.086175 1.153265
v -0.859424 0.085050 1.153265
v -0.858961 0.085810 1.156970
v -0.859424 0.084707 1.156751
v -0.857841 0.086267 1.157061
v -0.858961 0.084729 1.160533
v -0.859424 0.083690 1.160102
v -0.858961 0.082974 1.163816
v -0.859424 0.082039 1.163192
v -0.858961 0.080612 1.166694
v -0.859424 0.079817 1.165899
v -0.858961 0.077734 1.169056
v -0.859424 0.077109 1.168121
v -0.857841 0.077993 1.169444
v -0.858961 0.074451 1.170811
v -0.859424 0.074020 1.169772
v -0.858961 0.070888 1.171892
v -0.859424 0.070668 1.170789
v -0.858961 0.067183 1.172257
v -0.859424 0.067183 1.171133
v -0.858961 0.063477 1.171892
v -0.859424 0.063697 1.170789
v -0.857841 0.063386 1.172349
v -0.858961 0.059914 1.170811
v -0.859424 0.060345 1.169772
v -0.859424 0.057256 1.168121
v -0.977295 0.059369 1.168847
v -0.977295 0.056453 1.167288
v -0.977295 0.062533 1.169806
v -0.977295 0.065824 1.170131
v -0.977295 0.069114 1.169806
v -0.859424 0.067183 1.170131
v -0.977295 0.072278 1.168847
v -0.977295 0.075194 1.167288
v -0.977295 0.077750 1.165191
v -0.977295 0.079847 1.162635
v -0.977295 0.081406 1.159719
v -0.977295 0.082365 1.156555
v -0.977295 0.082689 1.153265
v -0.977295 0.082365 1.149974
v -0.859424 0.084048 1.153265
v -0.977295 0.081406 1.146811
v -0.977295 0.079847 1.143895
v -0.977295 0.077750 1.141339
v -0.977295 0.075194 1.139241
v -0.977295 0.072278 1.137683
v -0.977295 0.069114 1.136723
v -0.977295 0.065824 1.136399
v -0.977295 0.062533 1.136723
v -0.859424 0.067183 1.136399
v -0.977295 0.059369 1.137683
v -0.977295 0.056453 1.139241
v -0.977295 0.053898 1.141339
v -0.977295 0.051800 1.143895
v -0.977295 0.050242 1.146811
v -0.977295 0.049282 1.149974
v -0.977295 0.048958 1.153265
v -0.977295 0.049282 1.156555
v -0.859424 0.050317 1.153265
v -0.977295 0.050242 1.159719
v -0.977295 0.051800 1.162635
v -0.977295 0.053898 1.165191
v -0.833948 0.080860 1.164816
v -0.831630 0.081502 1.162436
v -0.829231 0.081502 1.160036
v -0.835774 0.082353 1.155257
v -0.836306 0.055494 1.187772
v -0.834635 0.052368 1.188914
v -0.836306 0.055494 1.188914
v -0.833622 0.053045 1.188914
v -0.835181 0.055960 1.188914
v -0.836141 0.059124 1.188914
v -0.836465 0.062415 1.188914
v -0.837335 0.058887 1.188914
v -0.837682 0.062415 1.188914
v -0.837335 0.058887 1.187772
v -0.837682 0.062415 1.187772
v -0.802892 0.069335 1.187772
v -0.804563 0.072461 1.188914
v -0.802892 0.069335 1.188914
v -0.805575 0.071785 1.188914
v -0.804017 0.068869 1.188914
v -0.983772 0.008382 1.089916
v -0.983772 0.009051 1.083123
v -0.514971 0.008382 1.089916
v -0.983772 0.009051 1.096708
v -0.983772 0.011032 1.103239
v -0.514971 0.009051 1.096708
v -0.514971 0.011032 1.103239
v -0.514971 0.014250 1.109258
v -0.514971 0.018580 1.114534
v -0.983772 0.014250 1.109258
v -0.983772 0.018580 1.114534
v -0.983772 0.023855 1.118864
v -0.983772 0.029875 1.122082
v -0.514971 0.023855 1.118864
v -0.514971 0.029875 1.122082
v -0.514971 0.036406 1.124063
v -0.514971 0.043198 1.124732
v -0.983772 0.036406 1.124063
v -0.983772 0.043198 1.124732
v -0.983772 0.049991 1.124063
v -0.983772 0.056522 1.122082
v -0.514971 0.049991 1.124063
v -0.514971 0.056522 1.122082
v -0.514971 0.062541 1.118864
v -0.514971 0.067817 1.114534
v -0.983772 0.062541 1.118864
v -0.983772 0.067817 1.114534
v -0.983772 0.072147 1.109258
v -0.983772 0.075364 1.103239
v -0.514971 0.072147 1.109258
v -0.514971 0.075364 1.103239
v -0.514971 0.077346 1.096708
v -0.514971 0.078015 1.089916
v -0.983772 0.077346 1.096708
v -0.983772 0.078015 1.089916
v -0.983772 0.077346 1.083123
v -0.983772 0.075364 1.076592
v -0.514971 0.077346 1.083123
v -0.514971 0.075364 1.076592
v -0.514971 0.072147 1.070573
v -0.514971 0.067817 1.065297
v -0.983772 0.072147 1.070573
v -0.983772 0.067817 1.065297
v -0.983772 0.062541 1.060967
v -0.983772 0.056522 1.057750
v -0.514971 0.062541 1.060967
v -0.514971 0.056522 1.057750
v -0.514971 0.049991 1.055768
v -0.514971 0.043198 1.055099
v -0.983772 0.049991 1.055768
v -0.983772 0.043198 1.055099
v -0.983772 0.036406 1.055768
v -0.983772 0.029875 1.057750
v -0.514971 0.036406 1.055768
v -0.514971 0.029875 1.057750
v -0.514971 0.023855 1.060967
v -0.514971 0.018580 1.065297
v -0.983772 0.023855 1.060967
v -0.983772 0.018580 1.065297
v -0.983772 0.014250 1.070573
v -0.983772 0.011032 1.076592
v -0.514971 0.014250 1.070573
v -0.514971 0.011032 1.076592
v -0.514971 0.009051 1.083123
v -1.000000 0.000000 1.000000
v -1.000000 0.084508 1.000000
v -1.000000 0.000000 -1.000000
v 1.000439 0.000258 1.000000
v -1.000000 0.000000 1.300542
v -1.000000 0.084508 1.300542
v 1.000000 0.000000 1.300542
v 1.000000 0.084508 1.300542
v 1.299998 0.000000 1.300542
v 1.299998 0.084508 1.300542
v 1.299998 0.000000 1.000000
v 1.299998 0.084508 1.000000
v 1.299998 0.000000 -1.000000
v 1.000000 0.084508 1.000000
v 0.951534 0.084508 0.951534
v 0.625000 0.084508 1.000000
v 1.000000 0.084508 -1.000000
v 1.000000 0.084508 0.600000
v 1.088362 0.084508 1.088297
v 1.027563 0.084508 0.972437
v 0.972437 0.084508 1.027563
v 0.652563 0.084508 1.027563
v 0.972437 0.084508 1.272437
v 0.972437 0.034508 1.027563
v 0.652563 0.034508 1.027563
v 0.972437 0.034508 1.272437
v 0.652563 0.034508 1.272437
v 0.652563 0.084508 1.272437
v 0.625000 0.084508 1.300000
v 0.625000 0.084508 1.150000
v 0.125000 0.084508 1.300000
v 0.610514 0.084508 1.285514
v 0.608912 0.082906 1.283912
v 0.576986 0.084508 1.285514
v 0.610514 0.084508 1.150000
v 0.139486 0.084508 1.285514
v 0.139486 0.084508 1.150000
v 0.141088 0.082906 1.283912
v 0.173014 0.084508 1.285514
v 0.139486 0.084508 1.014486
v 0.173014 0.084508 1.014486
v 0.141088 0.082906 1.016088
v 0.124742 0.084508 1.000164
v 0.610514 0.084508 1.014486
v 0.608912 0.082906 1.016088
v 0.576986 0.084508 1.014486
v 0.548014 0.084508 1.014486
v 0.578588 0.082906 1.016088
v 0.576986 0.084508 1.150000
v 0.578588 0.082906 1.150000
v 0.548014 0.084508 1.150000
v 0.546412 0.082906 1.150000
v 0.548014 0.084508 1.285514
v 0.546412 0.082906 1.283912
v 0.514486 0.084508 1.285514
v 0.514486 0.084508 1.150000
v 0.516088 0.082906 1.283912
v 0.485514 0.084508 1.285514
v 0.483912 0.082906 1.283912
v 0.451986 0.084508 1.285514
v 0.485514 0.084508 1.150000
v 0.483912 0.082906 1.150000
v 0.485514 0.084508 1.014486
v 0.514486 0.084508 1.014486
v 0.483912 0.082906 1.016088
v 0.451986 0.084508 1.014486
v 0.423014 0.084508 1.014486
v 0.453588 0.082906 1.016088
v 0.451986 0.084508 1.150000
v 0.453588 0.082906 1.150000
v 0.423014 0.084508 1.150000
v 0.421412 0.082906 1.150000
v 0.423014 0.084508 1.285514
v 0.421412 0.082906 1.283912
v 0.389486 0.084508 1.285514
v 0.389486 0.084508 1.150000
v 0.391088 0.082906 1.283912
v 0.360514 0.084508 1.285514
v 0.358912 0.082906 1.283912
v 0.326986 0.084508 1.285514
v 0.360514 0.084508 1.150000
v 0.358912 0.082906 1.150000
v 0.360514 0.084508 1.014486
v 0.389486 0.084508 1.014486
v 0.358912 0.082906 1.016088
v 0.326986 0.084508 1.014486
v 0.298014 0.084508 1.014486
v 0.328588 0.082906 1.016088
v 0.326986 0.084508 1.150000
v 0.328588 0.082906 1.150000
v 0.298014 0.084508 1.150000
v 0.296412 0.082906 1.150000
v 0.298014 0.084508 1.285514
v 0.296412 0.082906 1.283912
v 0.264486 0.084508 1.285514
v 0.266088 0.082906 1.283912
v 0.264486 0.084508 1.150000
v 0.235514 0.084508 1.285514
v 0.233912 0.082906 1.283912
v 0.201986 0.084508 1.285514
v 0.235514 0.084508 1.150000
v 0.233912 0.082906 1.150000
v 0.235514 0.084508 1.014486
v 0.264486 0.084508 1.014486
v 0.233912 0.082906 1.016088
v 0.201986 0.084508 1.014486
v 0.203588 0.082906 1.016088
v 0.201986 0.084508 1.150000
v 0.203588 0.082906 1.150000
v 0.173014 0.084508 1.150000
v 0.171412 0.082906 1.150000
v 0.171412 0.082906 1.016088
v 0.171412 0.082906 1.283912
v 0.171412 0.072202 1.150000
v 0.171412 0.072202 1.016088
v 0.171412 0.072202 1.283912
v 0.171412 0.078134 1.150000
v 0.171412 0.078134 1.016088
v 0.171412 0.078134 1.283912
v 0.141088 0.078134 1.283912
v 0.141088 0.078134 1.150000
v 0.141088 0.072202 1.283912
v 0.141088 0.072202 1.150000
v 0.141088 0.072202 1.016088
v 0.141088 0.082906 1.150000
v 0.141088 0.078134 1.016088
v 0.203588 0.082906 1.283912
v 0.203588 0.072202 1.150000
v 0.203588 0.072202 1.283912
v 0.203588 0.072202 1.016088
v 0.203588 0.078134 1.150000
v 0.203588 0.078134 1.283912
v 0.203588 0.078134 1.016088
v 0.233912 0.078134 1.016088
v 0.233912 0.078134 1.150000
v 0.233912 0.072202 1.016088
v 0.233912 0.072202 1.150000
v 0.233912 0.072202 1.283912
v 0.233912 0.078134 1.283912
v 0.266088 0.082906 1.016088
v 0.296412 0.082906 1.016088
v 0.266088 0.082906 1.150000
v 0.266088 0.072202 1.016088
v 0.296412 0.072202 1.016088
v 0.266088 0.072202 1.150000
v 0.266088 0.078134 1.016088
v 0.296412 0.078134 1.016088
v 0.266088 0.078134 1.150000
v 0.266088 0.078134 1.283912
v 0.296412 0.078134 1.283912
v 0.266088 0.072202 1.283912
v 0.296412 0.072202 1.283912
v 0.296412 0.072202 1.150000
v 0.296412 0.078134 1.150000
v 0.328588 0.082906 1.283912
v 0.328588 0.072202 1.150000
v 0.328588 0.072202 1.283912
v 0.328588 0.072202 1.016088
v 0.328588 0.078134 1.150000
v 0.328588 0.078134 1.283912
v 0.328588 0.078134 1.016088
v 0.358912 0.078134 1.016088
v 0.358912 0.078134 1.150000
v 0.358912 0.072202 1.016088
v 0.358912 0.072202 1.150000
v 0.358912 0.072202 1.283912
v 0.358912 0.078134 1.283912
v 0.391088 0.082906 1.016088
v 0.421412 0.082906 1.016088
v 0.391088 0.082906 1.150000
v 0.391088 0.072202 1.016088
v 0.421412 0.072202 1.016088
v 0.391088 0.072202 1.150000
v 0.391088 0.078134 1.016088
v 0.421412 0.078134 1.016088
v 0.391088 0.078134 1.150000
v 0.391088 0.078134 1.283912
v 0.421412 0.078134 1.283912
v 0.391088 0.072202 1.283912
v 0.421412 0.072202 1.283912
v 0.421412 0.072202 1.150000
v 0.421412 0.078134 1.150000
v 0.453588 0.082906 1.283912
v 0.453588 0.072202 1.150000
v 0.453588 0.072202 1.283912
v 0.453588 0.072202 1.016088
v 0.453588 0.078134 1.150000
v 0.453588 0.078134 1.283912
v 0.453588 0.078134 1.016088
v 0.483912 0.078134 1.016088
v 0.483912 0.078134 1.150000
v 0.483912 0.072202 1.016088
v 0.483912 0.072202 1.150000
v 0.483912 0.072202 1.283912
v 0.483912 0.078134 1.283912
v 0.516088 0.082906 1.016088
v 0.516088 0.082906 1.150000
v 0.546412 0.082906 1.016088
v 0.516088 0.077946 1.016088
v 0.516088 0.077946 1.150000
v 0.546412 0.077946 1.016088
v 0.546412 0.077946 1.150000
v 0.546412 0.077946 1.283912
v 0.516088 0.077946 1.283912
v 0.578588 0.082906 1.283912
v 0.578588 0.077946 1.150000
v 0.578588 0.077946 1.016088
v 0.578588 0.077946 1.283912
v 0.608912 0.077946 1.283912
v 0.608912 0.077946 1.150000
v 0.608912 0.077946 1.016088
v 0.608912 0.082906 1.150000
v -0.126649 0.084508 1.000414
v -0.500000 0.084508 1.000000
v -0.125000 0.084508 1.300000
v -0.138098 0.084508 1.013098
v -0.141088 0.081518 1.016088
v -0.138098 0.084508 1.150000
v -0.174402 0.084508 1.013098
v -0.138098 0.084508 1.286902
v -0.486902 0.084508 1.013098
v -0.483912 0.081518 1.016088
v -0.450598 0.084508 1.013098
v -0.486902 0.084508 1.150000
v -0.486902 0.084508 1.286902
v -0.483912 0.081518 1.283912
v -0.450598 0.084508 1.286902
v -0.500000 0.084508 1.300000
v -0.421412 0.081518 1.283912
v -0.424402 0.084508 1.286902
v -0.421412 0.081518 1.150000
v -0.391088 0.081518 1.283912
v -0.421412 0.072202 1.283912
v -0.453588 0.081518 1.283912
v -0.453588 0.081518 1.150000
v -0.453588 0.072202 1.283912
v -0.483912 0.072202 1.283912
v -0.453588 0.072202 1.150000
v -0.453588 0.078134 1.283912
v -0.483912 0.078134 1.283912
v -0.453588 0.078134 1.150000
v -0.453588 0.078134 1.016088
v -0.483912 0.078134 1.016088
v -0.453588 0.072202 1.016088
v -0.483912 0.072202 1.016088
v -0.453588 0.081518 1.016088
v -0.483912 0.072202 1.150000
v -0.483912 0.078134 1.150000
v -0.483912 0.081518 1.150000
v -0.450598 0.084508 1.150000
v -0.424402 0.084508 1.150000
v -0.424402 0.084508 1.013098
v -0.421412 0.081518 1.016088
v -0.388098 0.084508 1.013098
v -0.391088 0.081518 1.016088
v -0.388098 0.084508 1.150000
v -0.361902 0.084508 1.013098
v -0.358912 0.081518 1.016088
v -0.361902 0.084508 1.150000
v -0.325598 0.084508 1.013098
v -0.328588 0.081518 1.016088
v -0.325598 0.084508 1.150000
v -0.299402 0.084508 1.013098
v -0.296412 0.081518 1.016088
v -0.263098 0.084508 1.013098
v -0.299402 0.084508 1.150000
v -0.296412 0.081518 1.150000
v -0.299402 0.084508 1.286902
v -0.296412 0.081518 1.283912
v -0.263098 0.084508 1.286902
v -0.325598 0.084508 1.286902
v -0.361902 0.084508 1.286902
v -0.328588 0.081518 1.283912
v -0.358912 0.081518 1.283912
v -0.328588 0.081518 1.150000
v -0.328588 0.072202 1.283912
v -0.358912 0.072202 1.283912
v -0.328588 0.072202 1.150000
v -0.328588 0.078134 1.283912
v -0.358912 0.078134 1.283912
v -0.328588 0.078134 1.150000
v -0.328588 0.078134 1.016088
v -0.358912 0.078134 1.016088
v -0.328588 0.072202 1.016088
v -0.358912 0.072202 1.016088
v -0.358912 0.072202 1.150000
v -0.358912 0.078134 1.150000
v -0.358912 0.081518 1.150000
v -0.388098 0.084508 1.286902
v -0.266088 0.081518 1.283912
v -0.263098 0.084508 1.150000
v -0.236902 0.084508 1.286902
v -0.236902 0.084508 1.150000
v -0.233912 0.081518 1.283912
v -0.200598 0.084508 1.286902
v -0.203588 0.081518 1.283912
v -0.200598 0.084508 1.150000
v -0.174402 0.084508 1.286902
v -0.174402 0.084508 1.150000
v -0.171412 0.081518 1.283912
v -0.171412 0.081518 1.150000
v -0.141088 0.081518 1.283912
v -0.171412 0.072202 1.283912
v -0.171412 0.072202 1.150000
v -0.141088 0.072202 1.283912
v -0.171412 0.078134 1.283912
v -0.171412 0.078134 1.150000
v -0.141088 0.078134 1.283912
v -0.141088 0.078134 1.150000
v -0.141088 0.078134 1.016088
v -0.141088 0.072202 1.150000
v -0.141088 0.072202 1.016088
v -0.141088 0.081518 1.150000
v -0.171412 0.072202 1.016088
v -0.171412 0.078134 1.016088
v -0.171412 0.081518 1.016088
v -0.203588 0.081518 1.150000
v -0.200598 0.084508 1.013098
v -0.203588 0.081518 1.016088
v -0.236902 0.084508 1.013098
v -0.233912 0.081518 1.016088
v -0.233912 0.081518 1.150000
v -0.233912 0.072202 1.016088
v -0.203588 0.072202 1.016088
v -0.233912 0.072202 1.150000
v -0.233912 0.078134 1.016088
v -0.203588 0.078134 1.016088
v -0.233912 0.078134 1.150000
v -0.233912 0.078134 1.283912
v -0.203588 0.078134 1.283912
v -0.233912 0.072202 1.283912
v -0.203588 0.072202 1.283912
v -0.203588 0.072202 1.150000
v -0.203588 0.078134 1.150000
v -0.266088 0.081518 1.150000
v -0.266088 0.081518 1.016088
v -0.266088 0.072202 1.150000
v -0.266088 0.072202 1.016088
v -0.266088 0.072202 1.283912
v -0.266088 0.078134 1.150000
v -0.266088 0.078134 1.016088
v -0.266088 0.078134 1.283912
v -0.296412 0.078134 1.283912
v -0.296412 0.078134 1.150000
v -0.296412 0.072202 1.283912
v -0.296412 0.072202 1.150000
v -0.296412 0.072202 1.016088
v -0.296412 0.078134 1.016088
v -0.391088 0.081518 1.150000
v -0.391088 0.072202 1.150000
v -0.391088 0.072202 1.283912
v -0.391088 0.072202 1.016088
v -0.391088 0.078134 1.150000
v -0.391088 0.078134 1.283912
v -0.391088 0.078134 1.016088
v -0.421412 0.078134 1.016088
v -0.421412 0.078134 1.150000
v -0.421412 0.072202 1.016088
v -0.421412 0.072202 1.150000
v -0.421412 0.078134 1.283912
v -0.527563 0.084508 1.272437
v -0.972437 0.084508 1.272437
v -0.527563 0.084508 1.027563
v -0.527563 0.034508 1.272437
v -0.972437 0.034508 1.272437
v -0.527563 0.034508 1.027563
v -0.972437 0.034508 1.027563
v -0.972437 0.084508 1.027563
v 1.272437 0.084508 0.972437
v 1.027563 0.084508 0.627563
v 1.027563 0.034508 0.972437
v 1.272437 0.034508 0.972437
v 1.027563 0.034508 0.627563
v 1.272437 0.034508 0.627563
v 1.272437 0.084508 0.627563
v 1.300000 0.084508 0.600000
v 1.300000 0.084508 0.544444
v 1.288516 0.084508 0.588516
v 1.011484 0.084508 0.588516
v 1.287289 0.083281 0.587289
v 1.288516 0.084508 0.555928
v 1.287289 0.083281 0.557155
v 1.011484 0.084508 0.555928
v 1.012711 0.083281 0.557155
v 1.000000 0.084508 0.544444
v 1.000000 0.084508 0.488889
v 1.011014 0.084508 0.533430
v 1.012711 0.082811 0.531733
v 1.288986 0.084508 0.533430
v 1.011014 0.084508 0.499903
v 1.012711 0.082811 0.501600
v 1.288986 0.084508 0.499903
v 1.287289 0.082811 0.501600
v 1.300000 0.084508 0.488889
v 1.300000 0.084508 0.433333
v 1.289720 0.084508 0.478609
v 1.287289 0.082077 0.476178
v 1.010280 0.084508 0.478609
v 1.289720 0.084508 0.443613
v 1.287289 0.082077 0.446044
v 1.010280 0.084508 0.443613
v 1.012711 0.082077 0.446044
v 1.000000 0.084508 0.433333
v 1.000000 0.084508 0.377778
v 1.010280 0.084508 0.423053
v 1.012711 0.082077 0.420622
v 1.289720 0.084508 0.423053
v 1.010280 0.084508 0.388058
v 1.012711 0.082077 0.390489
v 1.289720 0.084508 0.388058
v 1.287289 0.082077 0.390489
v 1.300000 0.084508 0.377778
v 1.300000 0.084508 0.322222
v 1.289720 0.084508 0.367498
v 1.287289 0.082077 0.365067
v 1.010280 0.084508 0.367498
v 1.289720 0.084508 0.332502
v 1.287289 0.082077 0.334933
v 1.010280 0.084508 0.332502
v 1.012711 0.082077 0.334933
v 1.000000 0.084508 0.322222
v 1.000000 0.084508 0.266667
v 1.010280 0.084508 0.311942
v 1.012711 0.082077 0.309511
v 1.289720 0.084508 0.311942
v 1.010280 0.084508 0.276947
v 1.012711 0.082077 0.279378
v 1.289720 0.084508 0.276947
v 1.287289 0.082077 0.279378
v 1.300000 0.084508 0.266667
v 1.300000 0.084508 0.211111
v 1.289720 0.084508 0.256387
v 1.287289 0.082077 0.253956
v 1.010280 0.084508 0.256387
v 1.289720 0.084508 0.221391
v 1.287289 0.082077 0.223822
v 1.010280 0.084508 0.221391
v 1.012711 0.082077 0.223822
v 1.000000 0.084508 0.211111
v 1.000000 0.084508 0.155556
v 1.010280 0.084508 0.200831
v 1.012711 0.082077 0.198400
v 1.289720 0.084508 0.200831
v 1.010280 0.084508 0.165835
v 1.012711 0.082077 0.168267
v 1.289720 0.084508 0.165835
v 1.287289 0.082077 0.168267
v 1.300000 0.084508 0.155556
v 1.300000 0.084508 0.100000
v 1.289720 0.084508 0.145276
v 1.287289 0.082077 0.142845
v 1.010280 0.084508 0.145276
v 1.289720 0.084508 0.110280
v 1.287289 0.082077 0.112711
v 1.010280 0.084508 0.110280
v 1.012711 0.082077 0.112711
v 1.000000 0.084508 0.100000
v 1.000000 0.084508 0.000000
v 1.000000 0.084508 -0.100000
v 1.300000 0.084508 -0.100000
v 1.000000 0.084508 -0.166667
v 1.009721 0.084508 -0.109721
v 1.012711 0.081518 -0.112711
v 1.009721 0.084508 -0.156946
v 1.290279 0.084508 -0.109721
v 1.287289 0.081518 -0.112711
v 1.290279 0.084508 -0.156946
v 1.287289 0.081518 -0.153956
v 1.012711 0.081518 -0.153956
v 1.287289 0.077223 -0.153956
v 1.012711 0.077223 -0.153956
v 1.287289 0.077223 -0.112711
v 1.012711 0.077223 -0.112711
v 1.000000 0.084508 -0.233333
v 1.009721 0.084508 -0.176387
v 1.012711 0.081518 -0.179378
v 1.009721 0.084508 -0.223613
v 1.290279 0.084508 -0.176387
v 1.287289 0.081518 -0.179378
v 1.290279 0.084508 -0.223613
v 1.287289 0.081518 -0.220622
v 1.012711 0.081518 -0.220622
v 1.287289 0.077223 -0.220622
v 1.012711 0.077223 -0.220622
v 1.287289 0.077223 -0.179378
v 1.012711 0.077223 -0.179378
v 1.000000 0.084508 -0.300000
v 1.009721 0.084508 -0.243054
v 1.012711 0.081518 -0.246044
v 1.009721 0.084508 -0.290279
v 1.290279 0.084508 -0.243054
v 1.287289 0.081518 -0.246044
v 1.290279 0.084508 -0.290279
v 1.287289 0.081518 -0.287289
v 1.012711 0.081518 -0.287289
v 1.287289 0.077223 -0.287289
v 1.012711 0.077223 -0.287289
v 1.287289 0.077223 -0.246044
v 1.012711 0.077223 -0.246044
v 1.000000 0.084508 -0.366667
v 1.009721 0.084508 -0.309721
v 1.012711 0.081518 -0.312711
v 1.009721 0.084508 -0.356946
v 1.290279 0.084508 -0.309721
v 1.287289 0.081518 -0.312711
v 1.290279 0.084508 -0.356946
v 1.287289 0.081518 -0.353956
v 1.012711 0.081518 -0.353956
v 1.287289 0.077223 -0.353956
v 1.012711 0.077223 -0.353956
v 1.287289 0.077223 -0.312711
v 1.012711 0.077223 -0.312711
v 1.000000 0.084508 -0.433333
v 1.009721 0.084508 -0.376387
v 1.012711 0.081518 -0.379378
v 1.009721 0.084508 -0.423613
v 1.290279 0.084508 -0.376387
v 1.287289 0.081518 -0.379378
v 1.290279 0.084508 -0.423613
v 1.287289 0.081518 -0.420622
v 1.012711 0.081518 -0.420622
v 1.287289 0.077223 -0.420622
v 1.012711 0.077223 -0.420622
v 1.287289 0.077223 -0.379378
v 1.012711 0.077223 -0.379378
v 1.000000 0.084508 -0.500000
v 1.009721 0.084508 -0.443054
v 1.012711 0.081518 -0.446044
v 1.009721 0.084508 -0.490279
v 1.290279 0.084508 -0.443054
v 1.287289 0.081518 -0.446044
v 1.290279 0.084508 -0.490279
v 1.287289 0.081518 -0.487289
v 1.012711 0.081518 -0.487289
v 1.287289 0.077223 -0.487289
v 1.012711 0.077223 -0.487289
v 1.287289 0.077223 -0.446044
v 1.012711 0.077223 -0.446044
v 1.000000 0.084508 -0.566667
v 1.009721 0.084508 -0.509721
v 1.012711 0.081518 -0.512711
v 1.009721 0.084508 -0.556946
v 1.290279 0.084508 -0.509721
v 1.287289 0.081518 -0.512711
v 1.290279 0.084508 -0.556946
v 1.287289 0.081518 -0.553956
v 1.012711 0.081518 -0.553956
v 1.287289 0.077223 -0.553956
v 1.012711 0.077223 -0.553956
v 1.287289 0.077223 -0.512711
v 1.012711 0.077223 -0.512711
v 1.000000 0.084508 -0.633333
v 1.009721 0.084508 -0.576387
v 1.012711 0.081518 -0.579378
v 1.009721 0.084508 -0.623613
v 1.290279 0.084508 -0.576387
v 1.287289 0.081518 -0.579378
v 1.290279 0.084508 -0.623613
v 1.287289 0.081518 -0.620622
v 1.012711 0.081518 -0.620622
v 1.287289 0.077223 -0.620622
v 1.012711 0.077223 -0.620622
v 1.287289 0.077223 -0.579378
v 1.012711 0.077223 -0.579378
v 1.000000 0.084508 -0.700000
v 1.009721 0.084508 -0.643054
v 1.012711 0.081518 -0.646044
v 1.009721 0.084508 -0.690279
v 1.290279 0.084508 -0.643054
v 1.287289 0.081518 -0.646044
v 1.290279 0.084508 -0.690279
v 1.287289 0.081518 -0.687289
v 1.300000 0.084508 -0.700000
v 1.272437 0.084508 -0.727563
v 1.299998 0.084508 -1.000000
v 1.272437 0.084508 -0.972437
v 1.027563 0.084508 -0.972437
v 1.272437 0.034508 -0.972437
v 1.272437 0.034508 -0.727563
v 1.027563 0.034508 -0.972437
v 1.027563 0.034508 -0.727563
v 1.027563 0.084508 -0.727563
v 1.012711 0.081518 -0.687289
v 1.287289 0.077223 -0.687289
v 1.012711 0.077223 -0.687289
v 1.287289 0.077223 -0.646044
v 1.012711 0.077223 -0.646044
v 1.300000 0.084508 0.000000
v 1.012711 0.082077 0.142845
v 1.012711 0.077223 0.112711
v 1.012711 0.077223 0.142845
v 1.287289 0.077223 0.112711
v 1.287289 0.077223 0.142845
v 1.287289 0.082077 0.198400
v 1.287289 0.077223 0.168267
v 1.287289 0.077223 0.198400
v 1.012711 0.077223 0.168267
v 1.012711 0.077223 0.198400
v 1.012711 0.082077 0.253956
v 1.012711 0.077223 0.223822
v 1.012711 0.077223 0.253956
v 1.287289 0.077223 0.223822
v 1.287289 0.077223 0.253956
v 1.287289 0.082077 0.309511
v 1.287289 0.077223 0.279378
v 1.287289 0.077223 0.309511
v 1.012711 0.077223 0.279378
v 1.012711 0.077223 0.309511
v 1.012711 0.082077 0.365067
v 1.012711 0.077223 0.334933
v 1.012711 0.077223 0.365067
v 1.287289 0.077223 0.334933
v 1.287289 0.077223 0.365067
v 1.287289 0.082077 0.420622
v 1.287289 0.077223 0.390489
v 1.287289 0.077223 0.420622
v 1.012711 0.077223 0.390489
v 1.012711 0.077223 0.420622
v 1.012711 0.082077 0.476178
v 1.012711 0.077223 0.446044
v 1.012711 0.077223 0.476178
v 1.287289 0.077223 0.446044
v 1.287289 0.077223 0.476178
v 1.287289 0.082811 0.531733
v 1.287289 0.077223 0.501600
v 1.287289 0.077223 0.531733
v 1.012711 0.077223 0.501600
v 1.012711 0.077223 0.531733
v 1.012711 0.083281 0.587289
v 1.012711 0.077223 0.557155
v 1.012711 0.077223 0.587289
v 1.287289 0.077223 0.557155
v 1.287289 0.077223 0.587289
v 1.069462 0.084508 1.116577
v 1.116645 0.084508 1.069401
v 1.091069 0.084508 1.091005
v 1.073000 0.084508 1.118043
v 1.118111 0.084508 1.072940
v 1.091069 0.081465 1.091005
v 1.073000 0.081465 1.118043
v 1.118111 0.081465 1.072940
v 1.106599 0.081465 1.106537
v 1.093292 0.081465 1.126450
v 1.126514 0.081465 1.093233
v 1.106599 0.079748 1.106537
v 1.106685 0.080807 1.106623
v 1.093292 0.079748 1.126450
v 1.126514 0.079748 1.093233
v 1.126561 0.080807 1.093345
v 1.150005 0.079748 1.088562
v 1.150005 0.080807 1.088684
v 1.173494 0.079748 1.093236
v 1.150005 0.081465 1.088562
v 1.173494 0.081465 1.093236
v 1.150007 0.081465 1.066598
v 1.181901 0.081465 1.072945
v 1.150007 0.084508 1.066598
v 1.181901 0.084508 1.072945
v 1.150007 0.084508 1.062768
v 1.183367 0.084508 1.069406
v 1.211648 0.084508 1.088306
v 1.230543 0.084508 1.116590
v 1.208940 0.084508 1.091014
v 1.227005 0.084508 1.118055
v 1.208940 0.081465 1.091014
v 1.227005 0.081465 1.118055
v 1.193407 0.081465 1.106544
v 1.206712 0.081465 1.126459
v 1.193407 0.079748 1.106544
v 1.193321 0.080807 1.106630
v 1.206712 0.079748 1.126459
v 1.206599 0.080807 1.126505
v 1.211382 0.079748 1.149949
v 1.211261 0.080807 1.149949
v 1.206708 0.079748 1.173439
v 1.211382 0.081465 1.149949
v 1.206708 0.081465 1.173439
v 1.233347 0.081465 1.149951
v 1.233347 0.084508 1.149951
v 1.227000 0.081465 1.181846
v 1.208930 0.081465 1.208884
v 1.227000 0.084508 1.181846
v 1.208930 0.084508 1.208884
v 1.230538 0.084508 1.183312
v 1.211638 0.084508 1.211593
v 1.237177 0.084508 1.149951
v 1.183355 0.084508 1.230488
v 1.149993 0.084508 1.237121
v 1.181889 0.084508 1.226949
v 1.149993 0.084508 1.233291
v 1.181889 0.081465 1.226949
v 1.149993 0.081465 1.233291
v 1.173486 0.081465 1.206656
v 1.193401 0.081465 1.193352
v 1.149995 0.081465 1.211327
v 1.173486 0.079748 1.206656
v 1.173439 0.080807 1.206544
v 1.193401 0.079748 1.193352
v 1.149995 0.079748 1.211327
v 1.126506 0.079748 1.206653
v 1.149995 0.080807 1.211205
v 1.126552 0.080807 1.206540
v 1.149995 0.081813 1.210846
v 1.126690 0.081813 1.206209
v 1.149995 0.082716 1.210268
v 1.173302 0.081813 1.206212
v 1.193061 0.081813 1.193012
v 1.173081 0.082716 1.205678
v 1.192652 0.082716 1.192603
v 1.172786 0.083469 1.204968
v 1.192109 0.083469 1.192060
v 1.172434 0.084036 1.204118
v 1.149995 0.083469 1.209500
v 1.127205 0.083469 1.204965
v 1.149995 0.084036 1.208580
v 1.127557 0.084036 1.204115
v 1.149995 0.084389 1.207554
v 1.127950 0.084389 1.203167
v 1.149996 0.084508 1.206474
v 1.172042 0.084389 1.203171
v 1.190733 0.084389 1.190684
v 1.171629 0.084508 1.202173
v 1.189970 0.084508 1.189920
v 1.202225 0.084508 1.171582
v 1.203223 0.084389 1.171995
v 1.206530 0.084508 1.149949
v 1.202228 0.084508 1.128316
v 1.207609 0.084389 1.149949
v 1.203226 0.084389 1.127903
v 1.208635 0.084036 1.149949
v 1.204174 0.084036 1.127510
v 1.209555 0.083469 1.149949
v 1.204170 0.084036 1.172388
v 1.191458 0.084036 1.191409
v 1.205020 0.083469 1.172740
v 1.205730 0.082716 1.173034
v 1.206264 0.081813 1.173255
v 1.210324 0.082716 1.149949
v 1.205734 0.082716 1.126864
v 1.210902 0.081813 1.149949
v 1.206268 0.081813 1.126643
v 1.193067 0.081813 1.106884
v 1.192659 0.082716 1.107293
v 1.173310 0.081813 1.093680
v 1.173089 0.082716 1.094214
v 1.173448 0.080807 1.093349
v 1.150005 0.081813 1.089043
v 1.150005 0.082716 1.089621
v 1.126698 0.081813 1.093677
v 1.126919 0.082716 1.094211
v 1.106939 0.081813 1.106877
v 1.093736 0.081813 1.126634
v 1.107348 0.082716 1.107286
v 1.094270 0.082716 1.126855
v 1.107891 0.083469 1.107829
v 1.094980 0.083469 1.127149
v 1.108542 0.084036 1.108480
v 1.127213 0.083469 1.094921
v 1.127566 0.084036 1.095771
v 1.150005 0.083469 1.090389
v 1.150005 0.084036 1.091309
v 1.172795 0.083469 1.094924
v 1.172443 0.084036 1.095774
v 1.192115 0.083469 1.107836
v 1.191465 0.084036 1.108486
v 1.205024 0.083469 1.127158
v 1.190739 0.084389 1.109212
v 1.189976 0.084508 1.109975
v 1.172050 0.084389 1.096722
v 1.171637 0.084508 1.097720
v 1.150005 0.084389 1.092335
v 1.150004 0.084508 1.093415
v 1.127958 0.084389 1.096719
v 1.128371 0.084508 1.097716
v 1.109267 0.084389 1.109205
v 1.096777 0.084389 1.127894
v 1.110030 0.084508 1.109969
v 1.097775 0.084508 1.128307
v 1.093470 0.084508 1.149940
v 1.092391 0.084389 1.149940
v 1.097772 0.084508 1.171573
v 1.096774 0.084389 1.171987
v 1.110024 0.084508 1.189914
v 1.109261 0.084389 1.190677
v 1.128363 0.084508 1.202170
v 1.108535 0.084036 1.191403
v 1.107885 0.083469 1.192053
v 1.095826 0.084036 1.172379
v 1.094976 0.083469 1.172731
v 1.091365 0.084036 1.149940
v 1.090445 0.083469 1.149940
v 1.095830 0.084036 1.127501
v 1.089676 0.082716 1.149940
v 1.089098 0.081813 1.149940
v 1.094266 0.082716 1.173025
v 1.093732 0.081813 1.173246
v 1.107341 0.082716 1.192597
v 1.106933 0.081813 1.193005
v 1.126911 0.082716 1.205675
v 1.106679 0.080807 1.193259
v 1.106593 0.079748 1.193345
v 1.093401 0.080807 1.173384
v 1.093288 0.079748 1.173430
v 1.088739 0.080807 1.149940
v 1.088618 0.079748 1.149940
v 1.093404 0.080807 1.126497
v 1.088618 0.081465 1.149940
v 1.093288 0.081465 1.173430
v 1.066653 0.081465 1.149938
v 1.066653 0.084508 1.149938
v 1.072995 0.081465 1.181834
v 1.091060 0.081465 1.208875
v 1.072995 0.084508 1.181834
v 1.091060 0.084508 1.208875
v 1.069457 0.084508 1.183299
v 1.088352 0.084508 1.211583
v 1.062823 0.084508 1.149938
v 1.116633 0.084508 1.230483
v 1.118099 0.084508 1.226944
v 1.118099 0.081465 1.226944
v 1.126506 0.081465 1.206653
v 1.106593 0.081465 1.193345
v 1.206596 0.080807 1.173392
v 1.193315 0.080807 1.193266
v 0.951534 0.084508 -0.951534
v -1.000000 0.084508 -1.000000
v 1.000000 0.000000 -1.000000
v -0.951534 0.084508 -0.951534
v -0.951534 0.084508 -0.761227
v -0.713650 0.084508 -0.951534
v -0.951534 0.059698 -0.951534
v -0.951534 0.059698 -0.761227
v -0.713650 0.059698 -0.951534
v -0.679511 0.059698 -0.906015
v -0.679511 0.084508 -0.906015
v -0.226504 0.059698 -0.906015
v -0.226504 0.084508 -0.906015
v -0.237883 0.059698 -0.951534
v -0.237883 0.084508 -0.951534
v 0.237883 0.059698 -0.951534
v 0.237883 0.084508 -0.951534
v 0.226504 0.059698 -0.906015
v 0.226504 0.084508 -0.906015
v 0.679511 0.059698 -0.906015
v 0.679511 0.084508 -0.906015
v 0.713650 0.059698 -0.951534
v 0.713650 0.084508 -0.951534
v 0.951534 0.059698 -0.951534
v 0.951534 0.059698 -0.761227
v 0.951534 0.084508 -0.761227
v 0.906015 0.059698 -0.724812
v 0.906015 0.084508 -0.724812
v 0.906015 0.059698 -0.181203
v 0.906015 0.084508 -0.181203
v 0.951534 0.059698 -0.190307
v 0.951534 0.084508 -0.190307
v 0.951534 0.059698 0.190307
v 0.951534 0.084508 0.190307
v 0.906015 0.059698 0.181203
v 0.906015 0.084508 0.181203
v 0.906015 0.059698 0.724812
v 0.906015 0.084508 0.724812
v 0.951534 0.059698 0.761227
v 0.951534 0.084508 0.761227
v 0.951534 0.059698 0.951534
v 0.713650 0.059698 0.951534
v 0.713650 0.084508 0.951534
v 0.679511 0.059698 0.906015
v 0.679511 0.084508 0.906015
v 0.226504 0.059698 0.906015
v 0.226504 0.084508 0.906015
v 0.237883 0.059698 0.951534
v 0.237883 0.084508 0.951534
v -0.237883 0.059698 0.951534
v -0.237883 0.084508 0.951534
v -0.226504 0.059698 0.906015
v -0.226504 0.084508 0.906015
v -0.679511 0.059698 0.906015
v -0.679511 0.084508 0.906015
v -0.713650 0.059698 0.951534
v -0.713650 0.084508 0.951534
v -0.951534 0.059698 0.951534
v -0.951534 0.084508 0.951534
v -0.951534 0.059698 0.761227
v -0.951534 0.084508 0.761227
v -0.906015 0.059698 0.724812
v -0.906015 0.084508 0.724812
v -0.906015 0.059698 0.181203
v -0.906015 0.084508 0.181203
v -0.951534 0.059698 0.190307
v -0.951534 0.084508 0.190307
v -0.951534 0.059698 -0.190307
v -0.951534 0.084508 -0.190307
v -0.906015 0.059698 -0.181203
v -0.906015 0.084508 -0.181203
v -0.906015 0.059698 -0.724812
v -0.906015 0.084508 -0.724812
v -0.906015 0.084508 -0.702162
v -0.906015 0.084508 -0.657431
v -0.919685 0.084508 -0.696294
v -0.928077 0.084508 -0.699474
v -0.914766 0.084508 -0.688789
v -0.919685 0.082588 -0.696294
v -0.919987 0.084893 -0.695918
v -0.928077 0.082588 -0.699474
v -0.914766 0.082588 -0.688789
v -0.915231 0.084893 -0.688663
v -0.915197 0.082588 -0.679826
v -0.915648 0.084893 -0.679997
v -0.920814 0.082588 -0.672828
v -0.915197 0.084508 -0.679826
v -0.920814 0.084508 -0.672828
v -0.929472 0.084508 -0.670468
v -0.937863 0.084508 -0.673648
v -0.929472 0.082588 -0.670468
v -0.929449 0.084893 -0.670950
v -0.937863 0.082588 -0.673648
v -0.937562 0.084893 -0.674024
v -0.942783 0.082588 -0.681153
v -0.942318 0.084893 -0.681280
v -0.942352 0.082588 -0.690116
v -0.942783 0.084508 -0.681153
v -0.942352 0.084508 -0.690116
v -0.936735 0.084508 -0.697114
v -0.951534 0.084508 -0.737439
v -0.936735 0.082588 -0.697114
v -0.936471 0.084893 -0.696711
v -0.935718 0.086847 -0.695563
v -0.941901 0.084893 -0.689945
v -0.928100 0.084893 -0.698992
v -0.928166 0.086847 -0.697621
v -0.928265 0.088153 -0.695569
v -0.920847 0.086847 -0.694848
v -0.922133 0.088153 -0.693246
v -0.916555 0.086847 -0.688302
v -0.918537 0.088153 -0.687761
v -0.916931 0.086847 -0.680483
v -0.918853 0.088153 -0.681211
v -0.921831 0.086847 -0.674379
v -0.921079 0.084893 -0.673231
v -0.929383 0.086847 -0.672321
v -0.922957 0.088153 -0.676097
v -0.929284 0.088153 -0.674373
v -0.924286 0.088611 -0.678124
v -0.929168 0.088611 -0.676794
v -0.921119 0.088611 -0.682070
v -0.920876 0.088611 -0.687124
v -0.923650 0.088611 -0.691356
v -0.928381 0.088611 -0.693149
v -0.933263 0.088611 -0.691818
v -0.934592 0.088153 -0.693845
v -0.936430 0.088611 -0.687872
v -0.938696 0.088153 -0.688731
v -0.936673 0.088611 -0.682818
v -0.939011 0.088153 -0.682181
v -0.933899 0.088611 -0.678586
v -0.935416 0.088153 -0.676697
v -0.936702 0.086847 -0.675094
v -0.940994 0.086847 -0.681641
v -0.940618 0.086847 -0.689459
v -0.951534 0.084508 -0.666074
v -0.951534 0.084508 -0.261672
v -0.951534 0.084508 -0.214095
v -0.938133 0.084508 -0.254295
v -0.942512 0.084508 -0.246790
v -0.930179 0.084508 -0.257792
v -0.938133 0.082588 -0.254295
v -0.937812 0.084893 -0.253935
v -0.942512 0.082588 -0.246790
v -0.930179 0.082588 -0.257792
v -0.930131 0.084893 -0.257312
v -0.921689 0.082588 -0.255946
v -0.921932 0.084893 -0.255529
v -0.915905 0.082588 -0.249462
v -0.921689 0.084508 -0.255946
v -0.915905 0.084508 -0.249462
v -0.915037 0.084508 -0.240816
v -0.906015 0.084508 -0.271805
v -0.906015 0.084508 -0.203853
v -0.919416 0.084508 -0.233312
v -0.927370 0.084508 -0.229815
v -0.919416 0.082588 -0.233312
v -0.919737 0.084893 -0.233672
v -0.927370 0.082588 -0.229815
v -0.915037 0.082588 -0.240816
v -0.915508 0.084893 -0.240919
v -0.916849 0.086847 -0.241210
v -0.916346 0.084893 -0.249268
v -0.917603 0.086847 -0.248715
v -0.919483 0.088153 -0.247888
v -0.922623 0.086847 -0.254344
v -0.923659 0.088153 -0.252569
v -0.929994 0.086847 -0.255946
v -0.929788 0.088153 -0.253902
v -0.936898 0.086847 -0.252910
v -0.935530 0.088153 -0.251377
v -0.940700 0.086847 -0.246396
v -0.942041 0.084893 -0.246688
v -0.939946 0.086847 -0.238891
v -0.938692 0.088153 -0.245960
v -0.938066 0.088153 -0.239718
v -0.936324 0.088611 -0.245445
v -0.935847 0.088611 -0.240694
v -0.933917 0.088611 -0.249569
v -0.929546 0.088611 -0.251491
v -0.924880 0.088611 -0.250476
v -0.921702 0.088611 -0.246913
v -0.921225 0.088611 -0.242162
v -0.918857 0.088153 -0.241647
v -0.923632 0.088611 -0.238038
v -0.922018 0.088153 -0.236229
v -0.928003 0.088611 -0.236116
v -0.927761 0.088153 -0.233705
v -0.932669 0.088611 -0.237130
v -0.933890 0.088153 -0.235037
v -0.934926 0.086847 -0.233263
v -0.935618 0.084893 -0.232077
v -0.927555 0.086847 -0.231660
v -0.927418 0.084893 -0.230295
v -0.920651 0.086847 -0.234696
v -0.935860 0.082588 -0.231661
v -0.941203 0.084893 -0.238339
v -0.941644 0.082588 -0.238145
v -0.941644 0.084508 -0.238145
v -0.935860 0.084508 -0.231661
v -0.951534 0.084508 0.214095
v -0.941644 0.084508 0.238145
v -0.951534 0.084508 0.737439
v -0.936735 0.084508 0.697114
v -0.942352 0.084508 0.690116
v -0.928077 0.084508 0.699474
v -0.936735 0.082588 0.697114
v -0.936471 0.084893 0.696711
v -0.942352 0.082588 0.690116
v -0.928077 0.082588 0.699474
v -0.928100 0.084893 0.698992
v -0.919685 0.082588 0.696294
v -0.919987 0.084893 0.695918
v -0.914766 0.082588 0.688789
v -0.919685 0.084508 0.696294
v -0.906015 0.084508 0.702162
v -0.914766 0.084508 0.688789
v -0.915197 0.084508 0.679826
v -0.920814 0.084508 0.672828
v -0.915197 0.082588 0.679826
v -0.915648 0.084893 0.679997
v -0.920814 0.082588 0.672828
v -0.921079 0.084893 0.673231
v -0.929472 0.082588 0.670468
v -0.929449 0.084893 0.670950
v -0.937863 0.082588 0.673648
v -0.929472 0.084508 0.670468
v -0.937863 0.084508 0.673648
v -0.942783 0.084508 0.681153
v -0.942783 0.082588 0.681153
v -0.942318 0.084893 0.681280
v -0.941901 0.084893 0.689945
v -0.940994 0.086847 0.681641
v -0.937562 0.084893 0.674024
v -0.936702 0.086847 0.675094
v -0.935416 0.088153 0.676697
v -0.929383 0.086847 0.672321
v -0.929284 0.088153 0.674373
v -0.921831 0.086847 0.674379
v -0.922957 0.088153 0.676097
v -0.916931 0.086847 0.680483
v -0.918853 0.088153 0.681211
v -0.916555 0.086847 0.688302
v -0.918537 0.088153 0.687761
v -0.915231 0.084893 0.688662
v -0.920847 0.086847 0.694848
v -0.922133 0.088153 0.693246
v -0.928166 0.086847 0.697621
v -0.928265 0.088153 0.695569
v -0.935718 0.086847 0.695563
v -0.934592 0.088153 0.693845
v -0.940618 0.086847 0.689459
v -0.938696 0.088153 0.688731
v -0.936430 0.088611 0.687872
v -0.939011 0.088153 0.682181
v -0.936673 0.088611 0.682818
v -0.933899 0.088611 0.678586
v -0.929168 0.088611 0.676794
v -0.924286 0.088611 0.678124
v -0.921119 0.088611 0.682070
v -0.920876 0.088611 0.687124
v -0.923650 0.088611 0.691356
v -0.928381 0.088611 0.693149
v -0.933263 0.088611 0.691818
v -0.906015 0.084508 0.203853
v -0.919416 0.084508 0.233312
v -0.927370 0.084508 0.229815
v -0.915037 0.084508 0.240816
v -0.919416 0.082588 0.233312
v -0.919737 0.084893 0.233672
v -0.927370 0.082588 0.229815
v -0.915037 0.082588 0.240816
v -0.915508 0.084893 0.240919
v -0.915905 0.082588 0.249462
v -0.916346 0.084893 0.249268
v -0.921689 0.082588 0.255946
v -0.915905 0.084508 0.249462
v -0.921689 0.084508 0.255946
v -0.930179 0.084508 0.257792
v -0.938133 0.084508 0.254295
v -0.930179 0.082588 0.257792
v -0.930131 0.084893 0.257312
v -0.938133 0.082588 0.254295
v -0.937812 0.084893 0.253935
v -0.942512 0.082588 0.246790
v -0.941644 0.082588 0.238145
v -0.942041 0.084893 0.246688
v -0.942512 0.084508 0.246790
v -0.941203 0.084893 0.238339
v -0.940700 0.086847 0.246396
v -0.939946 0.086847 0.238891
v -0.938692 0.088153 0.245960
v -0.936898 0.086847 0.252910
v -0.935530 0.088153 0.251377
v -0.929994 0.086847 0.255946
v -0.929788 0.088153 0.253902
v -0.922623 0.086847 0.254344
v -0.923659 0.088153 0.252569
v -0.921932 0.084893 0.255529
v -0.917603 0.086847 0.248715
v -0.919483 0.088153 0.247888
v -0.916849 0.086847 0.241210
v -0.920651 0.086847 0.234696
v -0.918857 0.088153 0.241647
v -0.922018 0.088153 0.236229
v -0.921225 0.088611 0.242162
v -0.923632 0.088611 0.238038
v -0.921702 0.088611 0.246913
v -0.924880 0.088611 0.250476
v -0.929546 0.088611 0.251491
v -0.933917 0.088611 0.249569
v -0.936324 0.088611 0.245445
v -0.935847 0.088611 0.240694
v -0.938066 0.088153 0.239718
v -0.932669 0.088611 0.237130
v -0.933890 0.088153 0.235037
v -0.928003 0.088611 0.236116
v -0.927761 0.088153 0.233705
v -0.927555 0.086847 0.231660
v -0.927418 0.084893 0.230295
v -0.934926 0.086847 0.233263
v -0.935618 0.084893 0.232077
v -0.935860 0.082588 0.231661
v -0.935860 0.084508 0.231661
v -0.654179 0.084508 0.951534
v -0.267619 0.084508 0.951534
v -0.636407 0.084508 0.940133
v -0.640718 0.084508 0.930683
v -0.627365 0.084508 0.945245
v -0.636407 0.082588 0.940133
v -0.640718 0.082588 0.930683
v -0.636052 0.084893 0.939807
v -0.627365 0.082588 0.945245
v -0.627269 0.084893 0.944772
v -0.617045 0.082588 0.944065
v -0.617245 0.084893 0.943627
v -0.609390 0.082588 0.937045
v -0.617045 0.084508 0.944065
v -0.609390 0.084508 0.937045
v -0.607323 0.084508 0.926866
v -0.611633 0.084508 0.917416
v -0.607323 0.082588 0.926866
v -0.607801 0.084893 0.926921
v -0.611633 0.082588 0.917416
v -0.611988 0.084893 0.917741
v -0.620675 0.082588 0.912304
v -0.620771 0.084893 0.912776
v -0.630995 0.082588 0.913484
v -0.620675 0.084508 0.912304
v -0.630995 0.084508 0.913484
v -0.638651 0.084508 0.920504
v -0.651198 0.084508 0.906015
v -0.254817 0.084508 0.906015
v -0.293368 0.084508 0.916720
v -0.302628 0.084508 0.912330
v -0.288457 0.084508 0.925715
v -0.293368 0.082588 0.916720
v -0.293699 0.084893 0.917071
v -0.302628 0.082588 0.912330
v -0.288457 0.082588 0.925715
v -0.288931 0.084893 0.925804
v -0.289772 0.082588 0.935878
v -0.290207 0.084893 0.935672
v -0.296809 0.082588 0.943328
v -0.289772 0.084508 0.935878
v -0.296809 0.084508 0.943328
v -0.306881 0.084508 0.945219
v -0.316140 0.084508 0.940828
v -0.306881 0.082588 0.945219
v -0.306819 0.084893 0.944741
v -0.316140 0.082588 0.940828
v -0.315809 0.084893 0.940478
v -0.321051 0.082588 0.931834
v -0.319737 0.082588 0.921670
v -0.320577 0.084893 0.931745
v -0.321051 0.084508 0.931834
v -0.319737 0.084508 0.921670
v -0.312700 0.084508 0.914221
v -0.312700 0.082588 0.914221
v -0.312469 0.084893 0.914644
v -0.311811 0.086847 0.915849
v -0.302689 0.084893 0.912808
v -0.319301 0.084893 0.921877
v -0.318061 0.086847 0.922465
v -0.319228 0.086847 0.931491
v -0.316204 0.088153 0.923345
v -0.317209 0.088153 0.931112
v -0.314014 0.088611 0.924384
v -0.310826 0.088153 0.917652
v -0.309665 0.088611 0.919779
v -0.303129 0.088153 0.916207
v -0.303440 0.088611 0.918610
v -0.296052 0.088153 0.919562
v -0.302866 0.086847 0.914169
v -0.294642 0.086847 0.918069
v -0.290280 0.086847 0.926057
v -0.292300 0.088153 0.926436
v -0.291447 0.086847 0.935084
v -0.293304 0.088153 0.934204
v -0.297697 0.086847 0.941700
v -0.298682 0.088153 0.939897
v -0.297040 0.084893 0.942905
v -0.306643 0.086847 0.943379
v -0.306379 0.088153 0.941342
v -0.314867 0.086847 0.939480
v -0.313456 0.088153 0.937986
v -0.311792 0.088611 0.936225
v -0.306068 0.088611 0.938938
v -0.314827 0.088611 0.930665
v -0.299843 0.088611 0.937770
v -0.295494 0.088611 0.933165
v -0.294681 0.088611 0.926883
v -0.297717 0.088611 0.921324
v -0.638651 0.082588 0.920504
v -0.638231 0.084893 0.920741
v -0.630795 0.084893 0.913922
v -0.637036 0.086847 0.921416
v -0.640239 0.084893 0.930628
v -0.638875 0.086847 0.930472
v -0.635040 0.086847 0.938879
v -0.636834 0.088153 0.930239
v -0.633526 0.088153 0.937491
v -0.634426 0.088611 0.929964
v -0.635248 0.088153 0.922427
v -0.629373 0.088153 0.917040
v -0.633138 0.088611 0.923620
v -0.628367 0.088611 0.919245
v -0.621936 0.088611 0.918510
v -0.621453 0.088153 0.916135
v -0.616301 0.088611 0.921696
v -0.614514 0.088153 0.920058
v -0.613614 0.088611 0.927585
v -0.611207 0.088153 0.927310
v -0.614903 0.088611 0.933929
v -0.612793 0.088153 0.935121
v -0.619674 0.088611 0.938304
v -0.618668 0.088153 0.940508
v -0.626105 0.088611 0.939039
v -0.626587 0.088153 0.941414
v -0.631740 0.088611 0.935853
v -0.626996 0.086847 0.943427
v -0.617815 0.086847 0.942378
v -0.611004 0.086847 0.936132
v -0.609809 0.084893 0.936808
v -0.609165 0.086847 0.927077
v -0.613000 0.086847 0.918669
v -0.621045 0.086847 0.914122
v -0.630225 0.086847 0.915171
v 0.267619 0.084508 0.951534
v 0.296546 0.084508 0.943050
v 0.356825 0.084508 0.951534
v 0.594708 0.084508 0.951534
v 0.316140 0.084508 0.940828
v 0.306881 0.084508 0.945219
v 0.321051 0.084508 0.931834
v 0.316140 0.082588 0.940828
v 0.315809 0.084893 0.940478
v 0.306881 0.082588 0.945219
v 0.321051 0.082588 0.931834
v 0.319737 0.082588 0.921670
v 0.320577 0.084893 0.931745
v 0.319301 0.084893 0.921877
v 0.319228 0.086847 0.931491
v 0.318061 0.086847 0.922465
v 0.317209 0.088153 0.931112
v 0.314867 0.086847 0.939480
v 0.306643 0.086847 0.943379
v 0.313456 0.088153 0.937986
v 0.306379 0.088153 0.941342
v 0.311792 0.088611 0.936225
v 0.306068 0.088611 0.938938
v 0.314827 0.088611 0.930665
v 0.314015 0.088611 0.924384
v 0.316204 0.088153 0.923345
v 0.309665 0.088611 0.919779
v 0.310826 0.088153 0.917652
v 0.303440 0.088611 0.918610
v 0.303129 0.088153 0.916207
v 0.297717 0.088611 0.921324
v 0.296052 0.088153 0.919562
v 0.294681 0.088611 0.926883
v 0.292300 0.088153 0.926436
v 0.295494 0.088611 0.933165
v 0.293304 0.088153 0.934204
v 0.299843 0.088611 0.937770
v 0.298682 0.088153 0.939897
v 0.297697 0.086847 0.941700
v 0.291448 0.086847 0.935084
v 0.297040 0.084893 0.942905
v 0.290207 0.084893 0.935672
v 0.296809 0.082588 0.943328
v 0.306819 0.084893 0.944741
v 0.289772 0.082588 0.935878
v 0.296809 0.084508 0.943328
v 0.288457 0.082588 0.925715
v 0.289772 0.084508 0.935878
v 0.288457 0.084508 0.925715
v 0.293368 0.084508 0.916720
v 0.283130 0.084508 0.906015
v 0.302628 0.084508 0.912330
v 0.293368 0.082588 0.916720
v 0.293699 0.084893 0.917071
v 0.302628 0.082588 0.912330
v 0.302689 0.084893 0.912808
v 0.312700 0.082588 0.914221
v 0.312469 0.084893 0.914644
v 0.312700 0.084508 0.914221
v 0.319737 0.084508 0.921670
v 0.339756 0.084508 0.906015
v 0.566260 0.084508 0.906015
v 0.651198 0.084508 0.906015
v 0.611633 0.084508 0.917416
v 0.607323 0.084508 0.926866
v 0.620675 0.084508 0.912304
v 0.611633 0.082588 0.917416
v 0.611988 0.084893 0.917741
v 0.607323 0.082588 0.926866
v 0.620675 0.082588 0.912304
v 0.620771 0.084893 0.912776
v 0.630995 0.082588 0.913484
v 0.630795 0.084893 0.913922
v 0.638651 0.082588 0.920504
v 0.630995 0.084508 0.913484
v 0.638651 0.084508 0.920504
v 0.640718 0.084508 0.930683
v 0.636407 0.084508 0.940133
v 0.640718 0.082588 0.930683
v 0.640239 0.084893 0.930628
v 0.636407 0.082588 0.940133
v 0.636052 0.084893 0.939807
v 0.627365 0.082588 0.945245
v 0.627269 0.084893 0.944772
v 0.617045 0.082588 0.944065
v 0.627365 0.084508 0.945245
v 0.617045 0.084508 0.944065
v 0.609390 0.084508 0.937045
v 0.609390 0.082588 0.937045
v 0.609809 0.084893 0.936808
v 0.611004 0.086847 0.936132
v 0.617245 0.084893 0.943627
v 0.607801 0.084893 0.926921
v 0.609165 0.086847 0.927077
v 0.611207 0.088153 0.927310
v 0.613000 0.086847 0.918669
v 0.614514 0.088153 0.920058
v 0.621045 0.086847 0.914122
v 0.621453 0.088153 0.916135
v 0.630225 0.086847 0.915171
v 0.629373 0.088153 0.917040
v 0.637036 0.086847 0.921416
v 0.638231 0.084893 0.920741
v 0.635248 0.088153 0.922427
v 0.638875 0.086847 0.930472
v 0.635040 0.086847 0.938879
v 0.636834 0.088153 0.930239
v 0.633526 0.088153 0.937491
v 0.634426 0.088611 0.929964
v 0.631740 0.088611 0.935853
v 0.633138 0.088611 0.923620
v 0.628367 0.088611 0.919245
v 0.621936 0.088611 0.918510
v 0.616301 0.088611 0.921696
v 0.613614 0.088611 0.927585
v 0.614903 0.088611 0.933929
v 0.612793 0.088153 0.935121
v 0.619673 0.088611 0.938304
v 0.618668 0.088153 0.940508
v 0.626105 0.088611 0.939039
v 0.626587 0.088153 0.941414
v 0.626996 0.086847 0.943427
v 0.617815 0.086847 0.942378
v 0.683915 0.084508 0.951534
v 0.311811 0.086847 0.915849
v 0.302866 0.086847 0.914169
v 0.294642 0.086847 0.918069
v 0.290280 0.086847 0.926057
v 0.288931 0.084893 0.925804
v 0.951534 0.084508 0.713650
v 0.936735 0.084508 0.697114
v 0.951534 0.084508 0.666074
v 0.951534 0.084508 0.285460
v 0.942783 0.084508 0.681153
v 0.942352 0.084508 0.690116
v 0.937863 0.084508 0.673648
v 0.942783 0.082588 0.681153
v 0.942318 0.084893 0.681280
v 0.942352 0.082588 0.690116
v 0.937863 0.082588 0.673648
v 0.937562 0.084893 0.674024
v 0.929472 0.082588 0.670468
v 0.929449 0.084893 0.670950
v 0.920814 0.082588 0.672828
v 0.929472 0.084508 0.670468
v 0.920814 0.084508 0.672828
v 0.915197 0.084508 0.679826
v 0.914766 0.084508 0.688789
v 0.906015 0.084508 0.656861
v 0.915197 0.082588 0.679826
v 0.915648 0.084893 0.679997
v 0.914766 0.082588 0.688789
v 0.915231 0.084893 0.688662
v 0.919685 0.082588 0.696294
v 0.919987 0.084893 0.695918
v 0.928077 0.082588 0.699474
v 0.919685 0.084508 0.696294
v 0.928077 0.084508 0.699474
v 0.919563 0.084508 0.696108
v 0.906015 0.084508 0.702162
v 0.928100 0.084893 0.698992
v 0.936735 0.082588 0.697114
v 0.936471 0.084893 0.696711
v 0.935718 0.086847 0.695563
v 0.941901 0.084893 0.689945
v 0.940618 0.086847 0.689459
v 0.938696 0.088153 0.688731
v 0.940994 0.086847 0.681641
v 0.939011 0.088153 0.682181
v 0.936702 0.086847 0.675094
v 0.935416 0.088153 0.676697
v 0.929383 0.086847 0.672321
v 0.929284 0.088153 0.674373
v 0.921831 0.086847 0.674379
v 0.921078 0.084893 0.673231
v 0.922957 0.088153 0.676097
v 0.916931 0.086847 0.680483
v 0.918853 0.088153 0.681211
v 0.916555 0.086847 0.688302
v 0.918537 0.088153 0.687761
v 0.920847 0.086847 0.694848
v 0.922133 0.088153 0.693246
v 0.928166 0.086847 0.697621
v 0.928265 0.088153 0.695569
v 0.928381 0.088611 0.693149
v 0.934592 0.088153 0.693845
v 0.933263 0.088611 0.691818
v 0.936430 0.088611 0.687872
v 0.936673 0.088611 0.682818
v 0.933899 0.088611 0.678586
v 0.929168 0.088611 0.676794
v 0.924286 0.088611 0.678124
v 0.921119 0.088611 0.682070
v 0.920876 0.088611 0.687124
v 0.923650 0.088611 0.691356
v 0.906015 0.084508 0.271805
v 0.921689 0.084508 0.255946
v 0.906015 0.084508 0.203853
v 0.919416 0.084508 0.233312
v 0.927370 0.084508 0.229815
v 0.915037 0.084508 0.240816
v 0.919416 0.082588 0.233312
v 0.919737 0.084893 0.233672
v 0.927370 0.082588 0.229815
v 0.915037 0.082588 0.240816
v 0.915508 0.084893 0.240919
v 0.915905 0.082588 0.249462
v 0.916346 0.084893 0.249268
v 0.921689 0.082588 0.255946
v 0.915905 0.084508 0.249462
v 0.921932 0.084893 0.255529
v 0.930179 0.082588 0.257792
v 0.930131 0.084893 0.257312
v 0.938133 0.082588 0.254295
v 0.930179 0.084508 0.257792
v 0.938133 0.084508 0.254295
v 0.942512 0.084508 0.246790
v 0.941644 0.084508 0.238145
v 0.942512 0.082588 0.246790
v 0.941644 0.082588 0.238145
v 0.942041 0.084893 0.246688
v 0.941203 0.084893 0.238339
v 0.940700 0.086847 0.246396
v 0.937812 0.084893 0.253935
v 0.936898 0.086847 0.252910
v 0.935531 0.088153 0.251377
v 0.929994 0.086847 0.255946
v 0.929788 0.088153 0.253902
v 0.922623 0.086847 0.254344
v 0.923659 0.088153 0.252569
v 0.917603 0.086847 0.248715
v 0.919483 0.088153 0.247888
v 0.916849 0.086847 0.241210
v 0.920651 0.086847 0.234696
v 0.918857 0.088153 0.241647
v 0.922018 0.088153 0.236229
v 0.921225 0.088611 0.242162
v 0.923632 0.088611 0.238038
v 0.921702 0.088611 0.246913
v 0.924880 0.088611 0.250476
v 0.929546 0.088611 0.251491
v 0.933917 0.088611 0.249569
v 0.936324 0.088611 0.245445
v 0.938692 0.088153 0.245960
v 0.935847 0.088611 0.240694
v 0.938066 0.088153 0.239718
v 0.932669 0.088611 0.237130
v 0.933890 0.088153 0.235037
v 0.928003 0.088611 0.236116
v 0.927761 0.088153 0.233705
v 0.927555 0.086847 0.231660
v 0.927418 0.084893 0.230295
v 0.934926 0.086847 0.233263
v 0.935617 0.084893 0.232077
v 0.939946 0.086847 0.238891
v 0.935860 0.082588 0.231661
v 0.935860 0.084508 0.231661
v 0.951534 0.084508 0.214095
v 0.951534 0.084508 -0.214095
v 0.941644 0.084508 -0.238145
v 0.951534 0.084508 -0.285460
v 0.938133 0.084508 -0.254295
v 0.951534 0.084508 -0.666074
v 0.937863 0.084508 -0.673648
v 0.951534 0.084508 -0.713650
v 0.951534 0.084508 -0.737439
v 0.936735 0.084508 -0.697114
v 0.942352 0.084508 -0.690116
v 0.928077 0.084508 -0.699474
v 0.936735 0.082588 -0.697114
v 0.936471 0.084893 -0.696711
v 0.942352 0.082588 -0.690116
v 0.928077 0.082588 -0.699474
v 0.928100 0.084893 -0.698992
v 0.919685 0.082588 -0.696294
v 0.919987 0.084893 -0.695918
v 0.914766 0.082588 -0.688789
v 0.919685 0.084508 -0.696294
v 0.914766 0.084508 -0.688789
v 0.906015 0.084508 -0.702162
v 0.906015 0.084508 -0.656861
v 0.920814 0.084508 -0.672828
v 0.906015 0.084508 -0.271805
v 0.921689 0.084508 -0.255946
v 0.906015 0.084508 -0.203853
v 0.919416 0.084508 -0.233312
v 0.927370 0.084508 -0.229815
v 0.915037 0.084508 -0.240816
v 0.919416 0.082588 -0.233312
v 0.919737 0.084893 -0.233672
v 0.927370 0.082588 -0.229815
v 0.915037 0.082588 -0.240816
v 0.915508 0.084893 -0.240919
v 0.915905 0.082588 -0.249462
v 0.916346 0.084893 -0.249268
v 0.921689 0.082588 -0.255946
v 0.915905 0.084508 -0.249462
v 0.921932 0.084893 -0.255529
v 0.930179 0.082588 -0.257792
v 0.930131 0.084893 -0.257312
v 0.938133 0.082588 -0.254295
v 0.930179 0.084508 -0.257792
v 0.937812 0.084893 -0.253935
v 0.942512 0.082588 -0.246790
v 0.941644 0.082588 -0.238145
v 0.942041 0.084893 -0.246688
v 0.942512 0.084508 -0.246790
v 0.941203 0.084893 -0.238339
v 0.940700 0.086847 -0.246396
v 0.939946 0.086847 -0.238891
v 0.938692 0.088153 -0.245960
v 0.936898 0.086847 -0.252910
v 0.935531 0.088153 -0.251377
v 0.929994 0.086847 -0.255946
v 0.929788 0.088153 -0.253902
v 0.922623 0.086847 -0.254344
v 0.923659 0.088153 -0.252569
v 0.917603 0.086847 -0.248715
v 0.919483 0.088153 -0.247888
v 0.916849 0.086847 -0.241210
v 0.920651 0.086847 -0.234696
v 0.918857 0.088153 -0.241647
v 0.922018 0.088153 -0.236229
v 0.921225 0.088611 -0.242162
v 0.923632 0.088611 -0.238038
v 0.921702 0.088611 -0.246913
v 0.924880 0.088611 -0.250476
v 0.929546 0.088611 -0.251491
v 0.933917 0.088611 -0.249569
v 0.936324 0.088611 -0.245445
v 0.935847 0.088611 -0.240694
v 0.938066 0.088153 -0.239718
v 0.932669 0.088611 -0.237130
v 0.933890 0.088153 -0.235037
v 0.928003 0.088611 -0.236116
v 0.927761 0.088153 -0.233705
v 0.927555 0.086847 -0.231660
v 0.927418 0.084893 -0.230295
v 0.934926 0.086847 -0.233263
v 0.935617 0.084893 -0.232077
v 0.935860 0.082588 -0.231661
v 0.935860 0.084508 -0.231661
v 0.929472 0.084508 -0.670468
v 0.915197 0.084508 -0.679826
v 0.920814 0.082588 -0.672828
v 0.921078 0.084893 -0.673231
v 0.929472 0.082588 -0.670468
v 0.915197 0.082588 -0.679826
v 0.915648 0.084893 -0.679997
v 0.916931 0.086847 -0.680483
v 0.915231 0.084893 -0.688663
v 0.916555 0.086847 -0.688302
v 0.918537 0.088153 -0.687761
v 0.920847 0.086847 -0.694848
v 0.922133 0.088153 -0.693246
v 0.928166 0.086847 -0.697621
v 0.928265 0.088153 -0.695569
v 0.935718 0.086847 -0.695563
v 0.934592 0.088153 -0.693845
v 0.940618 0.086847 -0.689459
v 0.938696 0.088153 -0.688731
v 0.941901 0.084893 -0.689945
v 0.940994 0.086847 -0.681641
v 0.942318 0.084893 -0.681280
v 0.939011 0.088153 -0.682181
v 0.936702 0.086847 -0.675094
v 0.937562 0.084893 -0.674024
v 0.935416 0.088153 -0.676697
v 0.929383 0.086847 -0.672321
v 0.929449 0.084893 -0.670950
v 0.929284 0.088153 -0.674373
v 0.921831 0.086847 -0.674379
v 0.922957 0.088153 -0.676097
v 0.924286 0.088611 -0.678124
v 0.918853 0.088153 -0.681211
v 0.921119 0.088611 -0.682070
v 0.920876 0.088611 -0.687124
v 0.923650 0.088611 -0.691356
v 0.928381 0.088611 -0.693149
v 0.933263 0.088611 -0.691818
v 0.936430 0.088611 -0.687872
v 0.936673 0.088611 -0.682818
v 0.933899 0.088611 -0.678586
v 0.929168 0.088611 -0.676794
v 0.937863 0.082588 -0.673648
v 0.942783 0.082588 -0.681153
v 0.942783 0.084508 -0.681153
v 0.683915 0.084508 -0.951534
v 0.636407 0.084508 -0.940133
v 0.594708 0.084508 -0.951534
v 0.617045 0.084508 -0.944065
v 0.356825 0.084508 -0.951534
v 0.316140 0.084508 -0.940828
v 0.267619 0.084508 -0.951534
v 0.296809 0.084508 -0.943328
v 0.306881 0.084508 -0.945219
v 0.289772 0.084508 -0.935878
v 0.296809 0.082588 -0.943328
v 0.297040 0.084893 -0.942905
v 0.289772 0.082588 -0.935878
v 0.306881 0.082588 -0.945219
v 0.306819 0.084893 -0.944741
v 0.316140 0.082588 -0.940828
v 0.315809 0.084893 -0.940478
v 0.321051 0.082588 -0.931834
v 0.319737 0.082588 -0.921670
v 0.320577 0.084893 -0.931745
v 0.321051 0.084508 -0.931834
v 0.319737 0.084508 -0.921670
v 0.312700 0.084508 -0.914221
v 0.339756 0.084508 -0.906015
v 0.302628 0.084508 -0.912330
v 0.312700 0.082588 -0.914221
v 0.312469 0.084893 -0.914644
v 0.302628 0.082588 -0.912330
v 0.302689 0.084893 -0.912808
v 0.293368 0.082588 -0.916720
v 0.293699 0.084893 -0.917071
v 0.288457 0.082588 -0.925715
v 0.293368 0.084508 -0.916720
v 0.254817 0.084508 -0.906015
v 0.288457 0.084508 -0.925715
v 0.288931 0.084893 -0.925804
v 0.290280 0.086847 -0.926057
v 0.290207 0.084893 -0.935672
v 0.291448 0.086847 -0.935084
v 0.293304 0.088153 -0.934204
v 0.297697 0.086847 -0.941700
v 0.298682 0.088153 -0.939897
v 0.306643 0.086847 -0.943379
v 0.306379 0.088153 -0.941342
v 0.314867 0.086847 -0.939480
v 0.313456 0.088153 -0.937986
v 0.319228 0.086847 -0.931491
v 0.318061 0.086847 -0.922465
v 0.317209 0.088153 -0.931112
v 0.316204 0.088153 -0.923345
v 0.314827 0.088611 -0.930665
v 0.314015 0.088611 -0.924384
v 0.311792 0.088611 -0.936225
v 0.306068 0.088611 -0.938938
v 0.299843 0.088611 -0.937770
v 0.295494 0.088611 -0.933165
v 0.294681 0.088611 -0.926883
v 0.292300 0.088153 -0.926436
v 0.297717 0.088611 -0.921324
v 0.303440 0.088611 -0.918610
v 0.296052 0.088153 -0.919562
v 0.303129 0.088153 -0.916207
v 0.294642 0.086847 -0.918069
v 0.302866 0.086847 -0.914169
v 0.311811 0.086847 -0.915849
v 0.310826 0.088153 -0.917652
v 0.309665 0.088611 -0.919779
v 0.319301 0.084893 -0.921877
v 0.594572 0.084508 -0.906015
v 0.611633 0.084508 -0.917416
v 0.651198 0.084508 -0.906015
v 0.630995 0.084508 -0.913484
v 0.638651 0.084508 -0.920504
v 0.620675 0.084508 -0.912304
v 0.630995 0.082588 -0.913484
v 0.630795 0.084893 -0.913922
v 0.620675 0.082588 -0.912304
v 0.638651 0.082588 -0.920504
v 0.638231 0.084893 -0.920741
v 0.640718 0.082588 -0.930683
v 0.640239 0.084893 -0.930628
v 0.636407 0.082588 -0.940133
v 0.640718 0.084508 -0.930683
v 0.636052 0.084893 -0.939807
v 0.627365 0.082588 -0.945245
v 0.627269 0.084893 -0.944772
v 0.617045 0.082588 -0.944065
v 0.627365 0.084508 -0.945245
v 0.617245 0.084893 -0.943627
v 0.609390 0.082588 -0.937045
v 0.609809 0.084893 -0.936808
v 0.607323 0.082588 -0.926866
v 0.609390 0.084508 -0.937045
v 0.607323 0.084508 -0.926866
v 0.607801 0.084893 -0.926921
v 0.611633 0.082588 -0.917416
v 0.611988 0.084893 -0.917741
v 0.613000 0.086847 -0.918669
v 0.620771 0.084893 -0.912776
v 0.621045 0.086847 -0.914122
v 0.621453 0.088153 -0.916135
v 0.630225 0.086847 -0.915171
v 0.629373 0.088153 -0.917040
v 0.637036 0.086847 -0.921416
v 0.635248 0.088153 -0.922427
v 0.638875 0.086847 -0.930472
v 0.635040 0.086847 -0.938879
v 0.636834 0.088153 -0.930239
v 0.633526 0.088153 -0.937491
v 0.634426 0.088611 -0.929964
v 0.631740 0.088611 -0.935853
v 0.633138 0.088611 -0.923620
v 0.628367 0.088611 -0.919245
v 0.621936 0.088611 -0.918510
v 0.616301 0.088611 -0.921696
v 0.614514 0.088153 -0.920058
v 0.613614 0.088611 -0.927585
v 0.611207 0.088153 -0.927310
v 0.614903 0.088611 -0.933929
v 0.612793 0.088153 -0.935121
v 0.619673 0.088611 -0.938303
v 0.618668 0.088153 -0.940508
v 0.626105 0.088611 -0.939039
v 0.626587 0.088153 -0.941414
v 0.626996 0.086847 -0.943427
v 0.617815 0.086847 -0.942378
v 0.611004 0.086847 -0.936132
v 0.609165 0.086847 -0.927077
v -0.267619 0.084508 -0.951534
v -0.296809 0.084508 -0.943328
v -0.327090 0.084508 -0.951534
v -0.594709 0.084508 -0.951534
v -0.316140 0.084508 -0.940828
v -0.306881 0.084508 -0.945219
v -0.321051 0.084508 -0.931834
v -0.316140 0.082588 -0.940828
v -0.315809 0.084893 -0.940478
v -0.306881 0.082588 -0.945219
v -0.321051 0.082588 -0.931834
v -0.319737 0.082588 -0.921670
v -0.320577 0.084893 -0.931745
v -0.319301 0.084893 -0.921877
v -0.319228 0.086847 -0.931491
v -0.318061 0.086847 -0.922465
v -0.317209 0.088153 -0.931112
v -0.314867 0.086847 -0.939480
v -0.306643 0.086847 -0.943379
v -0.313456 0.088153 -0.937986
v -0.306379 0.088153 -0.941342
v -0.311792 0.088611 -0.936225
v -0.306068 0.088611 -0.938938
v -0.314827 0.088611 -0.930665
v -0.314014 0.088611 -0.924384
v -0.316204 0.088153 -0.923345
v -0.309665 0.088611 -0.919779
v -0.310826 0.088153 -0.917652
v -0.303440 0.088611 -0.918610
v -0.303129 0.088153 -0.916207
v -0.297717 0.088611 -0.921324
v -0.296052 0.088153 -0.919562
v -0.294681 0.088611 -0.926883
v -0.292300 0.088153 -0.926436
v -0.295494 0.088611 -0.933165
v -0.293304 0.088153 -0.934204
v -0.299843 0.088611 -0.937770
v -0.298682 0.088153 -0.939897
v -0.297697 0.086847 -0.941700
v -0.291447 0.086847 -0.935084
v -0.297040 0.084893 -0.942905
v -0.290207 0.084893 -0.935672
v -0.296809 0.082588 -0.943328
v -0.306819 0.084893 -0.944741
v -0.289772 0.082588 -0.935878
v -0.288457 0.082588 -0.925715
v -0.289772 0.084508 -0.935878
v -0.288457 0.084508 -0.925715
v -0.293368 0.084508 -0.916720
v -0.254817 0.084508 -0.906015
v -0.302628 0.084508 -0.912330
v -0.293368 0.082588 -0.916720
v -0.293699 0.084893 -0.917071
v -0.302628 0.082588 -0.912330
v -0.302689 0.084893 -0.912808
v -0.312700 0.082588 -0.914221
v -0.312469 0.084893 -0.914644
v -0.312700 0.084508 -0.914221
v -0.312954 0.084508 -0.914490
v -0.319737 0.084508 -0.921670
v -0.339756 0.084508 -0.906015
v -0.311443 0.084508 -0.906015
v -0.594726 0.084508 -0.906015
v -0.620675 0.084508 -0.912304
v -0.651198 0.084508 -0.906015
v -0.630995 0.084508 -0.913484
v -0.638651 0.084508 -0.920504
v -0.630995 0.082588 -0.913484
v -0.630795 0.084893 -0.913922
v -0.620675 0.082588 -0.912304
v -0.638651 0.082588 -0.920504
v -0.638231 0.084893 -0.920741
v -0.640718 0.082588 -0.930683
v -0.640239 0.084893 -0.930628
v -0.636407 0.082588 -0.940133
v -0.640718 0.084508 -0.930683
v -0.636407 0.084508 -0.940133
v -0.627365 0.084508 -0.945245
v -0.654179 0.084508 -0.951534
v -0.617045 0.084508 -0.944065
v -0.627365 0.082588 -0.945245
v -0.627269 0.084893 -0.944772
v -0.617045 0.082588 -0.944065
v -0.617245 0.084893 -0.943627
v -0.609390 0.082588 -0.937045
v -0.609809 0.084893 -0.936808
v -0.607323 0.082588 -0.926866
v -0.609390 0.084508 -0.937045
v -0.607323 0.084508 -0.926866
v -0.611633 0.084508 -0.917416
v -0.611633 0.082588 -0.917416
v -0.611988 0.084893 -0.917741
v -0.613000 0.086847 -0.918669
v -0.607801 0.084893 -0.926921
v -0.620771 0.084893 -0.912776
v -0.621045 0.086847 -0.914122
v -0.621453 0.088153 -0.916135
v -0.630225 0.086847 -0.915171
v -0.629373 0.088153 -0.917040
v -0.637036 0.086847 -0.921416
v -0.635248 0.088153 -0.922427
v -0.638875 0.086847 -0.930472
v -0.635040 0.086847 -0.938879
v -0.636834 0.088153 -0.930239
v -0.633526 0.088153 -0.937491
v -0.634426 0.088611 -0.929964
v -0.631740 0.088611 -0.935853
v -0.633138 0.088611 -0.923620
v -0.628367 0.088611 -0.919245
v -0.621936 0.088611 -0.918510
v -0.616301 0.088611 -0.921696
v -0.614514 0.088153 -0.920058
v -0.613614 0.088611 -0.927585
v -0.611207 0.088153 -0.927310
v -0.614903 0.088611 -0.933929
v -0.612793 0.088153 -0.935121
v -0.619674 0.088611 -0.938303
v -0.618668 0.088153 -0.940508
v -0.626105 0.088611 -0.939039
v -0.626587 0.088153 -0.941414
v -0.626996 0.086847 -0.943427
v -0.617815 0.086847 -0.942378
v -0.611004 0.086847 -0.936132
v -0.609165 0.086847 -0.927077
v -0.636052 0.084893 -0.939807
v -0.283130 0.084508 -0.906015
v -0.311811 0.086847 -0.915849
v -0.302866 0.086847 -0.914169
v -0.294642 0.086847 -0.918069
v -0.290280 0.086847 -0.926057
v -0.288931 0.084893 -0.925804
vn -0.0000 -0.0980 -0.9952
vn -0.0000 0.0980 -0.9952
vn -0.0000 0.2903 -0.9569
vn -0.0000 0.4714 -0.8819
vn -0.0000 0.6344 -0.7730
vn -0.0000 0.7730 -0.6344
vn -0.0000 0.8819 -0.4714
vn -0.0000 0.9569 -0.2903
vn -0.0000 0.9952 -0.0980
vn -0.0000 0.9952 0.0980
vn -0.0000 0.9569 0.2903
vn -0.0000 0.8819 0.4714
vn -0.0000 0.7730 0.6344
vn -0.0000 0.6344 0.7730
vn -0.0000 0.4714 0.8819
vn -0.0000 0.2903 0.9569
vn -0.0000 0.0980 0.9952
vn -0.0000 -0.0980 0.9952
vn -0.0000 -0.2903 -0.9569
vn -0.0000 -0.4714 -0.8819
vn -0.0012 -1.0000 -0.0000
vn -0.0005 -1.0000 -0.0005
vn -0.0005 -1.0000 -0.0003
vn -0.0000 -0.0000 1.0000
vn -0.0000 -0.4714 0.8819
vn -0.0000 -0.2903 0.9569
vn -0.0000 0.0997 0.9950
vn -0.0000 0.2962 0.9551
vn -0.0000 -0.0000 -1.0000
vn -0.7375 -0.6675 0.1027
vn -0.0000 0.0001 -1.0000
vn -0.6804 -0.7297 0.0673
vn 0.8804 0.4706 0.0586
vn 0.9812 0.1899 0.0336
vn 0.9812 -0.1932 0.0033
vn -0.9952 0.0980 -0.0000
vn -0.9952 -0.0980 -0.0000
vn -0.2553 0.0252 0.9665
vn -0.2553 -0.0251 0.9665
vn -0.2455 -0.0745 0.9665
vn -0.9569 -0.2903 -0.0000
vn -0.2262 -0.1209 0.9665
vn -0.8819 -0.4714 -0.0000
vn -0.2348 -0.1079 0.9660
vn -0.8627 -0.4739 0.1766
vn -0.8233 -0.5293 0.2049
vn -0.6836 -0.6645 0.3020
vn -0.7974 -0.5039 0.3321
vn -0.8786 -0.3238 0.3510
vn -0.9379 -0.2943 0.1837
vn -0.9245 -0.1319 0.3576
vn -0.9772 -0.1045 0.1849
vn -0.9341 0.0643 0.3512
vn -0.9797 0.0889 0.1798
vn -0.9078 0.2570 0.3316
vn -0.9456 0.2787 0.1681
vn -0.8473 0.4389 0.2990
vn -0.8761 0.4583 0.1497
vn -0.7556 0.6037 0.2543
vn -0.8419 0.5133 0.1666
vn -0.6364 0.7454 0.1985
vn -0.5324 0.8402 0.1027
vn -0.6597 0.7415 0.1229
vn -0.7414 0.6597 0.1228
vn -0.2348 0.1079 0.9660
vn -0.1079 0.2348 0.9660
vn -0.4839 0.8732 0.0578
vn -0.1209 0.2263 0.9665
vn -0.3072 0.9515 0.0173
vn -0.0745 0.2455 0.9665
vn -0.2903 0.9569 -0.0000
vn -0.4714 0.8819 -0.0000
vn 0.5605 -0.8270 0.0436
vn -0.0980 0.9952 -0.0000
vn 0.0980 0.9952 -0.0000
vn 0.0251 0.2553 0.9665
vn -0.0251 0.2553 0.9665
vn 0.0745 0.2455 0.9665
vn 0.2903 0.9569 -0.0000
vn 0.1209 0.2263 0.9665
vn 0.4714 0.8819 -0.0000
vn 0.6378 0.7701 0.0139
vn 0.7714 0.6363 0.0079
vn -0.8004 -0.5965 0.0603
vn -0.9814 -0.1837 0.0553
vn -0.5318 -0.8466 0.0213
vn -0.2002 -0.9763 0.0820
vn 0.2144 -0.9736 0.0786
vn 0.9072 -0.4206 0.0089
vn 0.0001 -1.0000 -0.0004
vn 0.9569 0.2903 -0.0000
vn 0.8819 0.4714 -0.0000
vn 0.2455 0.0745 0.9665
vn 0.2263 0.1209 0.9665
vn 0.2412 0.0981 0.9655
vn 0.8549 0.4721 -0.2152
vn 0.8634 0.4878 -0.1284
vn 0.6523 0.6625 -0.3681
vn 0.7677 0.5023 -0.3978
vn 0.8559 0.3224 -0.4042
vn 0.9324 0.2931 -0.2116
vn 0.9127 0.1304 -0.3872
vn 0.9753 0.1037 -0.1951
vn 0.9344 -0.0651 -0.3503
vn 0.9816 -0.0893 -0.1687
vn 0.9190 -0.2560 -0.2999
vn 0.9506 -0.2788 -0.1365
vn 0.8669 -0.4352 -0.2429
vn 0.8830 -0.4580 -0.1025
vn 0.7806 -0.5972 -0.1842
vn 0.8824 -0.4698 -0.0256
vn 0.6637 -0.7374 -0.1258
vn 0.5165 -0.8524 0.0816
vn 0.0950 -0.2432 0.9653
vn 0.6583 -0.7507 -0.0564
vn 0.2462 -0.0904 0.9650
vn 0.7712 -0.6366 0.0061
vn 0.4908 -0.8713 -0.0081
vn 0.1209 -0.2263 0.9665
vn 0.3126 -0.9497 0.0206
vn 0.0745 -0.2455 0.9665
vn 0.2903 -0.9569 -0.0000
vn 0.4714 -0.8819 -0.0000
vn 0.0980 -0.9952 -0.0000
vn -0.0980 -0.9952 -0.0000
vn 0.0251 -0.2553 0.9665
vn -0.0251 -0.2553 0.9665
vn -0.0745 -0.2455 0.9665
vn -0.2903 -0.9569 -0.0000
vn -0.1209 -0.2263 0.9665
vn -0.4714 -0.8819 -0.0000
vn -0.1079 -0.2348 0.9660
vn -0.4510 -0.8836 0.1257
vn -0.5032 -0.8497 0.1577
vn -0.3771 -0.9009 0.2150
vn -0.5415 -0.7987 0.2623
vn -0.1973 -0.9668 0.1622
vn -0.2685 -0.9579 0.1017
vn -0.0099 -0.9943 0.1060
vn -0.0750 -0.9943 0.0758
vn 0.1772 -0.9830 0.0482
vn 0.1215 -0.9914 0.0486
vn 0.3564 -0.9343 -0.0099
vn 0.3697 -0.9234 -0.1030
vn 0.2190 -0.9757 0.0004
vn 0.5062 -0.8377 -0.2049
vn 0.5205 -0.8511 -0.0679
vn 0.6225 -0.7210 -0.3045
vn 0.4853 -0.6976 -0.5271
vn 0.4123 -0.8231 -0.3904
vn 0.5321 -0.5423 -0.6503
vn 0.7123 -0.5763 -0.4007
vn 0.5484 -0.3632 -0.7532
vn 0.7700 -0.4076 -0.4908
vn 0.5343 -0.1691 -0.8282
vn 0.7919 -0.2204 -0.5695
vn 0.4950 0.0294 -0.8684
vn 0.7776 -0.0225 -0.6284
vn 0.4394 0.2228 -0.8703
vn 0.7312 0.1766 -0.6589
vn 0.3751 0.4040 -0.8343
vn 0.6593 0.3675 -0.6559
vn 0.3065 0.5683 -0.7636
vn 0.5685 0.5421 -0.6189
vn 0.2342 0.7117 -0.6623
vn 0.4628 0.6941 -0.5515
vn 0.1574 0.8299 -0.5353
vn 0.3449 0.8185 -0.4595
vn 0.5142 0.7963 -0.3186
vn 0.2170 0.9114 -0.3497
vn 0.3579 0.8986 -0.2540
vn 0.4462 0.8820 -0.1516
vn 0.4788 0.8715 -0.1055
vn 0.1019 0.2387 0.9657
vn 0.1889 0.9655 -0.1794
vn 0.2666 0.9572 -0.1129
vn 0.0129 0.9950 -0.0995
vn 0.0759 0.9946 -0.0701
vn -0.1638 0.9863 -0.0186
vn -0.1181 0.9927 -0.0259
vn -0.3350 0.9403 0.0599
vn -0.3346 0.9303 0.1501
vn -0.1983 0.9798 0.0263
vn -0.4622 0.8460 0.2658
vn -0.4945 0.8590 0.1330
vn -0.5762 0.7289 0.3698
vn -0.4376 0.7007 0.5635
vn -0.3651 0.8266 0.4283
vn -0.4960 0.5457 0.6755
vn -0.6713 0.5825 0.4583
vn -0.5366 0.3676 0.7595
vn -0.7428 0.4117 0.5281
vn -0.5569 0.1742 0.8121
vn -0.7863 0.2228 0.5763
vn -0.5549 -0.0260 0.8315
vn -0.7987 0.0236 0.6013
vn -0.5305 -0.2242 0.8175
vn -0.7785 -0.1771 0.6021
vn -0.4842 -0.4117 0.7720
vn -0.7260 -0.3703 0.5795
vn -0.4181 -0.5813 0.6980
vn -0.6433 -0.5474 0.5352
vn -0.3349 -0.7267 0.5998
vn -0.5342 -0.7012 0.4721
vn -0.2378 -0.8434 0.4818
vn -0.4035 -0.8259 0.3937
vn -0.1304 -0.9280 0.3490
vn -0.2569 -0.9174 0.3038
vn -0.0166 -0.9784 0.2058
vn -0.1003 -0.9734 0.2062
vn 0.0995 -0.9934 0.0566
vn 0.0604 -0.9927 0.1042
vn 0.2133 -0.9724 -0.0949
vn 0.1627 -0.9667 -0.1975
vn 0.0949 -0.9954 -0.0152
vn 0.2233 -0.9001 -0.3742
vn 0.3195 -0.9153 -0.2451
vn 0.2722 -0.7972 -0.5388
vn 0.1529 -0.7741 -0.6143
vn 0.1307 -0.8832 -0.4504
vn -1.0000 -0.0000 -0.0000
vn -0.4734 -0.6809 -0.5588
vn -0.4734 -0.7768 -0.4152
vn -0.4734 -0.8429 -0.2557
vn -0.4734 -0.8766 -0.0863
vn 0.1008 -0.9579 -0.2688
vn 0.0659 -0.9949 -0.0766
vn 0.0284 -0.9926 0.1184
vn 0.0242 -0.9858 0.1664
vn -0.0457 -0.9389 0.3411
vn -0.0094 -0.9512 0.3084
vn -0.1118 -0.8570 0.5030
vn -0.0454 -0.8729 0.4857
vn -0.4734 -0.8429 0.2557
vn -0.4734 -0.7768 0.4152
vn -0.4734 -0.6809 0.5588
vn -0.4734 -0.5588 0.6809
vn -0.0780 -0.7614 0.6436
vn -0.1062 -0.6213 0.7763
vn -0.1716 -0.7434 0.6465
vn -0.2229 -0.6020 0.7667
vn -0.2643 -0.4380 0.8592
vn -0.1291 -0.4585 0.8793
vn -0.2947 -0.2570 0.9204
vn -0.1462 -0.2789 0.9491
vn -0.4734 -0.4152 0.7768
vn -0.4734 -0.2557 0.8429
vn -0.4735 -0.0863 0.8766
vn -0.4735 0.0863 0.8766
vn -0.1572 -0.0891 0.9835
vn -0.1623 0.1043 0.9812
vn -0.3133 -0.0653 0.9474
vn -0.3198 0.1301 0.9385
vn -0.3144 0.3217 0.8931
vn -0.1615 0.2943 0.9420
vn -0.2977 0.5019 0.8121
vn -0.1554 0.4741 0.8667
vn -0.4734 0.2557 0.8429
vn -0.4734 0.4152 0.7768
vn -0.4734 0.5588 0.6809
vn -0.4734 0.6809 0.5588
vn -0.1446 0.6366 0.7575
vn -0.1298 0.7753 0.6181
vn -0.2710 0.6631 0.6977
vn -0.2358 0.7982 0.5543
vn -0.1943 0.9012 0.3873
vn -0.1120 0.8842 0.4535
vn -0.1486 0.9676 0.2039
vn -0.0923 0.9584 0.2701
vn -0.4734 0.7768 0.4152
vn -0.4734 0.8429 0.2557
vn -0.4734 0.8766 0.0863
vn -0.4734 0.8766 -0.0863
vn -0.0716 0.9946 0.0757
vn -0.0509 0.9913 -0.1218
vn -0.1012 0.9948 0.0121
vn -0.0540 0.9822 -0.1798
vn -0.0086 0.9315 -0.3636
vn -0.0306 0.9490 -0.3139
vn 0.0345 0.8461 -0.5319
vn -0.0107 0.8701 -0.4928
vn -0.4734 0.8429 -0.2557
vn -0.4734 0.7768 -0.4152
vn -0.4734 0.6809 -0.5588
vn -0.4734 0.5588 -0.6809
vn 0.0093 0.7584 -0.6517
vn 0.0305 0.6189 -0.7848
vn 0.0758 0.7307 -0.6785
vn 0.1165 0.5905 -0.7986
vn 0.1584 0.4304 -0.8886
vn 0.0541 0.4571 -0.8877
vn 0.2020 0.2547 -0.9457
vn 0.0804 0.2788 -0.9570
vn -0.4734 0.4152 -0.7768
vn -0.4735 0.2557 -0.8429
vn -0.4734 0.0863 -0.8766
vn -0.4734 -0.0863 -0.8766
vn 0.1083 0.0899 -0.9900
vn 0.1345 -0.1031 -0.9855
vn 0.2455 0.0677 -0.9670
vn 0.2837 -0.1257 -0.9506
vn 0.3097 -0.3177 -0.8962
vn 0.1549 -0.2932 -0.9434
vn 0.3177 -0.4995 -0.8060
vn 0.1657 -0.4729 -0.8654
vn -0.4735 -0.2557 -0.8429
vn -0.4735 -0.4152 -0.7768
vn -0.4734 -0.5588 -0.6809
vn 0.3828 -0.4355 -0.8148
vn 0.3827 -0.5861 -0.7141
vn 0.3827 -0.7142 -0.5861
vn 0.9239 -0.2428 -0.2958
vn 0.9239 -0.2958 -0.2428
vn 0.9239 -0.3375 -0.1804
vn 0.3827 -0.8148 -0.4355
vn 0.9239 -0.3662 -0.1111
vn 0.3827 -0.8841 -0.2682
vn 0.9239 -0.3808 -0.0375
vn 0.3827 -0.9194 -0.0906
vn 0.9239 -0.3808 0.0375
vn 0.3827 -0.9194 0.0906
vn -0.4734 -0.8766 0.0863
vn 0.3827 -0.8841 0.2682
vn 0.9239 -0.3662 0.1111
vn 0.9239 -0.3375 0.1804
vn 0.3827 -0.8148 0.4355
vn 0.9239 -0.2958 0.2428
vn 0.3827 -0.7142 0.5861
vn 0.9239 -0.2428 0.2958
vn 0.3827 -0.5861 0.7142
vn 0.9239 -0.1804 0.3375
vn 0.3827 -0.4355 0.8148
vn 0.9239 -0.1111 0.3662
vn 0.3827 -0.2682 0.8841
vn 0.9239 -0.0375 0.3808
vn 0.3827 -0.0906 0.9194
vn 0.9239 0.0375 0.3808
vn 0.3827 0.0906 0.9194
vn 0.9239 0.1111 0.3662
vn 0.3827 0.2682 0.8841
vn 0.9239 0.1804 0.3375
vn 0.3827 0.4355 0.8148
vn 0.9239 0.2427 0.2958
vn 0.3827 0.5861 0.7142
vn 0.9239 0.2958 0.2428
vn 0.3827 0.7142 0.5861
vn 0.9239 0.3375 0.1804
vn 0.3827 0.8148 0.4355
vn 0.9239 0.3662 0.1111
vn 0.3827 0.8841 0.2682
vn 0.9239 0.3808 0.0375
vn 0.3827 0.9194 0.0906
vn 0.9239 0.3808 -0.0375
vn 0.3827 0.9194 -0.0906
vn 0.9239 0.3662 -0.1111
vn 0.3827 0.8841 -0.2682
vn 0.9239 0.3375 -0.1804
vn 0.3827 0.8148 -0.4355
vn 0.9239 0.2958 -0.2428
vn 0.3827 0.7142 -0.5861
vn 0.9239 0.2428 -0.2958
vn 0.3827 0.5861 -0.7142
vn 0.9239 0.1804 -0.3375
vn 0.3828 0.4355 -0.8148
vn 0.9239 0.1111 -0.3662
vn 0.3828 0.2682 -0.8841
vn 0.9239 0.0375 -0.3809
vn 0.3827 0.0906 -0.9194
vn 0.9239 -0.0375 -0.3809
vn 0.3827 -0.0906 -0.9194
vn 0.9239 -0.1111 -0.3662
vn 0.3828 -0.2682 -0.8841
vn 0.9239 -0.1804 -0.3375
vn 0.0054 -0.2903 -0.9569
vn 0.0036 -0.4714 -0.8819
vn 1.0000 -0.0000 -0.0000
vn 0.0046 0.0493 -0.9988
vn 0.0036 -0.0493 -0.9988
vn 0.0115 0.2903 -0.9569
vn 0.0134 0.4713 -0.8818
vn 0.0151 0.6343 -0.7729
vn 0.0165 0.7729 -0.6343
vn 0.0176 0.8818 -0.4713
vn 0.0184 0.9568 -0.2902
vn 0.0145 0.9987 0.0493
vn 0.0145 0.9987 -0.0493
vn 0.0184 0.9568 0.2902
vn 0.0176 0.8818 0.4713
vn 0.0165 0.7729 0.6343
vn 0.0150 0.6343 0.7729
vn 0.0134 0.4714 0.8818
vn 0.0115 0.2902 0.9569
vn 0.0036 -0.0493 0.9988
vn 0.0046 0.0493 0.9988
vn 0.0054 -0.2903 0.9569
vn 0.0036 -0.4714 0.8819
vn 0.0019 -0.6344 0.7730
vn 0.0004 -0.7730 0.6344
vn -0.0007 -0.8819 0.4714
vn -0.0015 -0.9569 0.2903
vn -0.0063 -0.9988 -0.0493
vn -0.0063 -0.9988 0.0493
vn -0.0015 -0.9569 -0.2903
vn -0.0007 -0.8819 -0.4714
vn 0.0004 -0.7730 -0.6344
vn 0.0019 -0.6344 -0.7730
vn 0.1651 -0.6354 -0.7543
vn 0.3048 -0.6618 -0.6849
vn 0.0753 0.9185 -0.3883
vn -0.0117 0.9738 -0.2273
vn 0.0816 0.9701 -0.2284
vn -0.1021 0.9930 -0.0587
vn -0.0581 0.9931 -0.1014
vn -0.1934 0.9748 0.1110
vn -0.2823 0.9189 0.2754
vn 0.2263 -0.1209 0.9665
vn 0.8819 -0.4714 -0.0000
vn -0.9178 0.3801 0.1149
vn -0.9647 0.0559 0.2575
vn 0.9569 -0.2903 -0.0000
vn 0.9952 -0.0980 -0.0000
vn 0.2455 -0.0745 0.9665
vn 0.2553 -0.0252 0.9665
vn 0.2553 0.0252 0.9665
vn 0.9952 0.0980 -0.0000
vn -0.2263 0.1209 0.9665
vn -0.8819 0.4714 -0.0000
vn -0.9569 0.2903 -0.0000
vn -0.2455 0.0745 0.9665
vn -0.7730 0.6344 -0.0000
vn -0.6344 0.7730 -0.0000
vn 0.6344 0.7730 -0.0000
vn 0.7730 0.6344 -0.0000
vn -0.9947 0.1028 -0.0000
vn -0.9579 0.2871 -0.0000
vn -0.0073 -0.6362 0.7715
vn -0.0139 -0.7701 0.6378
vn -0.1027 -0.6675 -0.7375
vn -0.0673 -0.7297 -0.6804
vn -0.0000 -0.8819 -0.4714
vn -0.0000 -0.9569 -0.2903
vn -0.9666 -0.2262 -0.1209
vn -0.9666 -0.2454 -0.0744
vn -0.9666 -0.2552 -0.0251
vn -0.0000 -0.9952 -0.0980
vn -0.9666 -0.2552 0.0251
vn -0.0000 -0.9952 0.0980
vn -0.0000 -0.9569 0.2903
vn -0.0000 -0.8819 0.4714
vn -0.9666 -0.2454 0.0744
vn -0.9666 -0.2262 0.1209
vn -0.9653 -0.2431 0.0950
vn 0.0081 -0.8713 0.4907
vn -0.0816 -0.8524 0.5165
vn 0.1258 -0.7374 0.6637
vn 0.0678 -0.8511 0.5205
vn 0.0099 -0.9343 0.3564
vn -0.0206 -0.9497 0.3126
vn -0.0482 -0.9830 0.1772
vn -0.0486 -0.9914 0.1215
vn -0.1060 -0.9943 -0.0099
vn -0.0758 -0.9943 -0.0750
vn -0.1622 -0.9668 -0.1973
vn -0.1017 -0.9579 -0.2685
vn -0.2150 -0.9009 -0.3771
vn -0.1257 -0.8836 -0.4510
vn -0.2623 -0.7987 -0.5415
vn -0.1577 -0.8497 -0.5032
vn -0.3020 -0.6645 -0.6836
vn -0.2049 -0.5293 -0.8233
vn -0.3321 -0.5039 -0.7974
vn -0.1766 -0.4739 -0.8627
vn -0.3510 -0.3238 -0.8786
vn -0.1837 -0.2943 -0.9379
vn -0.3576 -0.1318 -0.9245
vn -0.1849 -0.1045 -0.9772
vn -0.3512 0.0643 -0.9341
vn -0.1798 0.0889 -0.9797
vn -0.3316 0.2570 -0.9078
vn -0.1681 0.2787 -0.9456
vn -0.2990 0.4389 -0.8473
vn -0.1497 0.4583 -0.8761
vn -0.2543 0.6037 -0.7556
vn -0.1666 0.5133 -0.8419
vn -0.1985 0.7454 -0.6364
vn -0.1027 0.8402 -0.5324
vn -0.1228 0.7414 -0.6597
vn -0.1228 0.6597 -0.7415
vn -0.9661 0.1078 -0.2347
vn -0.9661 0.2347 -0.1078
vn -0.0578 0.8732 -0.4839
vn -0.9666 0.2262 -0.1209
vn -0.0173 0.9515 -0.3072
vn -0.9666 0.2454 -0.0744
vn 0.0436 0.8270 -0.5605
vn -0.9666 0.2552 0.0251
vn -0.9666 0.2552 -0.0251
vn -0.9666 0.2454 0.0744
vn -0.9666 0.2262 0.1209
vn -0.0139 0.7701 0.6378
vn -0.0079 0.6363 0.7714
vn 0.0603 0.5965 0.8004
vn 0.0553 0.1837 0.9814
vn 0.2575 -0.0559 0.9647
vn -0.9666 0.0251 0.2552
vn -0.9666 0.0744 0.2454
vn -0.9666 0.1209 0.2262
vn -0.9655 0.0980 0.2411
vn 0.2152 0.4721 0.8549
vn 0.1284 0.4878 0.8634
vn 0.3681 0.6625 0.6523
vn 0.3978 0.5023 0.7677
vn 0.4042 0.3224 0.8560
vn 0.2115 0.2931 0.9324
vn 0.3872 0.1304 0.9127
vn 0.1951 0.1037 0.9753
vn 0.3503 -0.0651 0.9344
vn 0.1687 -0.0893 0.9816
vn 0.2999 -0.2560 0.9190
vn 0.1365 -0.2788 0.9506
vn 0.2429 -0.4352 0.8669
vn 0.1025 -0.4580 0.8830
vn 0.1842 -0.5972 0.7806
vn 0.0256 -0.4698 0.8824
vn -0.9666 -0.1209 0.2261
vn -0.9650 -0.0903 0.2461
vn -0.9666 -0.0744 0.2454
vn 0.1149 -0.3801 0.9178
vn -0.9666 -0.0251 0.2552
vn 0.4908 -0.4076 0.7700
vn 0.4007 -0.5763 0.7123
vn 0.3045 -0.7210 0.6225
vn 0.6503 -0.5423 0.5321
vn 0.5272 -0.6976 0.4853
vn 0.3904 -0.8231 0.4123
vn 0.2049 -0.8377 0.5062
vn 0.2451 -0.9153 0.3195
vn 0.1030 -0.9234 0.3697
vn 0.0949 -0.9724 0.2133
vn -0.0004 -0.9757 0.2190
vn -0.0566 -0.9934 0.0995
vn -0.1042 -0.9927 0.0604
vn -0.2058 -0.9784 -0.0166
vn -0.2062 -0.9734 -0.1003
vn -0.3490 -0.9280 -0.1304
vn -0.3038 -0.9174 -0.2569
vn -0.4818 -0.8434 -0.2378
vn -0.3937 -0.8259 -0.4036
vn -0.5998 -0.7267 -0.3349
vn -0.4721 -0.7013 -0.5342
vn -0.6980 -0.5813 -0.4182
vn -0.5352 -0.5474 -0.6433
vn -0.7720 -0.4117 -0.4842
vn -0.5795 -0.3703 -0.7260
vn -0.8175 -0.2242 -0.5305
vn -0.6021 -0.1771 -0.7785
vn -0.8315 -0.0260 -0.5549
vn -0.6013 0.0236 -0.7987
vn -0.8121 0.1742 -0.5569
vn -0.5763 0.2228 -0.7863
vn -0.7595 0.3676 -0.5366
vn -0.5281 0.4116 -0.7428
vn -0.6755 0.5457 -0.4960
vn -0.4583 0.5825 -0.6713
vn -0.5635 0.7007 -0.4376
vn -0.3698 0.7289 -0.5762
vn -0.4283 0.8266 -0.3651
vn -0.2658 0.8460 -0.4622
vn -0.2754 0.9189 -0.2823
vn -0.1501 0.9303 -0.3346
vn -0.1110 0.9748 -0.1934
vn -0.0263 0.9798 -0.1983
vn 0.0587 0.9930 -0.1021
vn 0.1014 0.9931 -0.0581
vn 0.2273 0.9738 -0.0117
vn 0.2284 0.9701 0.0816
vn 0.3883 0.9185 0.0753
vn 0.3497 0.9114 0.2170
vn 0.5353 0.8299 0.1574
vn 0.4595 0.8185 0.3449
vn 0.6623 0.7118 0.2342
vn 0.5515 0.6941 0.4628
vn 0.7636 0.5683 0.3065
vn 0.6189 0.5421 0.5685
vn 0.8343 0.4040 0.3751
vn 0.6559 0.3675 0.6594
vn 0.8702 0.2228 0.4394
vn 0.6589 0.1766 0.7312
vn 0.8684 0.0295 0.4951
vn 0.6284 -0.0225 0.7776
vn 0.8282 -0.1691 0.5343
vn 0.5695 -0.2204 0.7919
vn 0.7532 -0.3631 0.5484
vn 0.9506 -0.1257 0.2837
vn 0.8962 -0.3177 0.3097
vn 0.8060 -0.4995 0.3176
vn 0.9434 -0.2931 0.1549
vn 0.8654 -0.4729 0.1657
vn 0.7543 -0.6354 0.1651
vn 0.6849 -0.6619 0.3048
vn 0.6143 -0.7741 0.1529
vn 0.5388 -0.7972 0.2722
vn 0.4504 -0.8832 0.1307
vn 0.3742 -0.9001 0.2233
vn 0.2688 -0.9579 0.1008
vn 0.1975 -0.9667 0.1627
vn 0.0766 -0.9949 0.0659
vn 0.0152 -0.9954 0.0949
vn -0.1184 -0.9926 0.0284
vn -0.1664 -0.9858 0.0242
vn -0.3084 -0.9512 -0.0094
vn -0.3411 -0.9389 -0.0457
vn -0.4857 -0.8729 -0.0454
vn -0.5030 -0.8570 -0.1118
vn -0.6436 -0.7614 -0.0780
vn -0.6465 -0.7434 -0.1716
vn -0.7763 -0.6214 -0.1062
vn -0.7667 -0.6020 -0.2229
vn -0.8793 -0.4585 -0.1291
vn -0.8592 -0.4380 -0.2644
vn -0.9491 -0.2789 -0.1462
vn -0.9204 -0.2570 -0.2947
vn -0.9835 -0.0891 -0.1572
vn -0.9474 -0.0653 -0.3133
vn -0.9812 0.1042 -0.1623
vn -0.9385 0.1301 -0.3198
vn -0.9420 0.2943 -0.1615
vn -0.8931 0.3217 -0.3144
vn -0.8667 0.4741 -0.1554
vn -0.8121 0.5019 -0.2977
vn -0.7575 0.6366 -0.1446
vn -0.6977 0.6631 -0.2710
vn -0.6181 0.7753 -0.1298
vn -0.5543 0.7982 -0.2358
vn -0.4535 0.8842 -0.1120
vn -0.3873 0.9013 -0.1943
vn -0.2701 0.9584 -0.0923
vn -0.2039 0.9676 -0.1486
vn -0.0757 0.9946 -0.0716
vn -0.0121 0.9948 -0.1012
vn 0.1218 0.9913 -0.0509
vn 0.1798 0.9822 -0.0540
vn 0.3139 0.9490 -0.0306
vn 0.3636 0.9315 -0.0086
vn 0.4928 0.8701 -0.0107
vn 0.5319 0.8461 0.0345
vn 0.6517 0.7584 0.0093
vn 0.6785 0.7307 0.0757
vn 0.7848 0.6189 0.0305
vn 0.7986 0.5905 0.1165
vn 0.8877 0.4571 0.0541
vn 0.8886 0.4304 0.1584
vn 0.9570 0.2788 0.0804
vn 0.9457 0.2548 0.2020
vn 0.9901 0.0899 0.1083
vn 0.9670 0.0677 0.2455
vn 0.9855 -0.1031 0.1345
vn 0.8766 0.0863 -0.4734
vn 0.8766 -0.0863 -0.4734
vn 0.8429 -0.2557 -0.4734
vn 0.7768 -0.4152 -0.4734
vn 0.6809 -0.5588 -0.4734
vn 0.5588 -0.6809 -0.4734
vn 0.4152 -0.7768 -0.4734
vn 0.2557 -0.8429 -0.4734
vn 0.0863 -0.8766 -0.4734
vn -0.0863 -0.8766 -0.4734
vn -0.2557 -0.8429 -0.4734
vn -0.4152 -0.7768 -0.4734
vn -0.5588 -0.6809 -0.4734
vn -0.6809 -0.5588 -0.4734
vn -0.7768 -0.4152 -0.4734
vn -0.8429 -0.2557 -0.4734
vn -0.8766 -0.0863 -0.4734
vn -0.8766 0.0863 -0.4734
vn -0.8429 0.2557 -0.4734
vn -0.7768 0.4152 -0.4734
vn -0.6809 0.5588 -0.4734
vn -0.5588 0.6809 -0.4734
vn -0.4152 0.7768 -0.4734
vn -0.2557 0.8429 -0.4734
vn -0.0863 0.8766 -0.4734
vn 0.0863 0.8766 -0.4734
vn 0.2557 0.8429 -0.4734
vn 0.4152 0.7768 -0.4734
vn 0.5588 0.6809 -0.4734
vn 0.6809 0.5588 -0.4734
vn 0.7768 0.4152 -0.4734
vn 0.8429 0.2557 -0.4734
vn 0.8148 0.4355 0.3827
vn 0.8841 0.2682 0.3827
vn 0.9194 0.0906 0.3827
vn 0.2048 0.0621 0.9768
vn 0.2691 0.0651 0.9609
vn 0.2691 -0.0651 0.9609
vn 0.9194 -0.0906 0.3827
vn 0.2048 -0.0621 0.9768
vn 0.8841 -0.2682 0.3827
vn 0.1887 -0.1009 0.9768
vn 0.8148 -0.4355 0.3827
vn 0.1654 -0.1358 0.9768
vn 0.7142 -0.5861 0.3827
vn 0.1357 -0.1654 0.9768
vn 0.5861 -0.7142 0.3827
vn 0.1009 -0.1887 0.9768
vn 0.4355 -0.8148 0.3827
vn 0.0621 -0.2048 0.9768
vn 0.2682 -0.8841 0.3827
vn 0.0650 -0.2691 0.9609
vn 0.0906 -0.9194 0.3827
vn -0.0650 -0.2691 0.9609
vn -0.0906 -0.9194 0.3827
vn -0.0621 -0.2048 0.9768
vn -0.2682 -0.8841 0.3827
vn -0.1009 -0.1887 0.9768
vn -0.4355 -0.8148 0.3827
vn -0.1357 -0.1654 0.9768
vn -0.5861 -0.7142 0.3827
vn -0.1654 -0.1358 0.9768
vn -0.7142 -0.5861 0.3827
vn -0.1887 -0.1009 0.9768
vn -0.8148 -0.4355 0.3827
vn -0.2048 -0.0621 0.9768
vn -0.8841 -0.2682 0.3827
vn -0.2691 -0.0651 0.9609
vn -0.9194 -0.0906 0.3827
vn -0.2691 0.0651 0.9609
vn -0.9194 0.0906 0.3827
vn -0.2048 0.0621 0.9768
vn -0.8841 0.2682 0.3827
vn -0.1887 0.1009 0.9768
vn -0.8148 0.4355 0.3827
vn -0.1654 0.1358 0.9768
vn -0.7142 0.5861 0.3827
vn -0.1358 0.1654 0.9768
vn -0.5861 0.7142 0.3827
vn -0.1009 0.1887 0.9768
vn -0.4355 0.8148 0.3827
vn -0.0621 0.2048 0.9768
vn -0.2682 0.8841 0.3827
vn -0.0650 0.2691 0.9609
vn -0.0906 0.9194 0.3827
vn 0.0650 0.2691 0.9609
vn 0.0906 0.9194 0.3827
vn 0.0621 0.2048 0.9768
vn 0.2682 0.8841 0.3827
vn 0.1009 0.1887 0.9768
vn 0.4355 0.8148 0.3827
vn 0.1358 0.1654 0.9768
vn 0.5861 0.7142 0.3827
vn 0.1654 0.1358 0.9768
vn 0.7142 0.5861 0.3827
vn 0.1887 0.1009 0.9768
vn 0.7730 -0.6344 -0.0000
vn 0.6344 -0.7730 -0.0000
vn -0.6344 -0.7730 -0.0000
vn -0.7730 -0.6344 -0.0000
vn 0.3186 0.7963 0.5141
vn 0.2540 0.8986 0.3579
vn 0.1516 0.8820 0.4462
vn 0.1055 0.8715 0.4788
vn -0.9658 0.2386 0.1019
vn 0.1794 0.9655 0.1889
vn 0.1129 0.9572 0.2666
vn 0.0995 0.9950 0.0129
vn 0.0701 0.9946 0.0759
vn 0.0186 0.9863 -0.1638
vn 0.0259 0.9927 -0.1181
vn -0.0599 0.9403 -0.3350
vn -0.1330 0.8590 -0.4945
vn 0.0586 -0.4706 -0.8804
vn 0.0336 -0.1899 -0.9812
vn -0.9666 -0.0744 -0.2454
vn -0.9666 -0.1209 -0.2261
vn -0.9661 -0.1078 -0.2347
vn -0.9666 -0.0251 -0.2552
vn -0.9666 0.0251 -0.2552
vn 0.0033 0.1932 -0.9812
vn 0.0089 0.4206 -0.9072
vn -0.9666 0.1209 -0.2261
vn -0.9666 0.0744 -0.2454
vn 0.0786 0.9736 -0.2144
vn 0.0820 0.9763 0.2002
vn 0.0213 0.8466 0.5318
vn -0.9661 -0.2347 -0.1079
vn 0.9950 0.0997 -0.0000
vn 0.9551 0.2962 -0.0000
vn 0.0061 -0.6366 -0.7712
vn -0.0564 -0.7506 -0.6583
vn 0.1027 -0.6675 0.7375
vn 0.0673 -0.7297 0.6804
vn 0.0586 0.4707 -0.8804
vn 0.0336 0.1899 -0.9812
vn 0.0033 -0.1932 -0.9812
vn 0.9666 0.0251 0.2552
vn 0.9666 -0.0251 0.2552
vn 0.9666 -0.0745 0.2454
vn 0.9666 -0.1209 0.2262
vn 0.9661 -0.1079 0.2347
vn 0.1766 -0.4739 0.8627
vn 0.2049 -0.5293 0.8233
vn 0.3020 -0.6644 0.6836
vn 0.3321 -0.5039 0.7974
vn 0.3510 -0.3238 0.8786
vn 0.1837 -0.2943 0.9379
vn 0.3576 -0.1319 0.9245
vn 0.1849 -0.1044 0.9772
vn 0.3512 0.0643 0.9341
vn 0.1798 0.0889 0.9797
vn 0.3316 0.2569 0.9078
vn 0.1681 0.2787 0.9456
vn 0.2990 0.4389 0.8473
vn 0.1497 0.4583 0.8761
vn 0.2543 0.6037 0.7556
vn 0.1666 0.5133 0.8419
vn 0.1985 0.7454 0.6364
vn 0.1027 0.8402 0.5324
vn 0.1229 0.7414 0.6597
vn 0.1229 0.6596 0.7415
vn 0.9661 0.1079 0.2348
vn 0.9661 0.2347 0.1078
vn 0.0578 0.8732 0.4840
vn 0.9666 0.2262 0.1209
vn 0.0173 0.9515 0.3072
vn 0.9666 0.2454 0.0744
vn 0.0436 -0.8270 -0.5605
vn 0.9666 0.2552 -0.0251
vn 0.9666 0.2552 0.0251
vn 0.9666 0.2454 -0.0744
vn 0.9666 0.2262 -0.1209
vn 0.0139 0.7701 -0.6378
vn 0.0079 0.6363 -0.7714
vn 0.0603 -0.5965 0.8003
vn 0.0554 -0.1837 0.9814
vn 0.0213 -0.8466 0.5318
vn 0.0820 -0.9763 0.2002
vn 0.0786 -0.9736 -0.2144
vn 0.0089 -0.4206 -0.9072
vn 0.9666 0.0744 -0.2454
vn 0.9666 0.1209 -0.2262
vn 0.9655 0.0980 -0.2411
vn -0.2152 0.4720 -0.8549
vn -0.1284 0.4879 -0.8634
vn -0.3681 0.6625 -0.6523
vn -0.3978 0.5023 -0.7678
vn -0.4042 0.3224 -0.8560
vn -0.2115 0.2931 -0.9324
vn -0.3872 0.1304 -0.9127
vn -0.1951 0.1037 -0.9753
vn -0.3503 -0.0651 -0.9344
vn -0.1687 -0.0893 -0.9816
vn -0.2999 -0.2560 -0.9190
vn -0.1365 -0.2788 -0.9506
vn -0.2429 -0.4352 -0.8669
vn -0.1025 -0.4580 -0.8830
vn -0.1842 -0.5972 -0.7806
vn -0.0256 -0.4698 -0.8824
vn -0.1258 -0.7374 -0.6637
vn 0.0816 -0.8524 -0.5165
vn -0.0679 -0.8511 -0.5205
vn -0.0081 -0.8713 -0.4907
vn -0.0099 -0.9343 -0.3564
vn 0.0206 -0.9497 -0.3126
vn 0.0482 -0.9830 -0.1772
vn 0.0486 -0.9914 -0.1215
vn 0.1060 -0.9943 0.0099
vn 0.0758 -0.9943 0.0750
vn 0.1622 -0.9668 0.1973
vn 0.1017 -0.9579 0.2685
vn 0.9666 -0.2454 0.0745
vn 0.9666 -0.2552 0.0251
vn 0.9666 -0.2552 -0.0251
vn 0.9666 -0.2454 -0.0744
vn 0.9666 -0.2262 -0.1209
vn 0.9653 -0.2431 -0.0949
vn 0.9666 -0.2262 0.1209
vn 0.9661 -0.2347 0.1079
vn 0.1257 -0.8836 0.4510
vn 0.1577 -0.8497 0.5032
vn 0.2150 -0.9009 0.3771
vn 0.2623 -0.7987 0.5415
vn 0.3038 -0.9174 0.2569
vn 0.3937 -0.8259 0.4035
vn 0.4721 -0.7012 0.5342
vn 0.4818 -0.8434 0.2378
vn 0.5998 -0.7267 0.3349
vn 0.6980 -0.5813 0.4181
vn 0.5352 -0.5474 0.6433
vn 0.7720 -0.4117 0.4842
vn 0.5795 -0.3702 0.7260
vn 0.8175 -0.2241 0.5305
vn 0.6021 -0.1771 0.7785
vn 0.8315 -0.0260 0.5549
vn 0.6013 0.0236 0.7987
vn 0.8121 0.1742 0.5569
vn 0.5763 0.2228 0.7863
vn 0.7595 0.3676 0.5366
vn 0.5281 0.4116 0.7428
vn 0.6755 0.5457 0.4960
vn 0.4583 0.5825 0.6713
vn 0.5635 0.7007 0.4376
vn 0.3698 0.7289 0.5762
vn 0.4283 0.8266 0.3651
vn 0.2658 0.8460 0.4622
vn 0.2754 0.9189 0.2823
vn 0.1501 0.9303 0.3346
vn 0.1110 0.9748 0.1934
vn 0.0263 0.9798 0.1983
vn -0.0587 0.9930 0.1021
vn -0.1014 0.9931 0.0581
vn -0.2273 0.9738 0.0117
vn -0.2284 0.9701 -0.0816
vn -0.3883 0.9185 -0.0753
vn -0.3497 0.9114 -0.2170
vn -0.5353 0.8299 -0.1574
vn -0.4595 0.8185 -0.3449
vn -0.6623 0.7117 -0.2342
vn -0.5514 0.6941 -0.4628
vn -0.7636 0.5683 -0.3065
vn -0.6189 0.5420 -0.5685
vn -0.8343 0.4040 -0.3751
vn -0.6559 0.3675 -0.6594
vn -0.8703 0.2228 -0.4393
vn -0.6589 0.1767 -0.7312
vn -0.8684 0.0295 -0.4951
vn -0.6284 -0.0225 -0.7776
vn -0.8282 -0.1691 -0.5343
vn -0.5695 -0.2204 -0.7919
vn -0.7532 -0.3632 -0.5484
vn -0.4908 -0.4076 -0.7701
vn -0.6503 -0.5422 -0.5321
vn -0.4007 -0.5763 -0.7123
vn -0.5271 -0.6976 -0.4853
vn -0.3045 -0.7210 -0.6225
vn -0.3904 -0.8231 -0.4123
vn -0.2049 -0.8377 -0.5062
vn -0.2451 -0.9153 -0.3195
vn -0.1030 -0.9234 -0.3697
vn -0.0949 -0.9724 -0.2133
vn 0.0004 -0.9757 -0.2190
vn 0.0566 -0.9934 -0.0995
vn 0.1042 -0.9927 -0.0604
vn 0.2058 -0.9784 0.0166
vn 0.2062 -0.9734 0.1003
vn 0.3490 -0.9280 0.1304
vn 0.1664 -0.9858 -0.0242
vn 0.3411 -0.9389 0.0457
vn 0.5030 -0.8570 0.1118
vn 0.3084 -0.9512 0.0094
vn 0.4857 -0.8729 0.0454
vn -0.0000 0.0001 1.0000
vn -0.0000 -0.0001 1.0000
vn 0.2557 -0.8429 0.4734
vn 0.4152 -0.7768 0.4734
vn 0.5588 -0.6809 0.4734
vn 0.6809 -0.5588 0.4734
vn 0.6436 -0.7614 0.0780
vn 0.7763 -0.6214 0.1062
vn 0.6465 -0.7433 0.1716
vn 0.7667 -0.6020 0.2229
vn 0.8592 -0.4380 0.2644
vn 0.8793 -0.4585 0.1291
vn 0.9204 -0.2570 0.2947
vn 0.9491 -0.2789 0.1462
vn 0.7768 -0.4152 0.4734
vn 0.8429 -0.2557 0.4734
vn 0.8766 -0.0863 0.4734
vn 0.8766 0.0863 0.4734
vn 0.9835 -0.0891 0.1572
vn 0.9812 0.1043 0.1623
vn 0.9474 -0.0653 0.3133
vn 0.9385 0.1301 0.3198
vn 0.8931 0.3217 0.3144
vn 0.9420 0.2943 0.1615
vn 0.8121 0.5019 0.2977
vn 0.8667 0.4741 0.1554
vn 0.8429 0.2557 0.4734
vn 0.7768 0.4152 0.4734
vn 0.6809 0.5588 0.4734
vn 0.5588 0.6809 0.4734
vn 0.7575 0.6366 0.1446
vn 0.6181 0.7753 0.1298
vn 0.6977 0.6631 0.2710
vn 0.5543 0.7982 0.2358
vn 0.3873 0.9013 0.1943
vn 0.4535 0.8842 0.1120
vn 0.2039 0.9676 0.1486
vn 0.2701 0.9584 0.0923
vn 0.4152 0.7768 0.4734
vn 0.2557 0.8429 0.4734
vn 0.0863 0.8766 0.4735
vn -0.0863 0.8766 0.4734
vn 0.0757 0.9946 0.0716
vn -0.1218 0.9913 0.0509
vn 0.0121 0.9948 0.1012
vn -0.1798 0.9822 0.0540
vn -0.3636 0.9315 0.0086
vn -0.3139 0.9490 0.0306
vn -0.5319 0.8461 -0.0345
vn -0.4928 0.8701 0.0107
vn -0.2557 0.8429 0.4734
vn -0.4152 0.7768 0.4734
vn -0.5588 0.6809 0.4734
vn -0.6809 0.5588 0.4734
vn -0.6517 0.7584 -0.0093
vn -0.7848 0.6189 -0.0305
vn -0.6785 0.7307 -0.0758
vn -0.7986 0.5905 -0.1165
vn -0.8886 0.4304 -0.1584
vn -0.8877 0.4572 -0.0541
vn -0.9457 0.2548 -0.2020
vn -0.9570 0.2788 -0.0804
vn -0.7768 0.4152 0.4734
vn -0.8429 0.2557 0.4734
vn -0.8766 0.0863 0.4734
vn -0.8766 -0.0863 0.4734
vn -0.9900 0.0899 -0.1083
vn -0.9855 -0.1031 -0.1345
vn -0.9670 0.0676 -0.2455
vn -0.9506 -0.1257 -0.2837
vn -0.8962 -0.3177 -0.3097
vn -0.9435 -0.2931 -0.1549
vn -0.8060 -0.4995 -0.3176
vn -0.8654 -0.4729 -0.1657
vn -0.8429 -0.2557 0.4734
vn -0.7768 -0.4152 0.4734
vn -0.6809 -0.5588 0.4734
vn -0.5588 -0.6809 0.4734
vn -0.7543 -0.6354 -0.1651
vn -0.6143 -0.7741 -0.1529
vn -0.6849 -0.6618 -0.3048
vn -0.5388 -0.7972 -0.2722
vn -0.3742 -0.9001 -0.2233
vn -0.4504 -0.8832 -0.1307
vn -0.1975 -0.9667 -0.1627
vn -0.2688 -0.9579 -0.1008
vn -0.4152 -0.7768 0.4734
vn -0.2557 -0.8429 0.4734
vn -0.0863 -0.8766 0.4734
vn 0.0863 -0.8766 0.4735
vn 0.1184 -0.9926 -0.0284
vn -0.0766 -0.9949 -0.0659
vn -0.0152 -0.9954 -0.0949
vn 0.0906 -0.9194 -0.3827
vn -0.0906 -0.9194 -0.3827
vn 0.2682 -0.8841 -0.3827
vn 0.0375 -0.3808 -0.9239
vn 0.1111 -0.3662 -0.9239
vn 0.1804 -0.3376 -0.9239
vn 0.4355 -0.8148 -0.3827
vn 0.2428 -0.2959 -0.9239
vn 0.5861 -0.7142 -0.3827
vn 0.2959 -0.2428 -0.9239
vn 0.7142 -0.5861 -0.3827
vn 0.3375 -0.1804 -0.9239
vn 0.8148 -0.4355 -0.3827
vn 0.3662 -0.1111 -0.9239
vn 0.8841 -0.2682 -0.3826
vn 0.3809 -0.0375 -0.9239
vn 0.9194 -0.0905 -0.3827
vn 0.3809 0.0375 -0.9239
vn 0.9194 0.0905 -0.3827
vn 0.3662 0.1111 -0.9239
vn 0.8841 0.2682 -0.3826
vn 0.3375 0.1804 -0.9239
vn 0.8148 0.4355 -0.3827
vn 0.2958 0.2428 -0.9239
vn 0.7142 0.5861 -0.3827
vn 0.2428 0.2959 -0.9239
vn 0.5861 0.7142 -0.3827
vn 0.1804 0.3377 -0.9238
vn 0.4355 0.8148 -0.3827
vn 0.1111 0.3662 -0.9239
vn 0.2682 0.8841 -0.3827
vn 0.0375 0.3808 -0.9239
vn 0.0906 0.9194 -0.3827
vn -0.0375 0.3809 -0.9239
vn -0.0906 0.9194 -0.3827
vn -0.1111 0.3662 -0.9239
vn -0.2682 0.8841 -0.3827
vn -0.1804 0.3375 -0.9239
vn -0.4355 0.8148 -0.3827
vn -0.2428 0.2960 -0.9238
vn -0.5861 0.7141 -0.3827
vn -0.2958 0.2427 -0.9239
vn -0.7142 0.5861 -0.3827
vn -0.3375 0.1804 -0.9239
vn -0.8148 0.4355 -0.3827
vn -0.3662 0.1111 -0.9239
vn -0.8841 0.2682 -0.3827
vn -0.3809 0.0375 -0.9239
vn -0.9194 0.0906 -0.3827
vn -0.3809 -0.0375 -0.9239
vn -0.9194 -0.0906 -0.3827
vn -0.3662 -0.1111 -0.9239
vn -0.8841 -0.2682 -0.3827
vn -0.3376 -0.1805 -0.9238
vn -0.8148 -0.4355 -0.3827
vn -0.2959 -0.2428 -0.9239
vn -0.7142 -0.5861 -0.3827
vn -0.2428 -0.2958 -0.9239
vn -0.5861 -0.7142 -0.3827
vn -0.1804 -0.3375 -0.9239
vn -0.4355 -0.8148 -0.3827
vn -0.1111 -0.3661 -0.9239
vn -0.2682 -0.8841 -0.3827
vn -0.0375 -0.3809 -0.9239
vn -0.2903 -0.9569 -0.0085
vn 0.0493 -0.9988 -0.0041
vn -0.0493 -0.9988 -0.0041
vn 0.2903 -0.9569 -0.0085
vn 0.4714 -0.8819 -0.0085
vn 0.6344 -0.7730 -0.0085
vn 0.7730 -0.6344 -0.0085
vn 0.8819 -0.4714 -0.0085
vn 0.9569 -0.2903 -0.0085
vn 0.9988 0.0493 -0.0041
vn 0.9988 -0.0493 -0.0041
vn 0.9569 0.2903 -0.0085
vn 0.8819 0.4714 -0.0085
vn 0.7730 0.6344 -0.0085
vn 0.6344 0.7730 -0.0085
vn 0.4714 0.8819 -0.0085
vn 0.2903 0.9569 -0.0085
vn -0.0493 0.9988 -0.0041
vn 0.0493 0.9988 -0.0041
vn -0.2903 0.9569 -0.0085
vn -0.4714 0.8819 -0.0085
vn -0.6344 0.7730 -0.0085
vn -0.7730 0.6344 -0.0085
vn -0.8819 0.4714 -0.0085
vn -0.9569 0.2903 -0.0085
vn -0.9988 -0.0493 -0.0041
vn -0.9988 0.0493 -0.0041
vn -0.9569 -0.2903 -0.0085
vn -0.8819 -0.4714 -0.0085
vn -0.7730 -0.6344 -0.0085
vn -0.6344 -0.7730 -0.0085
vn -0.4714 -0.8819 -0.0085
vn -0.3186 0.7963 -0.5142
vn -0.2540 0.8986 -0.3579
vn -0.1516 0.8820 -0.4462
vn -0.1055 0.8715 -0.4789
vn 0.9658 0.2386 -0.1019
vn -0.1794 0.9655 -0.1889
vn -0.1129 0.9572 -0.2666
vn -0.0995 0.9949 -0.0129
vn -0.0701 0.9946 -0.0759
vn -0.0186 0.9863 0.1638
vn -0.0259 0.9927 0.1181
vn 0.0599 0.9403 0.3350
vn 0.1330 0.8590 0.4945
vn 0.9666 -0.1209 -0.2262
vn 0.9650 -0.0903 -0.2461
vn 0.9666 -0.0744 -0.2454
vn 0.9666 -0.0251 -0.2552
vn 0.9666 0.0251 -0.2552
vn 0.2575 0.0560 0.9647
vn 0.1150 0.3801 0.9178
vn 0.9665 0.1209 0.2262
vn -1.0000 -0.0000 -0.0001
vn 0.9666 0.0745 0.2454
vn -0.0000 -0.6344 0.7730
vn -0.0000 -0.7730 0.6344
vn -0.0000 -0.7730 -0.6344
vn -0.0000 -0.6344 -0.7730
vn -0.0000 0.0997 -0.9950
vn -0.0000 0.2961 -0.9552
vn 0.7375 -0.6675 -0.1027
vn 0.6804 -0.7297 -0.0673
vn 0.8804 -0.4706 0.0587
vn 0.9812 -0.1899 0.0336
vn 0.9812 0.1932 0.0033
vn 0.2553 0.0252 -0.9665
vn 0.2553 -0.0252 -0.9665
vn 0.2455 -0.0745 -0.9665
vn 0.2263 -0.1209 -0.9665
vn 0.2349 -0.1079 -0.9660
vn 0.8627 -0.4739 -0.1766
vn 0.8233 -0.5293 -0.2049
vn 0.6836 -0.6645 -0.3020
vn 0.7974 -0.5039 -0.3321
vn 0.8786 -0.3238 -0.3510
vn 0.9379 -0.2943 -0.1838
vn 0.9245 -0.1319 -0.3576
vn 0.9772 -0.1045 -0.1850
vn 0.9341 0.0643 -0.3512
vn 0.9797 0.0889 -0.1798
vn 0.9078 0.2570 -0.3316
vn 0.9456 0.2787 -0.1681
vn 0.8473 0.4389 -0.2990
vn 0.8761 0.4583 -0.1497
vn 0.7556 0.6037 -0.2543
vn 0.8419 0.5133 -0.1666
vn 0.6364 0.7454 -0.1985
vn 0.5324 0.8402 -0.1027
vn 0.6597 0.7415 -0.1228
vn 0.7414 0.6597 -0.1229
vn 0.2348 0.1079 -0.9660
vn 0.1079 0.2348 -0.9660
vn 0.4839 0.8732 -0.0578
vn 0.1209 0.2263 -0.9665
vn 0.3072 0.9515 -0.0173
vn 0.0745 0.2455 -0.9665
vn 0.5605 0.8270 0.0435
vn -0.0251 0.2554 -0.9665
vn 0.0251 0.2554 -0.9665
vn -0.0745 0.2455 -0.9665
vn -0.1209 0.2262 -0.9665
vn -0.6378 0.7701 -0.0139
vn -0.7714 0.6363 -0.0079
vn -0.8004 0.5965 0.0603
vn -0.9814 0.1837 0.0554
vn -0.5318 0.8466 0.0213
vn -0.2002 0.9763 0.0820
vn 0.2144 0.9736 0.0786
vn 0.9072 0.4206 0.0089
vn -0.2455 0.0745 -0.9665
vn -0.2263 0.1209 -0.9665
vn -0.2412 0.0981 -0.9655
vn -0.8549 0.4721 0.2152
vn -0.8634 0.4878 0.1284
vn -0.6523 0.6625 0.3681
vn -0.7677 0.5023 0.3978
vn -0.8559 0.3224 0.4043
vn -0.9324 0.2931 0.2115
vn -0.9127 0.1304 0.3872
vn -0.9753 0.1036 0.1951
vn -0.9344 -0.0651 0.3503
vn -0.9816 -0.0893 0.1687
vn -0.9190 -0.2560 0.2999
vn -0.9506 -0.2788 0.1365
vn -0.8669 -0.4352 0.2429
vn -0.8830 -0.4580 0.1025
vn -0.7806 -0.5972 0.1842
vn -0.8824 -0.4698 0.0256
vn -0.6637 -0.7374 0.1258
vn -0.5165 -0.8524 -0.0816
vn -0.0950 -0.2432 -0.9653
vn -0.6583 -0.7507 0.0564
vn -0.2462 -0.0904 -0.9650
vn -0.7712 -0.6366 -0.0062
vn -0.4907 -0.8713 0.0081
vn -0.1209 -0.2262 -0.9665
vn -0.3126 -0.9497 -0.0206
vn -0.0745 -0.2455 -0.9665
vn -0.0251 -0.2554 -0.9665
vn 0.0251 -0.2554 -0.9665
vn 0.0745 -0.2455 -0.9665
vn 0.1209 -0.2263 -0.9665
vn 0.1079 -0.2348 -0.9660
vn 0.4510 -0.8836 -0.1257
vn 0.5032 -0.8497 -0.1577
vn 0.3771 -0.9009 -0.2150
vn 0.5415 -0.7987 -0.2623
vn 0.1973 -0.9668 -0.1622
vn 0.2685 -0.9579 -0.1017
vn 0.0099 -0.9943 -0.1060
vn 0.0750 -0.9943 -0.0758
vn -0.1772 -0.9830 -0.0482
vn -0.1215 -0.9914 -0.0486
vn -0.3564 -0.9343 0.0099
vn -0.3697 -0.9234 0.1030
vn -0.2190 -0.9757 -0.0004
vn -0.5062 -0.8377 0.2049
vn -0.5205 -0.8511 0.0679
vn -0.6225 -0.7210 0.3045
vn -0.4853 -0.6976 0.5271
vn -0.4123 -0.8231 0.3904
vn -0.5321 -0.5423 0.6503
vn -0.7123 -0.5763 0.4007
vn -0.5484 -0.3631 0.7533
vn -0.7701 -0.4076 0.4908
vn -0.5343 -0.1691 0.8282
vn -0.7919 -0.2204 0.5695
vn -0.4950 0.0295 0.8684
vn -0.7776 -0.0225 0.6284
vn -0.4394 0.2227 0.8703
vn -0.7312 0.1766 0.6589
vn -0.3751 0.4040 0.8343
vn -0.6593 0.3675 0.6559
vn -0.3065 0.5684 0.7636
vn -0.5685 0.5421 0.6189
vn -0.2342 0.7117 0.6622
vn -0.4628 0.6941 0.5515
vn -0.1574 0.8299 0.5353
vn -0.3449 0.8185 0.4595
vn -0.5141 0.7963 0.3186
vn -0.2170 0.9114 0.3497
vn -0.3579 0.8986 0.2540
vn -0.4462 0.8820 0.1516
vn -0.4788 0.8715 0.1055
vn -0.1019 0.2388 -0.9657
vn -0.1889 0.9655 0.1794
vn -0.2666 0.9572 0.1129
vn -0.0129 0.9949 0.0995
vn -0.0759 0.9946 0.0701
vn 0.1638 0.9863 0.0186
vn 0.1181 0.9927 0.0259
vn 0.3350 0.9403 -0.0599
vn 0.3346 0.9303 -0.1501
vn 0.1983 0.9798 -0.0263
vn 0.4622 0.8460 -0.2658
vn 0.4945 0.8590 -0.1330
vn 0.5762 0.7289 -0.3698
vn 0.4376 0.7007 -0.5635
vn 0.3651 0.8266 -0.4283
vn 0.4960 0.5456 -0.6755
vn 0.6713 0.5825 -0.4583
vn 0.5366 0.3676 -0.7595
vn 0.7428 0.4116 -0.5281
vn 0.5569 0.1742 -0.8121
vn 0.7863 0.2228 -0.5763
vn 0.5549 -0.0260 -0.8315
vn 0.7987 0.0236 -0.6013
vn 0.5305 -0.2242 -0.8175
vn 0.7785 -0.1771 -0.6021
vn 0.4842 -0.4117 -0.7720
vn 0.7260 -0.3703 -0.5795
vn 0.4181 -0.5813 -0.6980
vn 0.6433 -0.5475 -0.5352
vn 0.3349 -0.7267 -0.5998
vn 0.5342 -0.7012 -0.4721
vn 0.2378 -0.8434 -0.4818
vn 0.4035 -0.8259 -0.3937
vn 0.1304 -0.9280 -0.3490
vn 0.2569 -0.9174 -0.3038
vn 0.0166 -0.9784 -0.2058
vn 0.1003 -0.9734 -0.2062
vn -0.0995 -0.9934 -0.0566
vn -0.0604 -0.9927 -0.1042
vn -0.2133 -0.9724 0.0949
vn -0.1627 -0.9667 0.1975
vn -0.0949 -0.9954 0.0152
vn -0.2233 -0.9000 0.3742
vn -0.3195 -0.9153 0.2451
vn -0.2722 -0.7973 0.5388
vn -0.1529 -0.7741 0.6143
vn -0.1307 -0.8832 0.4504
vn 0.4734 -0.6809 0.5588
vn 0.4734 -0.7768 0.4153
vn 0.4734 -0.8429 0.2557
vn 0.4734 -0.8766 0.0863
vn -0.1008 -0.9579 0.2688
vn -0.0659 -0.9949 0.0766
vn -0.0284 -0.9926 -0.1184
vn -0.0242 -0.9858 -0.1664
vn 0.0457 -0.9389 -0.3411
vn 0.0094 -0.9512 -0.3084
vn 0.1118 -0.8570 -0.5030
vn 0.0454 -0.8729 -0.4857
vn 0.4734 -0.8429 -0.2557
vn 0.4734 -0.7768 -0.4152
vn 0.4734 -0.6809 -0.5588
vn 0.4734 -0.5588 -0.6809
vn 0.0780 -0.7614 -0.6436
vn 0.1062 -0.6213 -0.7763
vn 0.1716 -0.7434 -0.6465
vn 0.2229 -0.6020 -0.7667
vn 0.2644 -0.4380 -0.8592
vn 0.1291 -0.4585 -0.8793
vn 0.2947 -0.2570 -0.9204
vn 0.1462 -0.2789 -0.9491
vn 1.0000 -0.0000 -0.0001
vn 0.4734 -0.4152 -0.7768
vn 0.4734 -0.2557 -0.8429
vn 0.4735 -0.0863 -0.8766
vn 0.4735 0.0863 -0.8766
vn 0.1572 -0.0891 -0.9835
vn 0.1623 0.1042 -0.9812
vn 0.3133 -0.0653 -0.9474
vn 0.3198 0.1301 -0.9385
vn 0.3144 0.3217 -0.8931
vn 0.1615 0.2943 -0.9420
vn 0.2977 0.5019 -0.8121
vn 0.1554 0.4741 -0.8667
vn 1.0000 -0.0000 0.0001
vn 0.4735 0.2557 -0.8429
vn 0.4734 0.4152 -0.7769
vn 0.4734 0.5588 -0.6809
vn 0.4734 0.6809 -0.5588
vn 0.1446 0.6366 -0.7575
vn 0.1298 0.7753 -0.6181
vn 0.2710 0.6631 -0.6977
vn 0.2358 0.7982 -0.5543
vn 0.1943 0.9013 -0.3873
vn 0.1120 0.8842 -0.4535
vn 0.1486 0.9676 -0.2039
vn 0.0923 0.9584 -0.2701
vn 0.4734 0.7768 -0.4152
vn 0.4734 0.8429 -0.2557
vn 0.4734 0.8766 -0.0863
vn 0.4734 0.8766 0.0863
vn 0.0716 0.9946 -0.0757
vn 0.0509 0.9913 0.1218
vn 0.1012 0.9948 -0.0121
vn 0.0540 0.9822 0.1798
vn 0.0086 0.9315 0.3636
vn 0.0306 0.9490 0.3139
vn -0.0345 0.8461 0.5319
vn 0.0107 0.8701 0.4928
vn 0.4734 0.8429 0.2557
vn 0.4734 0.7768 0.4152
vn 0.4734 0.6809 0.5588
vn 0.4734 0.5588 0.6809
vn -0.0093 0.7584 0.6517
vn -0.0305 0.6189 0.7848
vn -0.0758 0.7307 0.6785
vn -0.1165 0.5905 0.7986
vn -0.1584 0.4304 0.8886
vn -0.0541 0.4572 0.8877
vn -0.2020 0.2548 0.9457
vn -0.0804 0.2788 0.9570
vn 0.4735 0.4153 0.7768
vn 0.4735 0.2557 0.8429
vn 0.4734 0.0863 0.8766
vn 0.4734 -0.0863 0.8766
vn -0.1083 0.0899 0.9901
vn -0.1345 -0.1031 0.9855
vn -0.2455 0.0677 0.9670
vn -0.2837 -0.1257 0.9506
vn -0.3097 -0.3177 0.8962
vn -0.1549 -0.2932 0.9434
vn -0.3176 -0.4995 0.8060
vn -0.1657 -0.4729 0.8654
vn 0.4734 -0.2557 0.8429
vn 0.4734 -0.4152 0.7768
vn 0.4734 -0.5588 0.6809
vn -0.3827 -0.4355 0.8148
vn -0.3827 -0.5861 0.7142
vn -0.3826 -0.7142 0.5861
vn -0.9239 -0.2428 0.2958
vn -0.9239 -0.2958 0.2427
vn -0.9239 -0.3375 0.1804
vn -0.3827 -0.8148 0.4355
vn -0.9239 -0.3662 0.1111
vn -0.3827 -0.8841 0.2682
vn -0.9239 -0.3808 0.0375
vn -0.3827 -0.9194 0.0905
vn -0.9239 -0.3808 -0.0375
vn -0.3827 -0.9194 -0.0906
vn 0.4734 -0.8766 -0.0863
vn -0.3827 -0.8841 -0.2682
vn -0.9239 -0.3662 -0.1111
vn -0.9239 -0.3375 -0.1804
vn -0.3827 -0.8148 -0.4355
vn -0.9239 -0.2958 -0.2428
vn -0.3827 -0.7142 -0.5861
vn -0.9239 -0.2428 -0.2958
vn -0.3827 -0.5861 -0.7141
vn -0.9239 -0.1804 -0.3374
vn -0.3826 -0.4355 -0.8148
vn -0.9238 -0.1111 -0.3663
vn -0.3827 -0.2682 -0.8841
vn -0.9239 -0.0375 -0.3808
vn -0.3827 -0.0905 -0.9194
vn -0.9238 0.0375 -0.3809
vn -0.3827 0.0905 -0.9194
vn -0.9239 0.1111 -0.3662
vn -0.3827 0.2682 -0.8841
vn -0.9239 0.1804 -0.3375
vn -0.3827 0.4355 -0.8148
vn -0.9239 0.2427 -0.2958
vn -0.3827 0.5861 -0.7142
vn -0.9239 0.2958 -0.2428
vn -0.3827 0.7142 -0.5861
vn -0.9239 0.3375 -0.1804
vn -0.3827 0.8148 -0.4355
vn -0.9239 0.3662 -0.1111
vn -0.3827 0.8841 -0.2682
vn -0.9239 0.3808 -0.0375
vn -0.3827 0.9194 -0.0905
vn -0.9239 0.3808 0.0375
vn -0.3827 0.9194 0.0905
vn -0.9239 0.3662 0.1111
vn -0.3827 0.8841 0.2682
vn -0.9239 0.3375 0.1804
vn -0.3826 0.8148 0.4355
vn -0.9239 0.2958 0.2428
vn -0.3827 0.7142 0.5861
vn -0.9239 0.2428 0.2959
vn -0.3827 0.5861 0.7141
vn -0.9239 0.1804 0.3376
vn -0.3827 0.4355 0.8148
vn -0.9239 0.1111 0.3662
vn -0.3827 0.2682 0.8841
vn -0.9239 0.0375 0.3809
vn -0.3827 0.0906 0.9194
vn -0.9239 -0.0375 0.3809
vn -0.3827 -0.0906 0.9194
vn -0.9239 -0.1111 0.3661
vn -0.3827 -0.2681 0.8841
vn -0.9239 -0.1804 0.3375
vn -0.0051 -0.2903 0.9569
vn -0.0030 -0.4714 0.8819
vn -0.0047 0.0493 0.9988
vn -0.0036 -0.0493 0.9988
vn -0.0118 0.2903 0.9569
vn -0.0139 0.4713 0.8818
vn -0.0158 0.6343 0.7729
vn -0.0174 0.7729 0.6343
vn -0.0186 0.8818 0.4713
vn -0.0195 0.9568 0.2902
vn -0.0156 0.9987 -0.0493
vn -0.0156 0.9987 0.0493
vn -1.0000 -0.0000 0.0001
vn -0.0195 0.9568 -0.2902
vn -0.0186 0.8818 -0.4713
vn -0.0174 0.7729 -0.6343
vn -0.0158 0.6343 -0.7729
vn -0.0139 0.4714 -0.8818
vn -0.0118 0.2903 -0.9569
vn -0.0036 -0.0493 -0.9988
vn -0.0047 0.0493 -0.9988
vn -0.0051 -0.2903 -0.9569
vn -0.0030 -0.4714 -0.8819
vn -0.0011 -0.6344 -0.7730
vn 0.0005 -0.7730 -0.6344
vn 0.0017 -0.8819 -0.4714
vn 0.0026 -0.9569 -0.2903
vn 0.0074 -0.9988 0.0493
vn 0.0074 -0.9988 -0.0493
vn 0.0026 -0.9569 0.2903
vn 0.0017 -0.8819 0.4714
vn 0.0005 -0.7730 0.6344
vn -0.0011 -0.6344 0.7730
vn -0.1651 -0.6354 0.7543
vn -0.3048 -0.6618 0.6849
vn -0.0753 0.9185 0.3883
vn 0.0117 0.9738 0.2273
vn -0.0816 0.9701 0.2284
vn 0.1021 0.9930 0.0587
vn 0.0581 0.9931 0.1014
vn 0.1934 0.9748 -0.1110
vn 0.2823 0.9189 -0.2754
vn -0.2263 -0.1209 -0.9665
vn -0.9178 -0.3801 0.1150
vn -0.9647 -0.0559 0.2575
vn -0.2455 -0.0745 -0.9665
vn -0.2553 -0.0251 -0.9665
vn -0.2553 0.0252 -0.9665
vn 0.2262 0.1209 -0.9665
vn 0.2455 0.0745 -0.9665
vn -0.0000 -0.0011 1.0000
vn 0.0001 -1.0000 0.0001
vn -0.0000 0.0050 1.0000
vn -0.0004 -1.0000 0.0001
vn -0.0000 1.0000 -0.0000
vn 1.0000 0.0026 -0.0001
vn -0.0000 0.7071 -0.7071
vn -0.7071 0.7071 -0.0000
vn 0.7071 0.7071 -0.0000
vn -0.0000 0.7071 0.7071
vn -0.0000 0.9918 -0.1275
vn -0.0000 -1.0000 -0.0000
vn 0.8314 -0.0000 0.5556
vn 0.5555 -0.0000 0.8315
vn -0.8262 0.1120 -0.5521
vn -0.5520 0.1120 -0.8263
vn -0.1938 0.1120 -0.9746
vn 0.1950 -0.0000 0.9808
vn 0.1939 0.1120 -0.9746
vn -0.1952 -0.0000 0.9808
vn -0.5556 -0.0000 0.8314
vn -0.8315 -0.0000 0.5555
vn 0.5521 0.1120 -0.8262
vn 0.8263 0.1120 -0.5520
vn 0.9746 0.1120 -0.1938
vn -0.9808 -0.0000 0.1950
vn 0.9746 0.1119 0.1939
vn -0.9808 -0.0000 -0.1952
vn -0.8314 -0.0000 -0.5556
vn -0.5555 -0.0000 -0.8315
vn -0.1950 -0.0000 -0.9808
vn 0.5520 0.1119 0.8263
vn 0.1938 0.1120 0.9746
vn -0.1939 0.1120 0.9746
vn 0.1952 -0.0000 -0.9808
vn -0.1842 0.3302 0.9258
vn 0.1841 0.3302 0.9258
vn -0.1652 0.5321 0.8304
vn 0.1651 0.5320 0.8305
vn 0.5243 0.3302 0.7849
vn 0.4704 0.5320 0.7041
vn 0.3928 0.7071 0.5880
vn 0.1379 0.7071 0.6935
vn 0.2956 0.8467 0.4424
vn 0.1038 0.8467 0.5219
vn -0.1380 0.7071 0.6935
vn -0.1038 0.8467 0.5218
vn -0.0645 0.9439 0.3240
vn 0.0644 0.9439 0.3239
vn -0.0219 0.9937 0.1098
vn 0.0218 0.9937 0.1098
vn 0.1835 0.9439 0.2746
vn 0.0622 0.9937 0.0931
vn 0.0931 0.9937 0.0622
vn 0.1098 0.9937 0.0219
vn 0.1098 0.9937 -0.0218
vn 0.3239 0.9439 -0.0644
vn 0.3239 0.9439 0.0645
vn 0.5218 0.8467 -0.1038
vn 0.5218 0.8467 0.1038
vn 0.2746 0.9439 0.1835
vn 0.4424 0.8467 0.2956
vn 0.5879 0.7071 0.3929
vn 0.6935 0.7071 0.1380
vn 0.7040 0.5321 0.4705
vn 0.8304 0.5320 0.1652
vn 0.6935 0.7071 -0.1379
vn 0.8305 0.5320 -0.1651
vn 0.9258 0.3303 -0.1841
vn 0.9257 0.3303 0.1842
vn 0.7041 0.5321 -0.4704
vn 0.7849 0.3302 -0.5244
vn 0.4705 0.5320 -0.7040
vn 0.5245 0.3302 -0.7848
vn 0.1652 0.5321 -0.8304
vn 0.1842 0.3302 -0.9258
vn -0.1651 0.5320 -0.8305
vn -0.1841 0.3302 -0.9258
vn -0.4703 0.5321 -0.7040
vn -0.5243 0.3302 -0.7849
vn -0.7848 0.3302 -0.5245
vn -0.7040 0.5321 -0.4705
vn -0.5879 0.7071 -0.3929
vn -0.3928 0.7071 -0.5880
vn -0.4423 0.8467 -0.2956
vn -0.2956 0.8467 -0.4424
vn -0.1038 0.8467 -0.5218
vn -0.1379 0.7071 -0.6935
vn 0.1038 0.8467 -0.5218
vn 0.1380 0.7071 -0.6935
vn 0.2956 0.8467 -0.4423
vn 0.3929 0.7071 -0.5879
vn 0.4424 0.8467 -0.2956
vn 0.5880 0.7071 -0.3928
vn 0.1835 0.9439 -0.2746
vn 0.2746 0.9439 -0.1835
vn 0.0622 0.9937 -0.0931
vn 0.0931 0.9937 -0.0622
vn 0.0219 0.9937 -0.1098
vn 0.0645 0.9439 -0.3240
vn -0.0218 0.9937 -0.1098
vn -0.0644 0.9439 -0.3239
vn -0.0622 0.9937 -0.0931
vn -0.1835 0.9439 -0.2746
vn -0.2746 0.9439 -0.1835
vn -0.0931 0.9937 -0.0622
vn -0.1098 0.9937 -0.0219
vn -0.1098 0.9937 0.0218
vn -0.0931 0.9937 0.0622
vn -0.0622 0.9937 0.0931
vn -0.2746 0.9439 0.1835
vn -0.1835 0.9439 0.2746
vn -0.4424 0.8467 0.2956
vn -0.2956 0.8467 0.4423
vn -0.5218 0.8467 0.1038
vn -0.3239 0.9439 0.0644
vn -0.5218 0.8467 -0.1038
vn -0.3239 0.9439 -0.0645
vn -0.6935 0.7071 -0.1380
vn -0.6935 0.7071 0.1379
vn -0.8305 0.5320 -0.1652
vn -0.8305 0.5320 0.1651
vn -0.7041 0.5321 0.4704
vn -0.5880 0.7071 0.3928
vn -0.4705 0.5320 0.7040
vn -0.3929 0.7071 0.5879
vn -0.7849 0.3301 0.5244
vn -0.5245 0.3302 0.7848
vn -0.8263 0.1120 0.5520
vn -0.5521 0.1120 0.8262
vn -0.9746 0.1120 0.1938
vn -0.9258 0.3303 0.1841
vn -0.9746 0.1119 -0.1939
vn -0.9257 0.3303 -0.1842
vn 0.9808 -0.0000 0.1952
vn 0.9808 -0.0000 -0.1950
vn 0.8315 -0.0000 -0.5555
vn 0.5556 -0.0000 -0.8314
vn 0.7848 0.3302 0.5245
vn 0.8262 0.1120 0.5521
vn -0.8000 -0.0000 0.6000
vn 0.9701 -0.0000 -0.2425
vn -0.9701 -0.0000 -0.2425
vn 0.8000 -0.0000 0.6000
vn -0.6247 -0.0000 -0.7809
vn 0.1961 -0.0000 0.9806
vn 0.1961 -0.0000 -0.9806
vn -0.6247 -0.0000 0.7809
vn 0.8000 -0.0000 -0.6000
vn -0.9701 -0.0000 0.2425
vn 0.9701 -0.0000 0.2425
vn -0.8000 -0.0000 -0.6000
vn 0.6247 -0.0000 0.7809
vn -0.1961 -0.0000 -0.9806
vn -0.1961 -0.0000 0.9806
vn 0.6247 -0.0000 -0.7809
vn -0.3544 -0.0000 0.9351
vn -0.8363 -0.0000 0.5482
vn 0.3475 0.1951 -0.9171
vn 0.8203 0.1951 -0.5377
vn 0.9797 0.1950 0.0471
vn -0.9988 -0.0000 -0.0480
vn 0.7649 0.1951 0.6140
vn -0.7798 -0.0000 -0.6260
vn -0.2630 -0.0000 -0.9648
vn 0.3543 -0.0000 -0.9351
vn -0.3475 0.1951 0.9171
vn 0.2579 0.1951 0.9463
vn -0.8203 0.1951 0.5377
vn 0.8363 -0.0000 -0.5482
vn -0.9796 0.1951 -0.0471
vn 0.9988 -0.0000 0.0480
vn 0.7798 -0.0000 0.6260
vn 0.2630 -0.0000 0.9648
vn -0.7649 0.1951 -0.6139
vn -0.2579 0.1951 -0.9463
vn -0.6484 0.5556 -0.5205
vn -0.2186 0.5556 -0.8022
vn 0.2946 0.5556 -0.7775
vn 0.1968 0.8315 -0.5195
vn -0.1461 0.8315 -0.5360
vn 0.4646 0.8315 -0.3046
vn 0.6954 0.5556 -0.4559
vn 0.5549 0.8315 0.0267
vn 0.8305 0.5556 0.0400
vn 0.4333 0.8315 0.3478
vn 0.6484 0.5556 0.5205
vn 0.2186 0.5556 0.8022
vn 0.1461 0.8315 0.5360
vn 0.0513 0.9808 0.1882
vn 0.1521 0.9808 0.1221
vn 0.1949 0.9808 0.0094
vn 0.1632 0.9808 -0.1070
vn 0.0691 0.9808 -0.1825
vn -0.0513 0.9808 -0.1882
vn -0.1521 0.9808 -0.1221
vn -0.1949 0.9808 -0.0094
vn -0.1632 0.9808 0.1070
vn -0.0691 0.9808 0.1824
vn -0.4646 0.8315 0.3046
vn -0.1969 0.8315 0.5195
vn -0.6954 0.5556 0.4558
vn -0.2946 0.5556 0.7775
vn -0.8305 0.5556 -0.0399
vn -0.5549 0.8315 -0.0267
vn -0.4333 0.8315 -0.3478
vn 0.8637 -0.0000 0.5040
vn 0.4025 -0.0000 0.9154
vn -0.8471 0.1951 -0.4944
vn -0.3948 0.1951 -0.8978
vn 0.2084 0.1951 -0.9584
vn -0.2125 -0.0000 0.9772
vn 0.7319 0.1951 -0.6529
vn -0.7463 -0.0000 0.6657
vn -0.9950 -0.0000 0.0999
vn -0.4025 -0.0000 -0.9154
vn -0.8637 -0.0000 -0.5040
vn 0.3947 0.1951 0.8978
vn 0.8471 0.1951 0.4943
vn 0.9759 0.1951 -0.0980
vn 0.7181 0.5555 0.4191
vn 0.8273 0.5555 -0.0831
vn 0.6205 0.5555 -0.5535
vn 0.5528 0.8315 -0.0555
vn 0.4146 0.8315 -0.3698
vn 0.1180 0.8315 -0.5429
vn 0.1767 0.5556 -0.8125
vn -0.2236 0.8315 -0.5086
vn -0.3347 0.5556 -0.7612
vn -0.4798 0.8315 -0.2800
vn -0.7181 0.5556 -0.4191
vn -0.8273 0.5556 0.0831
vn -0.5528 0.8315 0.0555
vn -0.1941 0.9808 0.0195
vn -0.1685 0.9808 -0.0983
vn -0.0785 0.9808 -0.1786
vn 0.0415 0.9808 -0.1906
vn 0.1456 0.9808 -0.1299
vn 0.1941 0.9808 -0.0195
vn 0.1685 0.9808 0.0983
vn 0.0785 0.9808 0.1786
vn -0.0414 0.9808 0.1906
vn -0.1456 0.9808 0.1299
vn -0.4146 0.8315 0.3698
vn -0.1180 0.8315 0.5429
vn -0.6205 0.5556 0.5535
vn -0.1767 0.5556 0.8125
vn 0.3346 0.5556 0.7611
vn 0.2236 0.8315 0.5086
vn 0.4798 0.8315 0.2800
vn -0.2084 0.1951 0.9584
vn -0.7319 0.1951 0.6529
vn -0.9759 0.1951 0.0980
vn 0.7463 -0.0000 -0.6657
vn 0.9950 -0.0000 -0.0999
vn 0.2125 -0.0000 -0.9772
vn 0.7798 -0.0000 -0.6260
vn 0.2630 -0.0000 -0.9648
vn -0.7649 0.1951 0.6139
vn -0.2579 0.1951 0.9463
vn 0.3475 0.1951 0.9171
vn -0.3544 -0.0000 -0.9351
vn 0.8203 0.1951 0.5377
vn -0.8363 -0.0000 -0.5482
vn -0.9988 -0.0000 0.0480
vn -0.7798 -0.0000 0.6260
vn 0.9797 0.1950 -0.0471
vn 0.7649 0.1951 -0.6140
vn 0.2579 0.1951 -0.9463
vn -0.2630 -0.0000 0.9648
vn -0.3475 0.1951 -0.9171
vn 0.3544 -0.0000 0.9351
vn 0.8363 -0.0000 0.5482
vn 0.9988 -0.0000 -0.0480
vn -0.9796 0.1951 0.0471
vn -0.8203 0.1951 -0.5377
vn -0.8305 0.5556 0.0399
vn -0.6954 0.5556 -0.4558
vn -0.2946 0.5556 -0.7775
vn -0.4646 0.8315 -0.3046
vn -0.1969 0.8315 -0.5195
vn 0.2186 0.5556 -0.8022
vn 0.1461 0.8315 -0.5360
vn 0.6484 0.5556 -0.5205
vn 0.4333 0.8315 -0.3478
vn 0.5549 0.8315 -0.0267
vn 0.8305 0.5556 -0.0400
vn 0.4646 0.8315 0.3046
vn 0.6954 0.5555 0.4559
vn 0.1969 0.8315 0.5195
vn 0.2946 0.5556 0.7775
vn -0.1461 0.8315 0.5360
vn -0.2186 0.5556 0.8022
vn -0.4333 0.8315 0.3478
vn -0.6484 0.5556 0.5205
vn -0.5549 0.8315 0.0267
vn -0.1521 0.9808 0.1221
vn -0.1949 0.9808 0.0094
vn -0.1632 0.9808 -0.1070
vn -0.0691 0.9808 -0.1824
vn 0.0513 0.9808 -0.1882
vn 0.1521 0.9808 -0.1221
vn 0.1949 0.9808 -0.0094
vn 0.1632 0.9808 0.1070
vn 0.0691 0.9808 0.1824
vn -0.0513 0.9808 0.1882
vn -0.4025 -0.0000 0.9154
vn -0.8637 -0.0000 0.5040
vn 0.3947 0.1951 -0.8978
vn 0.8471 0.1951 -0.4943
vn 0.9759 0.1951 0.0980
vn -0.9950 -0.0000 -0.0999
vn 0.7319 0.1951 0.6529
vn -0.7463 -0.0000 -0.6657
vn -0.2125 -0.0000 -0.9772
vn 0.4025 -0.0000 -0.9154
vn -0.3948 0.1951 0.8978
vn 0.2084 0.1951 0.9584
vn -0.8471 0.1951 0.4944
vn 0.8637 -0.0000 -0.5040
vn -0.9759 0.1951 -0.0980
vn 0.9950 -0.0000 0.0999
vn -0.8273 0.5556 -0.0831
vn -0.7181 0.5556 0.4191
vn -0.5528 0.8315 -0.0555
vn -0.4798 0.8315 0.2800
vn -0.2236 0.8315 0.5086
vn -0.3347 0.5556 0.7611
vn 0.1180 0.8315 0.5429
vn 0.1767 0.5556 0.8125
vn 0.4146 0.8315 0.3698
vn 0.6205 0.5555 0.5535
vn 0.5528 0.8315 0.0555
vn 0.8273 0.5555 0.0831
vn 0.7181 0.5555 -0.4191
vn 0.4798 0.8315 -0.2800
vn 0.1685 0.9808 -0.0983
vn 0.1941 0.9808 0.0195
vn 0.1456 0.9808 0.1299
vn 0.0415 0.9808 0.1906
vn -0.0785 0.9808 0.1786
vn -0.1685 0.9808 0.0983
vn -0.1941 0.9808 -0.0195
vn -0.1456 0.9808 -0.1299
vn -0.0414 0.9808 -0.1906
vn 0.0785 0.9808 -0.1786
vn 0.2236 0.8315 -0.5086
vn -0.1180 0.8315 -0.5429
vn 0.3346 0.5556 -0.7612
vn -0.1767 0.5556 -0.8125
vn -0.6205 0.5556 -0.5535
vn -0.4146 0.8315 -0.3698
vn -0.7319 0.1951 -0.6529
vn -0.2084 0.1951 -0.9584
vn 0.7463 -0.0000 0.6657
vn 0.2125 -0.0000 0.9772
vn 0.9098 -0.0000 -0.4150
vn 0.4921 -0.0000 -0.8705
vn -0.8923 0.1951 0.4070
vn -0.4827 0.1951 0.8538
vn 0.1114 0.1951 0.9744
vn -0.1136 -0.0000 -0.9935
vn 0.6629 0.1951 0.7229
vn -0.6759 -0.0000 -0.7370
vn -0.9800 -0.0000 -0.1990
vn -0.9098 -0.0000 0.4150
vn 0.8923 0.1951 -0.4070
vn 0.9612 0.1951 0.1952
vn 0.4827 0.1951 -0.8538
vn -0.4921 -0.0000 0.8705
vn -0.1114 0.1951 -0.9744
vn 0.1136 -0.0000 0.9935
vn 0.6759 -0.0000 0.7370
vn -0.4284 -0.0000 0.9036
vn -0.8777 -0.0000 0.4792
vn 0.4202 0.1951 -0.8862
vn 0.8609 0.1951 -0.4700
vn 0.9727 0.1951 0.1258
vn -0.9917 -0.0000 -0.1282
vn 0.7130 0.1951 0.6735
vn -0.7270 -0.0000 -0.6867
vn -0.1845 -0.0000 -0.9828
vn 0.4284 -0.0000 -0.9036
vn 0.1809 0.1951 0.9639
vn -0.4202 0.1951 0.8862
vn -0.8609 0.1951 0.4700
vn 0.8777 -0.0000 -0.4792
vn -0.9727 0.1951 -0.1258
vn 0.9917 -0.0000 0.1282
vn 0.7270 -0.0000 0.6867
vn 0.1845 -0.0000 0.9828
vn -0.1810 0.1951 -0.9640
vn -0.7130 0.1951 -0.6735
vn -0.1534 0.5556 -0.8172
vn -0.6044 0.5556 -0.5710
vn -0.8246 0.5556 -0.1066
vn -0.5510 0.8315 -0.0712
vn -0.4039 0.8315 -0.3815
vn -0.1935 0.9808 -0.0250
vn -0.1418 0.9808 -0.1340
vn -0.0360 0.9808 -0.1917
vn -0.1025 0.8315 -0.5460
vn 0.0836 0.9808 -0.1763
vn 0.2380 0.8315 -0.5020
vn 0.3562 0.5556 -0.7513
vn 0.4876 0.8315 -0.2662
vn 0.7298 0.5556 -0.3984
vn 0.5510 0.8315 0.0712
vn 0.8246 0.5555 0.1066
vn 0.4039 0.8315 0.3815
vn 0.6045 0.5555 0.5710
vn 0.1025 0.8315 0.5460
vn 0.1534 0.5556 0.8172
vn -0.3562 0.5556 0.7513
vn -0.2380 0.8315 0.5020
vn -0.7298 0.5556 0.3984
vn -0.4876 0.8315 0.2662
vn -0.0836 0.9808 0.1763
vn -0.1712 0.9808 0.0935
vn 0.0360 0.9808 0.1917
vn 0.1418 0.9808 0.1340
vn 0.1935 0.9808 0.0250
vn 0.1712 0.9808 -0.0935
vn 0.9800 -0.0000 0.1990
vn -0.6629 0.1951 -0.7229
vn -0.9612 0.1951 -0.1952
vn -0.5619 0.5556 -0.6128
vn -0.8148 0.5556 -0.1655
vn -0.7565 0.5556 0.3451
vn -0.5055 0.8315 0.2306
vn -0.5445 0.8315 -0.1106
vn -0.1775 0.9808 0.0810
vn -0.1912 0.9808 -0.0388
vn -0.3755 0.8315 -0.4095
vn -0.1318 0.9808 -0.1438
vn -0.0222 0.9808 -0.1938
vn 0.0960 0.9808 -0.1698
vn 0.1775 0.9808 -0.0810
vn 0.1912 0.9808 0.0388
vn 0.1318 0.9808 0.1438
vn 0.0222 0.9808 0.1938
vn -0.0960 0.9808 0.1698
vn 0.0631 0.8315 0.5520
vn -0.2734 0.8315 0.4836
vn 0.0944 0.5556 0.8261
vn -0.4092 0.5556 0.7238
vn 0.5619 0.5556 0.6128
vn 0.3755 0.8315 0.4095
vn 0.5445 0.8315 0.1106
vn 0.8148 0.5556 0.1655
vn 0.5055 0.8315 -0.2306
vn 0.7565 0.5556 -0.3451
vn 0.2734 0.8315 -0.4837
vn 0.4092 0.5556 -0.7238
vn -0.0631 0.8315 -0.5520
vn -0.0944 0.5556 -0.8261
vn -0.4284 -0.0000 -0.9036
vn -0.8777 -0.0000 -0.4792
vn 0.4202 0.1951 0.8862
vn 0.8609 0.1951 0.4700
vn 0.9727 0.1951 -0.1258
vn -0.9917 -0.0000 0.1282
vn 0.8246 0.5556 -0.1066
vn 0.7298 0.5556 0.3984
vn 0.5510 0.8315 -0.0712
vn 0.4876 0.8315 0.2662
vn 0.3562 0.5556 0.7513
vn 0.2380 0.8315 0.5020
vn 0.0836 0.9808 0.1763
vn 0.1712 0.9808 0.0935
vn 0.1935 0.9808 -0.0250
vn 0.1418 0.9808 -0.1340
vn 0.0360 0.9808 -0.1917
vn -0.0836 0.9808 -0.1763
vn -0.1712 0.9808 -0.0935
vn -0.1935 0.9808 0.0250
vn -0.1418 0.9808 0.1340
vn -0.0360 0.9808 0.1917
vn -0.4039 0.8315 0.3815
vn -0.1025 0.8315 0.5460
vn -0.6044 0.5556 0.5710
vn -0.1534 0.5556 0.8172
vn -0.7130 0.1951 0.6735
vn -0.1810 0.1951 0.9639
vn 0.7270 -0.0000 -0.6867
vn 0.1845 -0.0000 -0.9828
vn -0.9727 0.1951 0.1258
vn 0.9917 -0.0000 -0.1282
vn 0.8777 -0.0000 0.4792
vn 0.4284 -0.0000 0.9036
vn -0.4202 0.1951 -0.8862
vn -0.8608 0.1951 -0.4700
vn 0.1810 0.1951 -0.9639
vn -0.1845 -0.0000 0.9828
vn 0.7130 0.1951 -0.6735
vn -0.7270 -0.0000 0.6867
vn 0.9098 -0.0000 0.4150
vn 0.4921 -0.0000 0.8705
vn -0.8923 0.1951 -0.4070
vn -0.4827 0.1951 -0.8538
vn 0.1114 0.1951 -0.9744
vn -0.1136 -0.0000 0.9935
vn 0.6629 0.1951 -0.7229
vn -0.6759 -0.0000 0.7370
vn -0.9800 -0.0000 0.1990
vn -0.9098 -0.0000 -0.4150
vn 0.8923 0.1951 0.4070
vn 0.9612 0.1951 -0.1952
vn 0.4827 0.1951 0.8538
vn -0.4921 -0.0000 -0.8705
vn -0.1114 0.1951 0.9744
vn 0.1136 -0.0000 -0.9935
vn 0.6759 -0.0000 -0.7370
vn 0.9800 -0.0000 -0.1990
vn -0.6629 0.1951 0.7229
vn -0.9612 0.1951 0.1952
vn -0.5620 0.5556 0.6128
vn -0.8148 0.5556 0.1655
vn -0.7565 0.5556 -0.3451
vn -0.5055 0.8315 -0.2306
vn -0.5445 0.8315 0.1106
vn -0.2734 0.8315 -0.4836
vn -0.4092 0.5556 -0.7238
vn 0.0631 0.8315 -0.5520
vn 0.0944 0.5556 -0.8261
vn 0.3755 0.8315 -0.4095
vn 0.5620 0.5556 -0.6128
vn 0.8148 0.5556 -0.1655
vn 0.5445 0.8315 -0.1106
vn 0.7565 0.5556 0.3451
vn 0.5055 0.8315 0.2306
vn 0.1775 0.9808 0.0810
vn 0.1912 0.9808 -0.0388
vn 0.1319 0.9808 -0.1438
vn 0.0222 0.9808 -0.1938
vn -0.0960 0.9808 -0.1698
vn -0.1775 0.9808 -0.0810
vn -0.1912 0.9808 0.0388
vn -0.1319 0.9808 0.1438
vn -0.0222 0.9808 0.1938
vn 0.0960 0.9808 0.1698
vn -0.0631 0.8315 0.5520
vn 0.2734 0.8315 0.4836
vn -0.0944 0.5556 0.8261
vn 0.4092 0.5556 0.7238
vn -0.3755 0.8315 0.4095
vn 0.1534 0.5556 -0.8172
vn 0.6044 0.5556 -0.5710
vn 0.1025 0.8315 -0.5460
vn 0.4039 0.8315 -0.3815
vn -0.2380 0.8315 -0.5020
vn -0.3562 0.5556 -0.7513
vn -0.4876 0.8315 -0.2662
vn -0.7298 0.5556 -0.3984
vn -0.5510 0.8315 0.0712
vn -0.8246 0.5556 0.1066
vn 0.9797 0.1951 0.0471
vn -0.9797 0.1951 -0.0471
vn 0.3544 -0.0000 -0.9351
vn 0.7649 0.1951 0.6139
vn 0.8305 0.5556 0.0399
vn 0.6954 0.5556 -0.4558
vn 0.1969 0.8315 -0.5195
vn 0.0691 0.9808 -0.1824
vn -0.3947 0.1951 -0.8978
vn -0.8471 0.1951 -0.4943
vn 0.3948 0.1951 0.8978
vn 0.8273 0.5556 -0.0831
vn 0.7181 0.5556 0.4191
vn 0.3347 0.5556 0.7611
vn -0.0415 0.9808 0.1906
vn 0.0414 0.9808 -0.1906
vn 0.6205 0.5556 -0.5535
vn 0.7649 0.1951 -0.6139
vn -0.8471 0.1951 0.4943
vn 0.7462 -0.0000 0.6657
vn 0.3948 0.1951 -0.8978
vn 0.8273 0.5556 0.0831
vn 0.7181 0.5556 -0.4191
vn 0.3347 0.5556 -0.7612
vn -0.0415 0.9808 -0.1906
vn 0.0414 0.9808 0.1906
vn -0.3347 0.5556 0.7612
vn 0.6205 0.5556 0.5535
vn -0.7462 -0.0000 -0.6657
vn -0.2579 0.1950 0.9463
vn -0.9797 0.1951 0.0471
vn 0.8305 0.5556 -0.0399
vn 0.6954 0.5556 0.4558
vn 0.8202 0.1951 0.5377
vn -0.3543 -0.0000 -0.9351
vn 0.9797 0.1951 -0.0471
vn 0.8608 0.1951 -0.4700
vn 0.1810 0.1951 0.9639
vn -0.8608 0.1951 0.4700
vn -0.6045 0.5556 -0.5710
vn 0.8246 0.5556 0.1066
vn 0.6045 0.5556 0.5710
vn -0.4092 0.5555 0.7238
vn 0.2734 0.8315 -0.4836
vn -0.5620 0.5556 -0.6128
vn 0.6045 0.5555 -0.5710
vn 0.1810 0.1951 -0.9640
vn -0.6629 0.1950 0.7229
vn -0.4827 0.1952 -0.8538
vn -0.6758 -0.0000 0.7370
vn 0.7565 0.5555 0.3451
vn -0.5619 0.5556 0.6128
vn -0.7565 0.5555 -0.3451
vn -0.1318 0.9808 0.1438
vn 0.1318 0.9808 -0.1438
vn -0.4092 0.5555 -0.7238
vn 0.5619 0.5556 -0.6128
vn -0.6045 0.5555 0.5710
vn 0.0006 -1.0000 -0.0009
vn -0.0003 -1.0000 -0.0005
vn -0.0004 -1.0000 -0.0005
vt 0.250000 0.500000
vt 0.218750 0.500000
vt 0.218750 1.000000
vt 0.250000 1.000000
vt 0.281250 0.500000
vt 0.281250 1.000000
vt 0.312500 0.500000
vt 0.312500 1.000000
vt 0.343750 0.500000
vt 0.343750 1.000000
vt 0.375000 0.500000
vt 0.375000 1.000000
vt 0.406250 0.500000
vt 0.406250 1.000000
vt 0.437500 0.500000
vt 0.437500 1.000000
vt 0.468750 0.500000
vt 0.468750 1.000000
vt 0.500000 0.500000
vt 0.500000 1.000000
vt 0.531250 0.500000
vt 0.531250 1.000000
vt 0.562500 0.500000
vt 0.562500 1.000000
vt 0.593750 0.500000
vt 0.593750 1.000000
vt 0.625000 0.500000
vt 0.625000 1.000000
vt 0.656250 0.500000
vt 0.656250 1.000000
vt 0.687500 0.500000
vt 0.687500 1.000000
vt 0.718750 0.500000
vt 0.718750 1.000000
vt 0.750000 0.500000
vt 0.750000 1.000000
vt 0.781250 0.500000
vt 0.781250 1.000000
vt 0.468750 0.712468
vt 0.500000 0.712468
vt 0.531250 0.734781
vt 0.437500 0.712468
vt 0.406250 0.712468
vt 0.375000 0.712468
vt 0.343750 0.712468
vt 0.343750 0.756350
vt 0.375000 0.756350
vt 0.406250 0.756350
vt 0.312500 0.712468
vt 0.312500 0.756350
vt 0.281250 0.712468
vt 0.281250 0.756350
vt 0.250000 0.712468
vt 0.250000 0.756350
vt 0.218750 0.712468
vt 0.218750 0.756350
vt 0.187500 0.500000
vt 0.187500 0.712468
vt 0.187500 0.756350
vt 0.156250 0.500000
vt 0.156250 0.712468
vt 0.156250 0.756350
vt 0.000000 0.000000
vt 0.843750 0.712468
vt 0.812500 0.712468
vt 0.812500 0.756350
vt 0.843750 0.756350
vt 0.812500 1.000000
vt 0.843750 1.000000
vt 0.781250 0.712468
vt 0.781250 0.756350
vt 0.750000 0.712468
vt 0.750000 0.756350
vt 0.718750 0.715450
vt 0.718750 0.751790
vt 0.687500 0.712468
vt 0.687500 0.757264
vt 0.718750 0.754026
vt 0.718750 0.717686
vt 0.571714 0.409251
vt 0.550447 0.383337
vt 0.570966 0.408339
vt 0.580294 0.419706
vt 0.616663 0.449553
vt 0.750000 0.490000
vt 0.703178 0.485388
vt 0.658156 0.471731
vt 0.919706 0.419706
vt 0.883337 0.449553
vt 0.841844 0.471731
vt 0.796822 0.485388
vt 0.528269 0.341844
vt 0.514612 0.296822
vt 0.510000 0.250000
vt 0.514612 0.203178
vt 0.528269 0.158156
vt 0.550447 0.116663
vt 0.580294 0.080294
vt 0.616663 0.050447
vt 0.658156 0.028269
vt 0.703178 0.014612
vt 0.750000 0.010000
vt 0.796822 0.014612
vt 0.841844 0.028269
vt 0.883337 0.050447
vt 0.919706 0.080294
vt 0.949553 0.116663
vt 0.971731 0.158156
vt 0.985388 0.203178
vt 0.990000 0.250000
vt 0.985388 0.296822
vt 0.971731 0.341844
vt 0.949553 0.383337
vt 0.928279 0.409259
vt 0.656250 0.712468
vt 0.656250 0.758953
vt 0.656250 0.758953
vt 0.625000 0.712120
vt 0.625000 0.757616
vt 0.514652 0.203186
vt 0.510041 0.250000
vt 0.514652 0.296814
vt 0.528307 0.341828
vt 0.550481 0.383314
vt 0.550447 0.116663
vt 0.580323 0.080324
vt 0.550481 0.116686
vt 0.616686 0.050482
vt 0.658172 0.028307
vt 0.703186 0.014652
vt 0.796822 0.014612
vt 0.796814 0.014652
vt 0.750000 0.010041
vt 0.841828 0.028307
vt 0.883314 0.050482
vt 0.883337 0.050447
vt 0.593750 0.715021
vt 0.593750 0.715021
vt 0.593750 0.754378
vt 0.562500 0.719582
vt 0.562500 0.749959
vt 0.500000 0.756350
vt 0.468750 0.756350
vt 0.437500 0.756350
vt 0.187500 1.000000
vt 0.156250 1.000000
vt 0.812500 0.500000
vt 0.843750 0.500000
vt 0.985348 0.203186
vt 0.971693 0.158172
vt 0.949518 0.116686
vt 0.883314 0.449518
vt 0.883337 0.449553
vt 0.920095 0.419232
vt 0.949519 0.383314
vt 0.841828 0.471693
vt 0.796814 0.485348
vt 0.796822 0.485388
vt 0.750000 0.489959
vt 0.703186 0.485348
vt 0.658172 0.471693
vt 0.616686 0.449519
vt 0.580323 0.419676
vt 0.920061 0.080727
vt 0.616663 0.449553
vt 0.616721 0.449466
vt 0.580368 0.419632
vt 0.658196 0.471635
vt 0.703178 0.485388
vt 0.703199 0.485286
vt 0.750000 0.489896
vt 0.796822 0.485388
vt 0.841844 0.471731
vt 0.841804 0.471635
vt 0.796801 0.485286
vt 0.883279 0.449466
vt 0.919632 0.419632
vt 0.949553 0.383337
vt 0.949466 0.383279
vt 0.971731 0.341844
vt 0.971635 0.341804
vt 0.985286 0.296801
vt 0.989896 0.250000
vt 0.985286 0.203199
vt 0.971635 0.158196
vt 0.949553 0.116663
vt 0.949466 0.116721
vt 0.919632 0.080368
vt 0.883279 0.050534
vt 0.841804 0.028365
vt 0.796822 0.014612
vt 0.796801 0.014714
vt 0.750000 0.010104
vt 0.703178 0.014612
vt 0.703199 0.014714
vt 0.658196 0.028365
vt 0.616663 0.050447
vt 0.616721 0.050534
vt 0.580368 0.080368
vt 0.550447 0.116663
vt 0.550534 0.116721
vt 0.528269 0.158156
vt 0.528365 0.158196
vt 0.514714 0.203199
vt 0.510104 0.250000
vt 0.514714 0.296801
vt 0.528365 0.341804
vt 0.550447 0.383337
vt 0.550534 0.383279
vt 0.528320 0.341823
vt 0.550493 0.383306
vt 0.550447 0.383337
vt 0.528269 0.341844
vt 0.580333 0.419666
vt 0.616694 0.449507
vt 0.616663 0.449553
vt 0.658156 0.471731
vt 0.658177 0.471680
vt 0.703189 0.485334
vt 0.750000 0.489945
vt 0.796811 0.485334
vt 0.841823 0.471680
vt 0.883306 0.449507
vt 0.919667 0.419667
vt 0.949507 0.383306
vt 0.949553 0.383337
vt 0.971680 0.341823
vt 0.971731 0.341844
vt 0.985389 0.296822
vt 0.985334 0.296811
vt 0.989945 0.250000
vt 0.985334 0.203189
vt 0.985388 0.203178
vt 0.971680 0.158177
vt 0.949553 0.116663
vt 0.949507 0.116694
vt 0.919667 0.080333
vt 0.883306 0.050493
vt 0.841844 0.028269
vt 0.841823 0.028320
vt 0.796811 0.014666
vt 0.750000 0.010055
vt 0.703189 0.014666
vt 0.658177 0.028320
vt 0.616694 0.050493
vt 0.580333 0.080333
vt 0.550493 0.116694
vt 0.550447 0.116663
vt 0.528320 0.158177
vt 0.528269 0.158156
vt 0.514666 0.203189
vt 0.510055 0.250000
vt 0.514666 0.296811
vt 0.971693 0.341828
vt 0.929027 0.408347
vt 0.985348 0.296814
vt 0.989959 0.250000
vt 0.528307 0.158172
vt 0.928279 0.409259
vt 0.125000 0.500000
vt 0.125000 0.712468
vt 0.125000 0.756350
vt 0.093750 0.500000
vt 0.093750 0.712468
vt 0.093750 0.756350
vt 0.062500 0.500000
vt 0.062500 0.712468
vt 0.062500 0.756350
vt 0.031250 0.500000
vt 0.031250 0.712468
vt 0.031250 0.756350
vt 0.000000 0.500000
vt 0.000000 0.712468
vt 0.000000 0.756350
vt 1.000000 0.500000
vt 0.968750 0.500000
vt 0.968750 0.712468
vt 1.000000 0.712468
vt 0.968750 0.756350
vt 1.000000 0.756350
vt 0.968750 1.000000
vt 1.000000 1.000000
vt 0.000000 1.000000
vt 0.031250 1.000000
vt 0.937500 0.712468
vt 0.937500 0.756350
vt 0.937500 1.000000
vt 0.906250 0.712468
vt 0.906250 0.756350
vt 0.906250 1.000000
vt 0.875000 0.712468
vt 0.875000 0.756350
vt 0.875000 1.000000
vt 0.296822 0.485388
vt 0.341844 0.471731
vt 0.383337 0.449553
vt 0.419706 0.419706
vt 0.449553 0.383337
vt 0.471731 0.341844
vt 0.485388 0.296822
vt 0.490000 0.250000
vt 0.485388 0.203178
vt 0.471731 0.158156
vt 0.449553 0.116663
vt 0.419706 0.080294
vt 0.383337 0.050447
vt 0.341844 0.028269
vt 0.296822 0.014612
vt 0.250000 0.010000
vt 0.203178 0.014612
vt 0.158156 0.028269
vt 0.116663 0.050447
vt 0.080294 0.080294
vt 0.050447 0.116663
vt 0.028269 0.158156
vt 0.014612 0.203178
vt 0.010000 0.250000
vt 0.014612 0.296822
vt 0.028269 0.341844
vt 0.050447 0.383337
vt 0.080294 0.419706
vt 0.116663 0.449553
vt 0.158156 0.471731
vt 0.203178 0.485388
vt 0.250000 0.490000
vt 0.125000 1.000000
vt 0.093750 1.000000
vt 0.062500 1.000000
vt 0.875000 0.500000
vt 0.906250 0.500000
vt 0.937500 0.500000
vt 0.000000 0.150000
vt 0.000000 0.450000
vt 0.000000 0.422222
vt 0.000000 0.394444
vt 0.000000 0.366667
vt 0.000000 0.338889
vt 0.000000 0.311111
vt 0.000000 0.283333
vt 0.000000 0.255556
vt 0.000000 0.227778
vt 0.000000 0.200000
vt 0.024233 0.024233
vt 0.000000 0.366667
vt 0.000000 0.416667
vt 0.000000 0.383333
vt 0.000000 0.350000
vt 0.000000 0.316667
vt 0.000000 0.283333
vt 0.000000 0.250000
vt 0.000000 0.216667
vt 0.000000 0.183333
vt 0.024233 0.119387
vt 0.024233 0.131281
vt 0.024233 0.143175
vt 0.024233 0.166963
vt 0.024233 0.357270
vt 0.024233 0.392953
vt 0.024233 0.404847
vt 0.143175 0.024233
vt 0.158043 0.024233
vt 0.202646 0.024233
vt 0.321588 0.024233
vt 0.366191 0.024233
vt 0.381058 0.024233
vt 0.172910 0.024233
vt 0.000000 0.013781
vt 0.000000 0.186219
vt 0.000000 0.013781
vt 0.187500 0.000000
vt 0.194743 0.000000
vt 0.194743 0.000000
vt 0.195544 0.000000
vt 0.210706 0.000000
vt 0.211507 0.000000
vt 0.195544 0.000000
vt 0.430257 0.000000
vt 0.430257 0.000000
vt 0.429456 0.000000
vt 0.414294 0.000000
vt 0.413493 0.000000
vt 0.413493 0.000000
vt 0.430257 0.000000
vt 0.414294 0.000000
vt 0.194743 0.000000
vt 0.211507 0.000000
vt 0.195544 0.000000
vt 0.187500 0.000000
vt 0.225993 0.000000
vt 0.210706 0.000000
vt 0.226794 0.000000
vt 0.226794 0.000000
vt 0.241956 0.000000
vt 0.242757 0.000000
vt 0.242757 0.000000
vt 0.241956 0.000000
vt 0.257243 0.000000
vt 0.258044 0.000000
vt 0.273206 0.000000
vt 0.274007 0.000000
vt 0.258044 0.000000
vt 0.242757 0.000000
vt 0.288493 0.000000
vt 0.288493 0.000000
vt 0.289294 0.000000
vt 0.304456 0.000000
vt 0.305257 0.000000
vt 0.305257 0.000000
vt 0.304456 0.000000
vt 0.319743 0.000000
vt 0.319743 0.000000
vt 0.320544 0.000000
vt 0.335706 0.000000
vt 0.336507 0.000000
vt 0.320544 0.000000
vt 0.320544 0.000000
vt 0.305257 0.000000
vt 0.336507 0.000000
vt 0.350993 0.000000
vt 0.351794 0.000000
vt 0.366956 0.000000
vt 0.367757 0.000000
vt 0.382243 0.000000
vt 0.382243 0.000000
vt 0.383044 0.000000
vt 0.398206 0.000000
vt 0.399007 0.000000
vt 0.383044 0.000000
vt 0.382243 0.000000
vt 0.399007 0.000000
vt 0.398206 0.000000
vt 0.398206 0.000000
vt 0.429456 0.000000
vt 0.335706 0.000000
vt 0.320544 0.000000
vt 0.304456 0.000000
vt 0.289294 0.000000
vt 0.241956 0.000000
vt 0.241956 0.000000
vt 0.429456 0.000000
vt 0.430951 0.000000
vt 0.412799 0.000000
vt 0.273206 0.000000
vt 0.274701 0.000000
vt 0.256549 0.000000
vt 0.256549 0.000000
vt 0.256549 0.000000
vt 0.412799 0.000000
vt 0.399701 0.000000
vt 0.381549 0.000000
vt 0.335706 0.000000
vt 0.289294 0.000000
vt 0.287799 0.000000
vt 0.305951 0.000000
vt 0.305951 0.000000
vt 0.319049 0.000000
vt 0.319049 0.000000
vt 0.337201 0.000000
vt 0.350299 0.000000
vt 0.350299 0.000000
vt 0.368451 0.000000
vt 0.337201 0.000000
vt 0.366956 0.000000
vt 0.381549 0.000000
vt 0.414294 0.000000
vt 0.414294 0.000000
vt 0.383044 0.000000
vt 0.351794 0.000000
vt 0.000000 0.205742
vt 0.000000 0.222036
vt 0.000000 0.206355
vt 0.000000 0.221422
vt 0.000000 0.233285
vt 0.000000 0.250048
vt 0.000000 0.234133
vt 0.000000 0.249200
vt 0.000000 0.249200
vt 0.000000 0.278193
vt 0.000000 0.260696
vt 0.000000 0.261911
vt 0.000000 0.276978
vt 0.000000 0.288473
vt 0.000000 0.305971
vt 0.000000 0.288473
vt 0.000000 0.289689
vt 0.000000 0.289689
vt 0.000000 0.304756
vt 0.000000 0.333749
vt 0.000000 0.316251
vt 0.000000 0.317467
vt 0.000000 0.332533
vt 0.000000 0.333749
vt 0.000000 0.332533
vt 0.000000 0.344029
vt 0.000000 0.361527
vt 0.000000 0.345244
vt 0.000000 0.360311
vt 0.000000 0.389305
vt 0.000000 0.371807
vt 0.000000 0.371807
vt 0.000000 0.373022
vt 0.000000 0.388089
vt 0.000000 0.399584
vt 0.000000 0.417082
vt 0.000000 0.400800
vt 0.000000 0.415867
vt 0.000000 0.444860
vt 0.000000 0.427362
vt 0.000000 0.428578
vt 0.000000 0.443644
vt 0.000000 0.445140
vt 0.000000 0.445140
vt 0.000000 0.421527
vt 0.000000 0.443645
vt 0.000000 0.423022
vt 0.000000 0.423022
vt 0.000000 0.188194
vt 0.000000 0.188194
vt 0.000000 0.211806
vt 0.000000 0.221527
vt 0.000000 0.221527
vt 0.000000 0.245140
vt 0.000000 0.254860
vt 0.000000 0.254860
vt 0.000000 0.278473
vt 0.000000 0.288194
vt 0.000000 0.288194
vt 0.000000 0.311806
vt 0.000000 0.321527
vt 0.000000 0.321527
vt 0.000000 0.345140
vt 0.000000 0.354860
vt 0.000000 0.378473
vt 0.000000 0.388194
vt 0.000000 0.388194
vt 0.000000 0.411806
vt 0.000000 0.154860
vt 0.000000 0.178473
vt 0.000000 0.178473
vt 0.000000 0.443644
vt 0.000000 0.410311
vt 0.000000 0.389689
vt 0.000000 0.410311
vt 0.000000 0.389689
vt 0.000000 0.376978
vt 0.000000 0.356356
vt 0.000000 0.376978
vt 0.000000 0.343645
vt 0.000000 0.323022
vt 0.000000 0.323022
vt 0.000000 0.310311
vt 0.000000 0.289689
vt 0.000000 0.289689
vt 0.000000 0.276978
vt 0.000000 0.256356
vt 0.000000 0.256356
vt 0.000000 0.243645
vt 0.000000 0.223022
vt 0.000000 0.223022
vt 0.000000 0.223022
vt 0.000000 0.243645
vt 0.000000 0.210311
vt 0.000000 0.189689
vt 0.000000 0.189689
vt 0.000000 0.176978
vt 0.000000 0.156356
vt 0.000000 0.176978
vt 0.000000 0.136219
vt 0.000000 0.013781
vt 0.000000 0.400800
vt 0.000000 0.388089
vt 0.000000 0.373022
vt 0.000000 0.345244
vt 0.000000 0.234133
vt 0.336455 0.024233
vt 0.024233 0.369164
vt 0.160244 0.046992
vt 0.386748 0.046992
vt 0.046992 0.137594
vt 0.046992 0.409398
vt 0.372592 0.046992
vt 0.358435 0.046992
vt 0.344279 0.046992
vt 0.330122 0.046992
vt 0.202637 0.046992
vt 0.174401 0.046992
vt 0.202714 0.046992
vt 0.046992 0.364098
vt 0.046992 0.171569
vt 0.046992 0.148919
vt 0.046992 0.398073
vt 0.216870 0.046992
vt 0.046992 0.171285
vt 0.038458 0.153843
vt 0.032768 0.149576
vt 0.035613 0.151710
vt 0.038458 0.165382
vt 0.041303 0.155977
vt 0.041303 0.167444
vt 0.035613 0.151710
vt 0.035613 0.151710
vt 0.041279 0.156054
vt 0.041279 0.167332
vt 0.038458 0.165382
vt 0.041303 0.373858
vt 0.035613 0.163319
vt 0.032768 0.161257
vt 0.032768 0.371511
vt 0.035613 0.372294
vt 0.038458 0.373076
vt 0.035613 0.163319
vt 0.032768 0.161257
vt 0.035613 0.163319
vt 0.032768 0.161257
vt 0.029947 0.159114
vt 0.029923 0.159194
vt 0.029923 0.159194
vt 0.029947 0.147558
vt 0.029923 0.147442
vt 0.029923 0.147442
vt 0.032768 0.149576
vt 0.032768 0.149576
vt 0.032768 0.149576
vt 0.030014 0.147886
vt 0.035613 0.151710
vt 0.038458 0.153843
vt 0.037857 0.154702
vt 0.035613 0.152849
vt 0.033369 0.151343
vt 0.039669 0.157634
vt 0.041212 0.156275
vt 0.039669 0.163377
vt 0.041212 0.167012
vt 0.037857 0.163637
vt 0.038458 0.165382
vt 0.035613 0.163319
vt 0.035613 0.162180
vt 0.037404 0.162318
vt 0.035613 0.161324
vt 0.038706 0.161593
vt 0.033822 0.159710
vt 0.038706 0.157998
vt 0.037404 0.155352
vt 0.035613 0.153705
vt 0.033822 0.152677
vt 0.032520 0.153406
vt 0.032520 0.157061
vt 0.031557 0.151593
vt 0.031557 0.157454
vt 0.033369 0.160376
vt 0.030014 0.158885
vt 0.032768 0.383192
vt 0.029923 0.382481
vt 0.029923 0.370729
vt 0.029923 0.370729
vt 0.032768 0.371511
vt 0.035613 0.372294
vt 0.032768 0.371511
vt 0.029947 0.370836
vt 0.035613 0.372294
vt 0.038458 0.373076
vt 0.041278 0.373950
vt 0.041303 0.373858
vt 0.038458 0.384614
vt 0.041303 0.385326
vt 0.041303 0.385326
vt 0.035613 0.383903
vt 0.035613 0.383903
vt 0.035613 0.383903
vt 0.041278 0.385221
vt 0.041209 0.384924
vt 0.041209 0.374211
vt 0.038458 0.373076
vt 0.039617 0.381953
vt 0.039617 0.376346
vt 0.037834 0.374264
vt 0.035613 0.373475
vt 0.032768 0.371511
vt 0.033391 0.373049
vt 0.030017 0.371142
vt 0.031609 0.374187
vt 0.029947 0.382386
vt 0.030017 0.382117
vt 0.031609 0.379908
vt 0.032601 0.379060
vt 0.032601 0.375555
vt 0.033863 0.374212
vt 0.037363 0.381953
vt 0.038624 0.380613
vt 0.038624 0.377165
vt 0.037363 0.375163
vt 0.035613 0.374369
vt 0.033863 0.381066
vt 0.035613 0.381828
vt 0.037834 0.383099
vt 0.035613 0.382722
vt 0.033391 0.381982
vt 0.032768 0.383192
vt 0.032768 0.383192
vt 0.032768 0.383192
vt 0.029923 0.382481
vt 0.184646 0.041303
vt 0.178778 0.032768
vt 0.180734 0.035613
vt 0.182690 0.038458
vt 0.342323 0.041303
vt 0.356657 0.041303
vt 0.355768 0.038458
vt 0.198980 0.041303
vt 0.197113 0.038458
vt 0.195246 0.035613
vt 0.193379 0.032768
vt 0.191512 0.029923
vt 0.176822 0.029923
vt 0.353101 0.029923
vt 0.338411 0.029923
vt 0.339389 0.032768
vt 0.340367 0.035613
vt 0.341345 0.038458
vt 0.176822 0.029923
vt 0.178778 0.032768
vt 0.180734 0.035613
vt 0.176941 0.029943
vt 0.191420 0.029943
vt 0.193379 0.032768
vt 0.193379 0.032768
vt 0.195246 0.035613
vt 0.197113 0.038458
vt 0.197113 0.038458
vt 0.195246 0.035613
vt 0.198864 0.041282
vt 0.184734 0.041282
vt 0.184646 0.041303
vt 0.354879 0.035613
vt 0.353990 0.032768
vt 0.355768 0.038458
vt 0.356546 0.041282
vt 0.354879 0.035613
vt 0.353990 0.032768
vt 0.353001 0.029944
vt 0.338411 0.029923
vt 0.338525 0.029944
vt 0.339389 0.032768
vt 0.340367 0.035613
vt 0.341345 0.038458
vt 0.341345 0.038458
vt 0.342323 0.041303
vt 0.342420 0.041282
vt 0.342696 0.041223
vt 0.356231 0.041223
vt 0.341345 0.038458
vt 0.340367 0.035613
vt 0.341594 0.035613
vt 0.342572 0.037941
vt 0.345088 0.039866
vt 0.342496 0.035613
vt 0.343496 0.037557
vt 0.346115 0.039015
vt 0.351364 0.039015
vt 0.352949 0.039866
vt 0.353026 0.037557
vt 0.354201 0.037941
vt 0.355768 0.038458
vt 0.353652 0.035613
vt 0.354879 0.035613
vt 0.352740 0.033285
vt 0.353990 0.032768
vt 0.350241 0.031360
vt 0.352715 0.030003
vt 0.338849 0.030003
vt 0.342213 0.031360
vt 0.339389 0.032768
vt 0.340979 0.033285
vt 0.343834 0.032211
vt 0.342172 0.033669
vt 0.349179 0.032211
vt 0.351799 0.033669
vt 0.352750 0.035613
vt 0.182690 0.038458
vt 0.182690 0.038458
vt 0.184987 0.041224
vt 0.180734 0.035613
vt 0.178778 0.032768
vt 0.180518 0.033277
vt 0.181943 0.035613
vt 0.183724 0.037949
vt 0.181822 0.033655
vt 0.182829 0.035613
vt 0.184502 0.037571
vt 0.186896 0.039885
vt 0.187633 0.039044
vt 0.182973 0.032181
vt 0.188396 0.032181
vt 0.191527 0.033655
vt 0.193151 0.035613
vt 0.194109 0.037571
vt 0.192958 0.039044
vt 0.194824 0.039885
vt 0.195395 0.037949
vt 0.194037 0.035613
vt 0.192323 0.033277
vt 0.189168 0.031341
vt 0.181071 0.031341
vt 0.177281 0.030002
vt 0.191158 0.030002
vt 0.195246 0.035613
vt 0.197113 0.038458
vt 0.198533 0.041224
vt 0.353134 0.030029
vt 0.038528 0.153896
vt 0.342287 0.041200
s 0
usemtl Material
f 4/1/1 3/2/1 1/3/1 2/4/1
f 5/5/2 4/1/2 2/4/2 7/6/2
f 6/7/3 5/5/3 7/6/3 8/8/3
f 11/9/4 6/7/4 8/8/4 9/10/4
f 12/11/5 11/9/5 9/10/5 10/12/5
f 13/13/6 12/11/6 10/12/6 15/14/6
f 14/15/7 13/13/7 15/14/7 16/16/7
f 19/17/8 14/15/8 16/16/8 17/18/8
f 20/19/9 19/17/9 17/18/9 18/20/9
f 21/21/10 20/19/10 18/20/10 23/22/10
f 22/23/11 21/21/11 23/22/11 24/24/11
f 27/25/12 22/23/12 24/24/12 25/26/12
f 28/27/13 27/25/13 25/26/13 26/28/13
f 29/29/14 28/27/14 26/28/14 31/30/14
f 30/31/15 29/29/15 31/30/15 32/32/15
f 35/33/16 30/31/16 32/32/16 33/34/16
f 36/35/17 35/33/17 33/34/17 34/36/17
f 37/37/18 36/35/18 34/36/18 38/38/18
f 39/19/9 42/17/9 43/39/9 40/40/9
f 41/21/10 39/19/10 40/40/10 181/41/10
f 42/17/8 44/15/8 45/42/8 43/39/8
f 44/15/7 46/13/7 47/43/7 45/42/7
f 46/13/6 48/11/6 50/44/6 47/43/6
f 48/11/5 49/9/5 52/45/5 50/44/5
f 50/44/5 52/45/5 53/46/5 51/47/5
f 47/43/6 50/44/6 51/47/6 189/48/6
f 49/9/4 55/7/4 54/49/4 52/45/4
f 52/45/4 54/49/4 56/50/4 53/46/4
f 55/7/3 58/5/3 57/51/3 54/49/3
f 54/49/3 57/51/3 59/52/3 56/50/3
f 58/5/2 61/1/2 60/53/2 57/51/2
f 57/51/2 60/53/2 62/54/2 59/52/2
f 61/1/1 64/2/1 63/55/1 60/53/1
f 60/53/1 63/55/1 65/56/1 62/54/1
f 64/2/19 67/57/19 66/58/19 63/55/19
f 63/55/19 66/58/19 68/59/19 65/56/19
f 67/57/20 70/60/20 69/61/20 66/58/20
f 66/58/20 69/61/20 71/62/20 68/59/20
f 2439/63/21 2434/63/22 2441/63/23
f 2438/63/24 2437/63/24 2439/63/24 2440/63/24
f 73/64/25 76/65/25 75/66/25 72/67/25
f 72/67/25 75/66/25 77/68/25 74/69/25
f 76/65/26 79/70/26 78/71/26 75/66/26
f 75/66/26 78/71/26 80/38/26 77/68/26
f 79/70/18 82/72/18 81/73/18 78/71/18
f 78/71/18 81/73/18 83/36/18 80/38/18
f 205/35/27 204/33/27 91/74/27 86/75/27 84/34/27 83/36/27 81/73/27 82/72/27
f 204/33/28 203/31/28 95/76/28 94/77/28 85/32/28 84/34/28 86/78/28 91/79/28
f 86/80/29 87/81/29 92/81/29
f 113/81/30 87/81/30 86/82/30 89/83/30
f 90/84/31 88/84/31 86/83/31
f 89/83/32 86/83/32 88/84/32 265/84/32
f 255/85/29 256/86/29 267/87/29 90/84/29 86/83/29 91/88/29 253/89/29 252/90/29 254/91/29
f 86/83/29 92/81/29 93/92/29 101/93/29 100/94/29 102/95/29 603/96/29 602/97/29 138/98/29 151/99/29 148/100/29 152/101/29 154/102/29 180/103/29 164/104/29 166/105/29 167/106/29 170/107/29 171/108/29 209/109/29 594/110/29 593/111/29 592/112/29 591/113/29 91/114/29
f 93/63/33 92/63/33 94/63/33
f 92/81/29 87/81/29 114/92/29 93/92/29
f 95/76/15 97/115/15 96/116/15 94/77/15
f 94/77/15 96/117/15 98/30/15 85/32/15
f 100/63/34 101/63/34 93/63/34 94/63/34 96/63/34
f 97/115/14 172/118/14 99/119/14 96/116/14
f 96/117/14 99/119/14 201/28/14 98/30/14
f 603/63/35 102/63/35 100/63/35 96/63/35 99/63/35
f 101/93/29 105/93/29 103/94/29 100/94/29
f 100/94/29 103/94/29 104/95/29 102/95/29
f 108/95/36 104/95/36 103/94/36 106/94/36
f 106/94/37 103/94/37 105/93/37 109/93/37
f 127/120/38 108/95/38 106/94/38 107/121/38
f 107/121/39 106/94/39 109/93/39 110/122/39
f 110/122/40 109/93/40 111/92/40 112/123/40
f 109/93/41 105/93/41 114/92/41 111/92/41
f 112/123/42 111/92/42 113/81/42 115/124/42
f 111/92/43 114/92/43 87/81/43 113/81/43
f 93/92/29 114/92/29 105/93/29 101/93/29
f 115/124/44 113/81/44 89/83/44
f 116/63/45 119/63/45 112/63/45 115/63/45
f 118/63/46 116/63/46 115/63/46 89/63/46
f 341/63/47 117/63/47 116/63/47 118/63/47
f 117/63/48 120/63/48 119/63/48 116/63/48
f 120/63/49 122/63/49 121/63/49 119/63/49
f 119/63/50 121/63/50 110/63/50 112/63/50
f 122/63/51 124/63/51 123/63/51 121/63/51
f 121/63/52 123/63/52 107/63/52 110/63/52
f 124/63/53 126/63/53 125/63/53 123/63/53
f 123/63/54 125/63/54 127/63/54 107/63/54
f 126/63/55 129/63/55 128/63/55 125/63/55
f 125/63/56 128/63/56 130/63/56 127/63/56
f 129/63/57 132/63/57 131/63/57 128/63/57
f 128/63/58 131/63/58 133/63/58 130/63/58
f 132/63/59 135/63/59 134/63/59 131/63/59
f 131/63/60 134/63/60 137/63/60 133/63/60
f 135/63/61 319/63/61 136/63/61 134/63/61
f 134/63/62 136/63/62 141/63/62 137/63/62
f 140/99/63 150/99/63 138/98/63 137/98/63
f 137/98/64 138/98/64 600/97/64 139/125/64
f 137/126/65 139/125/65 133/127/65
f 141/128/66 140/99/66 137/98/66
f 136/63/67 144/63/67 142/63/67 141/63/67
f 142/129/68 145/100/68 140/99/68 141/128/68
f 144/63/69 314/63/69 143/63/69 142/63/69
f 143/130/70 146/101/70 145/100/70 142/129/70
f 146/101/71 149/101/71 147/100/71 145/100/71
f 145/100/72 147/100/72 150/99/72 140/99/72
f 151/99/29 150/99/29 147/100/29 148/100/29
f 148/100/29 147/100/29 149/101/29 152/101/29
f 138/98/31 150/99/31 151/99/31
f 179/63/73 148/63/73 151/63/73 138/63/73 176/63/73
f 152/101/29 149/101/29 153/102/29 154/102/29
f 156/102/74 153/102/74 149/101/74 146/101/74
f 154/102/29 153/102/29 155/103/29 180/103/29
f 158/131/75 155/103/75 153/102/75 156/102/75
f 159/132/76 158/131/76 156/102/76 157/133/76
f 157/133/77 156/102/77 146/101/77 143/130/77
f 161/134/78 160/104/78 158/131/78 159/132/78
f 160/104/79 163/104/79 155/103/79 158/131/79
f 309/135/80 162/136/80 160/104/80 161/134/80
f 162/136/81 165/105/81 163/104/81 160/104/81
f 180/103/29 155/103/29 163/104/29 164/104/29
f 164/104/29 163/104/29 165/105/29 166/105/29
f 166/105/29 165/105/29 167/106/29
f 169/106/82 167/106/82 165/105/82 162/136/82
f 167/106/29 168/107/29 170/107/29
f 215/107/83 168/107/83 167/106/83 169/106/83
f 170/63/84 167/63/84 166/63/84 174/63/84 172/63/84
f 170/107/29 168/107/29 210/108/29 171/108/29
f 209/63/85 171/63/85 170/63/85 172/63/85 97/63/85
f 173/27/13 175/25/13 174/137/13 172/118/13
f 202/29/14 173/27/14 172/118/14 97/115/14
f 172/118/13 174/138/13 176/139/13 99/119/13
f 175/25/12 178/23/12 177/140/12 174/137/12
f 174/138/12 177/140/12 179/141/12 176/139/12
f 166/63/86 164/63/86 180/63/86 177/63/86 174/63/86
f 178/23/11 41/21/11 181/41/11 177/140/11
f 177/140/11 181/41/11 179/141/11
f 180/63/87 154/63/87 181/63/87 177/63/87
f 179/141/11 181/41/11 182/22/11 199/24/11
f 181/41/10 183/142/10 184/20/10 182/22/10
f 181/41/10 40/40/10 183/142/10
f 181/63/88 154/63/88 152/63/88 148/63/88 179/63/88
f 40/40/9 43/39/9 185/143/9 183/142/9
f 183/142/9 185/143/9 186/18/9 184/20/9
f 43/39/8 45/42/8 187/144/8 185/143/8
f 185/143/8 187/144/8 188/16/8 186/18/8
f 45/42/7 47/43/7 189/48/7 187/144/7
f 187/144/7 189/48/7 190/14/7 188/16/7
f 189/48/6 51/47/6 191/12/6 190/14/6
f 51/47/5 53/46/5 192/10/5 191/12/5
f 53/46/4 56/50/4 193/8/4 192/10/4
f 56/50/3 59/52/3 194/6/3 193/8/3
f 59/52/2 62/54/2 195/4/2 194/6/2
f 62/54/1 65/56/1 196/3/1 195/4/1
f 65/56/19 68/59/19 197/145/19 196/3/19
f 68/59/20 71/62/20 198/146/20 197/145/20
f 176/139/12 179/141/12 199/24/12 200/26/12
f 99/119/13 176/139/13 200/26/13 201/28/13
f 138/63/89 602/63/89 603/63/89 99/63/89 176/63/89
f 203/31/15 202/29/15 97/115/15 95/76/15
f 206/37/18 205/35/18 82/72/18 79/70/18
f 207/147/26 206/37/26 79/70/26 76/65/26
f 208/148/25 207/147/25 76/65/25 73/64/25
f 2435/63/90 2431/63/90 2434/63/90 2437/63/90
f 171/108/29 210/108/29 211/109/29 209/109/29
f 214/109/91 211/109/91 210/108/91 212/108/91
f 212/108/92 210/108/92 168/107/92 215/107/92
f 224/149/93 214/109/93 212/108/93 213/150/93
f 213/150/94 212/108/94 215/107/94 216/151/94
f 216/151/95 215/107/95 169/106/95
f 217/63/96 220/63/96 213/63/96 216/63/96
f 219/63/97 217/63/97 216/63/97 169/63/97
f 304/63/98 218/63/98 217/63/98 219/63/98
f 218/63/99 221/63/99 220/63/99 217/63/99
f 221/63/100 223/63/100 222/63/100 220/63/100
f 220/63/101 222/63/101 224/63/101 213/63/101
f 223/63/102 226/63/102 225/63/102 222/63/102
f 222/63/103 225/63/103 227/63/103 224/63/103
f 226/63/104 229/63/104 228/63/104 225/63/104
f 225/63/105 228/63/105 230/63/105 227/63/105
f 229/63/106 232/63/106 231/63/106 228/63/106
f 228/63/107 231/63/107 233/63/107 230/63/107
f 232/63/108 235/63/108 234/63/108 231/63/108
f 231/63/109 234/63/109 236/63/109 233/63/109
f 235/63/110 238/63/110 237/63/110 234/63/110
f 234/63/111 237/63/111 240/63/111 236/63/111
f 238/63/112 282/63/112 239/63/112 237/63/112
f 237/63/113 239/63/113 243/63/113 240/63/113
f 243/152/114 241/153/114 240/88/114
f 241/153/115 251/89/115 91/88/115 240/88/115
f 240/154/116 242/113/116 236/155/116
f 240/88/117 91/88/117 589/113/117 242/113/117
f 239/63/118 246/63/118 244/63/118 243/63/118
f 244/156/119 247/90/119 241/153/119 243/152/119
f 246/63/120 277/63/120 245/63/120 244/63/120
f 245/157/121 248/158/121 247/90/121 244/156/121
f 248/158/122 250/91/122 249/90/122 247/90/122
f 247/90/123 249/90/123 251/89/123 241/153/123
f 252/90/29 249/90/29 250/91/29 254/91/29
f 253/89/29 251/89/29 249/90/29 252/90/29
f 254/91/29 250/91/29 257/85/29 255/85/29
f 255/85/29 257/85/29 258/86/29 256/86/29
f 259/85/124 257/85/124 250/91/124 248/158/124
f 261/86/125 258/86/125 257/85/125 259/85/125
f 260/159/126 259/85/126 248/158/126 245/157/126
f 262/160/127 261/86/127 259/85/127 260/159/127
f 264/161/128 263/87/128 261/86/128 262/160/128
f 263/87/129 266/87/129 258/86/129 261/86/129
f 268/162/130 265/84/130 263/87/130 264/161/130
f 265/84/131 88/84/131 266/87/131 263/87/131
f 256/86/29 258/86/29 266/87/29 267/87/29
f 267/87/29 266/87/29 88/84/29 90/84/29
f 89/163/132 265/84/132 268/162/132
f 271/63/133 269/63/133 268/63/133 264/63/133
f 269/63/134 118/63/134 89/63/134 268/63/134
f 272/63/135 270/63/135 269/63/135 271/63/135
f 270/63/136 341/63/136 118/63/136 269/63/136
f 274/63/137 272/63/137 271/63/137 273/63/137
f 273/63/138 271/63/138 264/63/138 262/63/138
f 276/63/139 274/63/139 273/63/139 275/63/139
f 275/63/140 273/63/140 262/63/140 260/63/140
f 278/63/141 276/63/141 275/63/141 277/63/141
f 277/63/142 275/63/142 260/63/142 245/63/142
f 280/63/143 278/63/143 277/63/143 246/63/143
f 281/63/144 279/63/144 278/63/144 280/63/144
f 279/63/145 347/63/145 276/63/145 278/63/145
f 283/63/146 281/63/146 280/63/146 282/63/146
f 282/63/147 280/63/147 246/63/147 239/63/147
f 285/63/148 283/63/148 282/63/148 238/63/148
f 286/63/149 284/63/149 283/63/149 285/63/149
f 284/63/150 352/63/150 281/63/150 283/63/150
f 288/63/151 286/63/151 285/63/151 287/63/151
f 287/63/152 285/63/152 238/63/152 235/63/152
f 290/63/153 288/63/153 287/63/153 289/63/153
f 289/63/154 287/63/154 235/63/154 232/63/154
f 292/63/155 290/63/155 289/63/155 291/63/155
f 291/63/156 289/63/156 232/63/156 229/63/156
f 294/63/157 292/63/157 291/63/157 293/63/157
f 293/63/158 291/63/158 229/63/158 226/63/158
f 296/63/159 294/63/159 293/63/159 295/63/159
f 295/63/160 293/63/160 226/63/160 223/63/160
f 298/63/161 296/63/161 295/63/161 297/63/161
f 297/63/162 295/63/162 223/63/162 221/63/162
f 300/63/163 298/63/163 297/63/163 299/63/163
f 299/63/164 297/63/164 221/63/164 218/63/164
f 302/63/165 300/63/165 299/63/165 301/63/165
f 301/63/166 299/63/166 218/63/166 304/63/166
f 437/63/167 302/63/167 301/63/167 303/63/167
f 303/63/168 301/63/168 304/63/168 305/63/168
f 305/63/169 304/63/169 219/63/169 307/63/169
f 584/63/170 303/63/170 305/63/170 306/63/170
f 306/63/171 305/63/171 307/63/171 308/63/171
f 308/63/172 307/63/172 309/63/172 161/63/172
f 307/63/173 219/63/173 169/63/173 309/63/173
f 169/164/174 162/136/174 309/135/174
f 311/63/175 306/63/175 308/63/175 310/63/175
f 310/63/176 308/63/176 161/63/176 159/63/176
f 313/63/177 311/63/177 310/63/177 312/63/177
f 312/63/178 310/63/178 159/63/178 157/63/178
f 315/63/179 313/63/179 312/63/179 314/63/179
f 314/63/180 312/63/180 157/63/180 143/63/180
f 317/63/181 315/63/181 314/63/181 144/63/181
f 318/63/182 316/63/182 315/63/182 317/63/182
f 316/63/183 586/63/183 313/63/183 315/63/183
f 320/63/184 318/63/184 317/63/184 319/63/184
f 319/63/185 317/63/185 144/63/185 136/63/185
f 322/63/186 320/63/186 319/63/186 135/63/186
f 323/63/187 321/63/187 320/63/187 322/63/187
f 321/63/188 417/63/188 318/63/188 320/63/188
f 325/63/189 323/63/189 322/63/189 324/63/189
f 324/63/190 322/63/190 135/63/190 132/63/190
f 327/63/191 325/63/191 324/63/191 326/63/191
f 326/63/192 324/63/192 132/63/192 129/63/192
f 329/63/193 327/63/193 326/63/193 328/63/193
f 328/63/194 326/63/194 129/63/194 126/63/194
f 331/63/195 329/63/195 328/63/195 330/63/195
f 330/63/196 328/63/196 126/63/196 124/63/196
f 333/63/197 331/63/197 330/63/197 332/63/197
f 332/63/198 330/63/198 124/63/198 122/63/198
f 335/63/199 333/63/199 332/63/199 334/63/199
f 334/63/200 332/63/200 122/63/200 120/63/200
f 337/63/201 335/63/201 334/63/201 336/63/201
f 336/63/202 334/63/202 120/63/202 117/63/202
f 339/63/203 337/63/203 336/63/203 338/63/203
f 338/63/204 336/63/204 117/63/204 341/63/204
f 342/63/205 339/63/205 338/63/205 340/63/205
f 340/63/206 338/63/206 341/63/206 270/63/206
f 344/63/207 342/63/207 340/63/207 343/63/207
f 343/63/208 340/63/208 270/63/208 272/63/208
f 346/63/209 344/63/209 343/63/209 345/63/209
f 345/63/210 343/63/210 272/63/210 274/63/210
f 348/63/211 346/63/211 345/63/211 347/63/211
f 347/63/212 345/63/212 274/63/212 276/63/212
f 350/63/213 348/63/213 347/63/213 279/63/213
f 351/63/214 349/63/214 348/63/214 350/63/214
f 349/63/215 369/63/215 346/63/215 348/63/215
f 353/63/216 351/63/216 350/63/216 352/63/216
f 352/63/217 350/63/217 279/63/217 281/63/217
f 354/63/218 353/63/218 352/63/218 284/63/218
f 356/63/219 355/63/219 353/63/219 354/63/219
f 355/63/220 357/63/220 351/63/220 353/63/220
f 355/63/221 356/63/221 360/63/221 358/63/221
f 357/63/221 355/63/221 358/63/221 361/63/221
f 476/83/222 359/165/222 358/166/222 360/167/222
f 359/165/223 362/87/223 361/168/223 358/166/223
f 362/87/224 364/169/224 363/170/224 361/168/224
f 366/63/221 357/63/221 361/63/221 363/63/221
f 364/169/225 488/85/225 365/171/225 363/170/225
f 367/63/221 366/63/221 363/63/221 365/63/221
f 357/63/226 366/63/226 349/63/226 351/63/226
f 366/63/227 367/63/227 369/63/227 349/63/227
f 367/63/228 368/63/228 370/63/228 369/63/228
f 368/63/221 367/63/221 365/63/221 377/63/221
f 369/63/229 370/63/229 344/63/229 346/63/229
f 370/63/230 371/63/230 342/63/230 344/63/230
f 368/63/231 373/63/231 371/63/231 370/63/231
f 371/63/232 372/63/232 339/63/232 342/63/232
f 373/63/233 374/63/233 372/63/233 371/63/233
f 373/63/221 368/63/221 377/63/221 375/63/221
f 374/63/221 373/63/221 375/63/221 378/63/221
f 489/172/234 376/173/234 375/174/234 377/175/234
f 376/173/235 379/89/235 378/176/235 375/174/235
f 379/89/236 381/88/236 380/177/236 378/176/236
f 383/63/221 374/63/221 378/63/221 380/63/221
f 381/88/237 499/178/237 382/179/237 380/177/237
f 384/63/221 383/63/221 380/63/221 382/63/221
f 374/63/238 383/63/238 385/63/238 372/63/238
f 383/63/239 384/63/239 386/63/239 385/63/239
f 372/63/240 385/63/240 337/63/240 339/63/240
f 385/63/241 386/63/241 335/63/241 337/63/241
f 386/63/242 387/63/242 333/63/242 335/63/242
f 384/63/243 389/63/243 387/63/243 386/63/243
f 387/63/244 388/63/244 331/63/244 333/63/244
f 389/63/245 390/63/245 388/63/245 387/63/245
f 389/63/221 384/63/221 382/63/221 391/63/221
f 390/63/221 389/63/221 391/63/221 393/63/221
f 499/178/246 392/180/246 391/181/246 382/179/246
f 392/180/247 394/111/247 393/182/247 391/181/247
f 394/111/248 396/110/248 395/183/248 393/182/248
f 398/63/221 390/63/221 393/63/221 395/63/221
f 396/110/249 508/109/249 397/184/249 395/183/249
f 399/63/221 398/63/221 395/63/221 397/63/221
f 390/63/250 398/63/250 400/63/250 388/63/250
f 398/63/251 399/63/251 401/63/251 400/63/251
f 388/63/252 400/63/252 329/63/252 331/63/252
f 400/63/253 401/63/253 327/63/253 329/63/253
f 401/63/254 402/63/254 325/63/254 327/63/254
f 399/63/255 404/63/255 402/63/255 401/63/255
f 402/63/256 403/63/256 323/63/256 325/63/256
f 404/63/257 405/63/257 403/63/257 402/63/257
f 404/63/221 399/63/221 397/63/221 406/63/221
f 405/63/221 404/63/221 406/63/221 408/63/221
f 508/109/258 407/108/258 406/185/258 397/184/258
f 407/108/259 409/186/259 408/187/259 406/185/259
f 409/186/260 411/106/260 410/188/260 408/187/260
f 413/63/221 405/63/221 408/63/221 410/63/221
f 411/106/261 517/105/261 412/189/261 410/188/261
f 414/63/221 413/63/221 410/63/221 412/63/221
f 405/63/262 413/63/262 415/63/262 403/63/262
f 413/63/263 414/63/263 416/63/263 415/63/263
f 403/63/264 415/63/264 321/63/264 323/63/264
f 415/63/265 416/63/265 417/63/265 321/63/265
f 416/63/266 418/63/266 419/63/266 417/63/266
f 414/63/267 421/63/267 418/63/267 416/63/267
f 418/63/268 420/63/268 587/63/268 419/63/268
f 421/63/269 422/63/269 420/63/269 418/63/269
f 421/63/221 414/63/221 412/63/221 423/63/221
f 422/63/221 421/63/221 423/63/221 425/63/221
f 517/105/270 424/104/270 423/190/270 412/189/270
f 424/104/271 426/191/271 425/192/271 423/190/271
f 426/191/272 428/102/272 427/193/272 425/192/272
f 430/63/221 422/63/221 425/63/221 427/63/221
f 428/102/273 526/194/273 429/195/273 427/193/273
f 431/63/221 430/63/221 427/63/221 429/63/221
f 422/63/274 430/63/274 432/63/274 420/63/274
f 430/63/275 431/63/275 434/63/275 432/63/275
f 420/63/276 432/63/276 433/63/276 587/63/276
f 432/63/277 434/63/277 435/63/277 433/63/277
f 434/63/278 436/63/278 437/63/278 435/63/278
f 431/63/279 439/63/279 436/63/279 434/63/279
f 436/63/280 438/63/280 302/63/280 437/63/280
f 439/63/281 440/63/281 438/63/281 436/63/281
f 439/63/221 431/63/221 429/63/221 441/63/221
f 440/63/221 439/63/221 441/63/221 443/63/221
f 526/194/282 442/100/282 441/196/282 429/195/282
f 442/100/283 444/197/283 443/198/283 441/196/283
f 444/197/284 446/98/284 445/199/284 443/198/284
f 448/63/221 440/63/221 443/63/221 445/63/221
f 446/98/285 535/200/285 447/201/285 445/199/285
f 449/63/221 448/63/221 445/63/221 447/63/221
f 440/63/286 448/63/286 450/63/286 438/63/286
f 448/63/287 449/63/287 451/63/287 450/63/287
f 438/63/288 450/63/288 300/63/288 302/63/288
f 450/63/289 451/63/289 298/63/289 300/63/289
f 451/63/290 452/63/290 296/63/290 298/63/290
f 449/63/291 454/63/291 452/63/291 451/63/291
f 452/63/292 453/63/292 294/63/292 296/63/292
f 454/63/293 455/63/293 453/63/293 452/63/293
f 454/63/221 449/63/221 447/63/221 456/63/221
f 455/63/221 454/63/221 456/63/221 458/63/221
f 535/200/294 457/202/294 456/203/294 447/201/294
f 457/202/295 459/95/295 458/204/295 456/203/295
f 459/95/296 461/94/296 460/205/296 458/204/296
f 463/63/221 455/63/221 458/63/221 460/63/221
f 461/94/297 544/93/297 462/206/297 460/205/297
f 464/63/221 463/63/221 460/63/221 462/63/221
f 455/63/298 463/63/298 465/63/298 453/63/298
f 463/63/299 464/63/299 466/63/299 465/63/299
f 453/63/300 465/63/300 292/63/300 294/63/300
f 465/63/301 466/63/301 290/63/301 292/63/301
f 466/63/302 467/63/302 288/63/302 290/63/302
f 464/63/303 469/63/303 467/63/303 466/63/303
f 467/63/304 468/63/304 286/63/304 288/63/304
f 469/63/305 470/63/305 468/63/305 467/63/305
f 469/63/221 464/63/221 462/63/221 471/63/221
f 470/63/221 469/63/221 471/63/221 473/63/221
f 544/93/306 472/92/306 471/207/306 462/206/306
f 472/92/307 474/208/307 473/209/307 471/207/307
f 474/208/308 476/83/308 360/167/308 473/209/308
f 356/63/221 470/63/221 473/63/221 360/63/221
f 545/210/309 475/211/309 474/212/309 472/213/309
f 475/211/310 477/214/310 476/83/310 474/212/310
f 477/214/311 479/215/311 359/165/311 476/83/311
f 547/81/312 478/83/312 477/214/312 475/211/312
f 478/83/313 480/216/313 479/215/313 477/214/313
f 480/216/314 482/217/314 481/218/314 479/215/314
f 479/215/315 481/218/315 362/87/315 359/165/315
f 482/217/316 484/86/316 483/219/316 481/218/316
f 481/218/317 483/219/317 364/169/317 362/87/317
f 484/86/318 486/85/318 485/220/318 483/219/318
f 483/219/319 485/220/319 488/85/319 364/169/319
f 486/85/320 490/91/320 487/221/320 485/220/320
f 485/220/321 487/221/321 489/172/321 488/85/321
f 488/85/322 489/172/322 377/175/322 365/171/322
f 487/221/323 491/222/323 376/173/323 489/172/323
f 490/91/324 492/173/324 491/222/324 487/221/324
f 492/173/325 494/153/325 493/223/325 491/222/325
f 491/222/326 493/223/326 379/89/326 376/173/326
f 494/153/327 496/88/327 495/224/327 493/223/327
f 493/223/328 495/224/328 381/88/328 379/89/328
f 496/88/329 498/113/329 497/225/329 495/224/329
f 495/224/330 497/225/330 499/226/330 381/88/330
f 498/113/331 501/112/331 500/227/331 497/225/331
f 497/225/332 500/227/332 392/228/332 499/226/332
f 501/112/333 503/229/333 502/230/333 500/227/333
f 500/227/334 502/230/334 394/111/334 392/228/334
f 503/229/335 505/110/335 504/231/335 502/230/335
f 502/230/336 504/231/336 396/110/336 394/111/336
f 505/110/337 507/109/337 506/232/337 504/231/337
f 504/231/338 506/232/338 508/233/338 396/110/338
f 507/109/339 510/108/339 509/234/339 506/232/339
f 506/232/340 509/234/340 407/108/340 508/233/340
f 510/108/341 512/235/341 511/236/341 509/234/341
f 509/234/342 511/236/342 409/107/342 407/108/342
f 512/235/343 514/106/343 513/237/343 511/236/343
f 511/236/344 513/237/344 411/106/344 409/107/344
f 514/106/345 516/136/345 515/238/345 513/237/345
f 513/237/346 515/238/346 517/105/346 411/106/346
f 516/136/347 519/239/347 518/240/347 515/238/347
f 515/238/348 518/240/348 424/104/348 517/105/348
f 519/239/349 521/103/349 520/241/349 518/240/349
f 518/240/350 520/241/350 426/191/350 424/104/350
f 521/103/351 523/102/351 522/242/351 520/241/351
f 520/241/352 522/242/352 428/102/352 426/191/352
f 523/102/353 525/101/353 524/243/353 522/242/353
f 522/242/354 524/243/354 526/194/354 428/102/354
f 525/101/355 528/100/355 527/244/355 524/243/355
f 524/243/356 527/244/356 442/100/356 526/194/356
f 528/100/357 530/99/357 529/245/357 527/244/357
f 527/244/358 529/245/358 444/197/358 442/100/358
f 530/99/359 532/98/359 531/246/359 529/245/359
f 529/245/360 531/246/360 446/98/360 444/197/360
f 532/98/361 534/97/361 533/247/361 531/246/361
f 531/246/362 533/247/362 535/248/362 446/98/362
f 534/97/363 537/96/363 536/249/363 533/247/363
f 533/247/364 536/249/364 457/250/364 535/248/364
f 537/96/365 539/95/365 538/251/365 536/249/365
f 536/249/366 538/251/366 459/95/366 457/250/366
f 539/95/367 541/94/367 540/252/367 538/251/367
f 538/251/368 540/252/368 461/94/368 459/95/368
f 541/94/369 543/93/369 542/253/369 540/252/369
f 540/252/370 542/253/370 544/93/370 461/94/370
f 543/93/371 546/92/371 545/210/371 542/253/371
f 542/253/372 545/210/372 472/213/372 544/93/372
f 546/92/373 547/81/373 475/211/373 545/210/373
f 550/93/374 548/92/374 546/92/374 543/93/374
f 548/92/375 549/81/375 547/81/375 546/92/375
f 578/85/376 579/86/376 581/87/376 582/84/376 583/83/376 549/81/376 548/92/376 550/93/376 551/94/376 552/95/376 554/96/376 555/97/376 556/98/376 557/99/376 558/100/376 559/101/376 560/102/376 561/103/376 563/104/376 564/105/376 565/106/376 566/107/376 567/108/376 568/109/376 569/110/376 570/111/376 572/112/376 573/113/376 574/88/376 575/89/376 576/90/376 577/91/376
f 551/94/377 550/93/377 543/93/377 553/94/377
f 552/95/378 551/94/378 553/94/378 539/95/378
f 539/95/376 553/94/376 541/94/376
f 553/94/376 543/93/376 541/94/376
f 554/96/379 552/95/379 539/95/379 537/96/379
f 555/97/380 554/96/380 537/96/380 534/97/380
f 556/98/381 555/97/381 534/97/381 532/98/381
f 557/99/382 556/98/382 532/98/382 530/99/382
f 558/100/383 557/99/383 530/99/383 528/100/383
f 559/101/384 558/100/384 528/100/384 525/101/384
f 560/102/385 559/101/385 525/101/385 562/102/385
f 561/103/386 560/102/386 562/102/386 521/103/386
f 521/103/376 562/102/376 523/102/376
f 562/102/376 525/101/376 523/102/376
f 563/104/387 561/103/387 521/103/387 519/104/387
f 564/105/388 563/104/388 519/104/388 516/105/388
f 565/106/389 564/105/389 516/105/389 514/106/389
f 566/107/390 565/106/390 514/106/390 512/107/390
f 567/108/391 566/107/391 512/107/391 510/108/391
f 568/109/392 567/108/392 510/108/392 507/109/392
f 569/110/393 568/109/393 507/109/393 571/110/393
f 570/111/394 569/110/394 571/110/394 503/111/394
f 503/111/376 571/110/376 505/110/376
f 571/110/376 507/109/376 505/110/376
f 572/112/395 570/111/395 503/111/395 501/112/395
f 573/113/396 572/112/396 501/112/396 498/113/396
f 574/88/397 573/113/397 498/113/397 496/88/397
f 575/89/398 574/88/398 496/88/398 494/89/398
f 576/90/399 575/89/399 494/89/399 492/90/399
f 577/91/400 576/90/400 492/90/400 490/91/400
f 578/85/401 577/91/401 490/91/401 580/85/401
f 579/86/402 578/85/402 580/85/402 484/86/402
f 484/86/376 580/85/376 486/85/376
f 580/85/376 490/91/376 486/85/376
f 581/87/403 579/86/403 484/86/403 482/87/403
f 582/84/404 581/87/404 482/87/404 480/84/404
f 583/83/405 582/84/405 480/84/405 478/83/405
f 549/81/406 583/83/406 478/83/406 547/81/406
f 470/63/407 356/63/407 354/63/407 468/63/407
f 468/63/408 354/63/408 284/63/408 286/63/408
f 435/63/409 437/63/409 303/63/409 584/63/409
f 433/63/410 435/63/410 584/63/410 585/63/410
f 585/63/411 584/63/411 306/63/411 311/63/411
f 587/63/412 433/63/412 585/63/412 586/63/412
f 586/63/413 585/63/413 311/63/413 313/63/413
f 419/63/414 587/63/414 586/63/414 316/63/414
f 417/63/415 419/63/415 316/63/415 318/63/415
f 91/88/29 251/89/29 253/89/29
f 236/155/416 242/113/416 588/112/416 233/254/416
f 242/113/417 589/113/417 590/112/417 588/112/417
f 591/113/29 589/113/29 91/255/29
f 592/112/29 590/112/29 589/113/29 591/113/29
f 591/63/418 592/112/418 593/111/418 95/63/418
f 593/111/29 595/111/29 590/112/29 592/112/29
f 594/110/29 596/110/29 595/111/29 593/111/29
f 593/63/419 594/63/419 209/63/419 97/63/419 95/63/419
f 588/112/420 590/112/420 595/111/420 597/111/420
f 597/111/421 595/111/421 596/110/421 598/110/421
f 233/254/422 588/112/422 597/111/422 230/256/422
f 230/256/423 597/111/423 598/110/423 227/257/423
f 227/257/424 598/110/424 214/109/424 224/149/424
f 598/110/425 596/110/425 211/109/425 214/109/425
f 209/109/29 211/109/29 596/110/29 594/110/29
f 133/127/426 139/125/426 599/96/426 130/258/426
f 139/125/427 600/97/427 601/96/427 599/96/427
f 602/97/29 600/97/29 138/98/29
f 603/96/29 601/96/29 600/97/29 602/97/29
f 102/95/29 104/95/29 601/96/29 603/96/29
f 599/96/428 601/96/428 104/95/428 108/95/428
f 130/258/429 599/96/429 108/95/429 127/120/429
f 605/37/37 607/35/37 608/36/37 606/38/37
f 607/35/36 609/33/36 610/34/36 608/36/36
f 609/33/428 611/31/428 612/32/428 610/34/428
f 611/31/427 613/29/427 614/30/427 612/32/427
f 613/29/430 615/27/430 616/28/430 614/30/430
f 615/27/431 617/25/431 618/26/431 616/28/431
f 617/25/72 619/23/72 620/24/72 618/26/72
f 619/23/71 621/21/71 622/22/71 620/24/71
f 621/21/74 623/19/74 624/20/74 622/22/74
f 623/19/75 625/17/75 626/18/75 624/20/75
f 625/17/79 627/15/79 628/16/79 626/18/79
f 627/15/81 629/13/81 630/14/81 628/16/81
f 629/13/432 631/11/432 632/12/432 630/14/432
f 631/11/433 633/9/433 634/10/433 632/12/433
f 633/9/92 635/7/92 636/8/92 634/10/92
f 635/7/91 637/5/91 638/6/91 636/8/91
f 637/5/425 639/1/425 640/4/425 638/6/425
f 642/35/434 644/33/434 647/79/434 652/78/434 1131/34/434 1177/36/434 1178/73/434 643/72/434
f 644/33/435 645/31/435 764/76/435 1110/77/435 1111/32/435 1131/34/435 652/75/435 647/74/435
f 651/113/376 646/113/376 647/259/376
f 649/88/436 647/255/436 646/113/436 796/113/436
f 647/88/376 648/89/376 650/89/376
f 677/153/437 648/89/437 647/88/437 649/88/437
f 670/85/376 658/86/376 657/87/376 656/84/376 652/83/376 647/88/376 650/89/376 674/90/376 673/91/376
f 652/80/376 655/81/376 1112/92/376 1113/93/376 1124/94/376 1125/95/376 1126/96/376 1127/97/376 723/98/376 736/99/376 733/100/376 737/101/376 739/102/376 1176/103/376 749/104/376 751/105/376 752/106/376 755/107/376 756/108/376 765/109/376 766/110/376 802/111/376 800/112/376 651/113/376 647/88/376
f 1119/81/438 1116/81/438 652/83/438 654/83/438
f 656/84/376 653/84/376 652/83/376
f 654/83/439 652/83/439 653/84/439 663/84/439
f 657/87/376 659/87/376 653/84/376 656/84/376
f 658/86/376 660/86/376 659/87/376 657/87/376
f 663/84/440 653/84/440 659/87/440 661/87/440
f 661/87/441 659/87/441 660/86/441 664/86/441
f 695/162/442 663/84/442 661/87/442 662/161/442
f 662/161/443 661/87/443 664/86/443 665/160/443
f 665/160/444 664/86/444 666/85/444 667/159/444
f 664/86/445 660/86/445 669/85/445 666/85/445
f 667/159/446 666/85/446 668/158/446 686/157/446
f 666/85/447 669/85/447 671/91/447 668/158/447
f 670/85/376 669/85/376 660/86/376 658/86/376
f 673/91/376 671/91/376 669/85/376 670/85/376
f 674/90/376 672/90/376 671/91/376 673/91/376
f 668/158/448 671/91/448 672/90/448 675/90/448
f 650/89/376 648/89/376 672/90/376 674/90/376
f 675/90/449 672/90/449 648/89/449 677/153/449
f 686/157/450 668/158/450 675/90/450 676/156/450
f 676/156/451 675/90/451 677/153/451 678/152/451
f 678/152/452 677/153/452 649/88/452
f 679/63/453 682/63/453 676/63/453 678/63/453
f 681/63/454 679/63/454 678/63/454 649/63/454
f 804/63/455 680/63/455 679/63/455 681/63/455
f 680/63/456 683/63/456 682/63/456 679/63/456
f 683/63/457 685/63/457 684/63/457 682/63/457
f 682/63/458 684/63/458 686/63/458 676/63/458
f 685/63/459 688/63/459 687/63/459 684/63/459
f 684/63/460 687/63/460 667/63/460 686/63/460
f 688/63/461 690/63/461 689/63/461 687/63/461
f 687/63/462 689/63/462 665/63/462 667/63/462
f 690/63/463 692/63/463 691/63/463 689/63/463
f 689/63/464 691/63/464 662/63/464 665/63/464
f 692/63/465 694/63/465 693/63/465 691/63/465
f 691/63/466 693/63/466 695/63/466 662/63/466
f 694/63/467 697/63/467 696/63/467 693/63/467
f 693/63/468 696/63/468 654/63/468 695/63/468
f 697/63/469 699/63/469 698/63/469 696/63/469
f 696/63/470 698/63/470 700/63/470 654/63/470
f 699/63/471 702/63/471 701/63/471 698/63/471
f 698/63/472 701/63/472 703/63/472 700/63/472
f 702/63/473 705/63/473 704/63/473 701/63/473
f 701/63/474 704/63/474 706/63/474 703/63/474
f 705/63/475 708/63/475 707/63/475 704/63/475
f 704/63/476 707/63/476 709/63/476 706/63/476
f 708/63/477 711/63/477 710/63/477 707/63/477
f 707/63/478 710/63/478 712/63/478 709/63/478
f 711/63/479 714/63/479 713/63/479 710/63/479
f 710/63/480 713/63/480 715/63/480 712/63/480
f 714/63/481 717/63/481 716/63/481 713/63/481
f 713/63/482 716/63/482 718/63/482 715/63/482
f 717/63/483 720/63/483 719/63/483 716/63/483
f 716/63/484 719/63/484 722/63/484 718/63/484
f 720/63/485 841/63/485 721/63/485 719/63/485
f 719/63/486 721/63/486 726/63/486 722/63/486
f 725/99/487 735/99/487 723/98/487 722/98/487
f 722/98/488 723/98/488 1129/97/488 724/125/488
f 722/126/489 724/125/489 718/127/489
f 726/128/490 725/99/490 722/98/490
f 721/63/491 729/63/491 727/63/491 726/63/491
f 727/129/492 730/100/492 725/99/492 726/128/492
f 729/63/493 1109/63/493 728/63/493 727/63/493
f 728/130/494 731/101/494 730/100/494 727/129/494
f 731/101/8 734/101/8 732/100/8 730/100/8
f 730/100/7 732/100/7 735/99/7 725/99/7
f 736/99/376 735/99/376 732/100/376 733/100/376
f 733/100/376 732/100/376 734/101/376 737/101/376
f 723/98/376 735/99/376 736/99/376
f 1137/63/495 1136/63/495 723/63/495 736/63/495 733/63/495
f 737/101/376 734/101/376 738/102/376 739/102/376
f 741/102/9 738/102/9 734/101/9 731/101/9
f 739/102/376 738/102/376 740/103/376 1176/103/376
f 743/131/10 740/103/10 738/102/10 741/102/10
f 744/132/496 743/131/496 741/102/496 742/133/496
f 742/133/497 741/102/497 731/101/497 728/130/497
f 746/134/498 745/104/498 743/131/498 744/132/498
f 745/104/11 748/104/11 740/103/11 743/131/11
f 1106/135/499 747/136/499 745/104/499 746/134/499
f 747/136/12 750/105/12 748/104/12 745/104/12
f 1176/103/376 740/103/376 748/104/376 749/104/376
f 749/104/376 748/104/376 750/105/376 751/105/376
f 751/105/376 750/105/376 752/106/376
f 754/106/500 752/106/500 750/105/500 747/136/500
f 752/106/376 753/107/376 755/107/376
f 775/107/501 753/107/501 752/106/501 754/106/501
f 755/63/502 757/63/502 760/63/502 751/63/502 752/63/502
f 755/107/376 753/107/376 769/108/376 756/108/376
f 765/63/503 761/63/503 757/63/503 755/63/503 756/63/503
f 758/27/431 1175/25/431 760/137/431 757/118/431
f 762/29/430 758/27/430 757/118/430 761/115/430
f 757/118/431 760/138/431 1136/139/431 759/119/431
f 761/115/430 757/118/430 759/119/430 763/116/430
f 645/31/427 762/29/427 761/115/427 764/76/427
f 764/76/427 761/115/427 763/116/427 1110/77/427
f 802/63/504 764/63/504 761/63/504 765/63/504 766/63/504
f 765/109/376 767/109/376 768/110/376 766/110/376
f 756/108/376 769/108/376 767/109/376 765/109/376
f 772/110/17 768/110/17 767/109/17 770/109/17
f 770/109/16 767/109/16 769/108/16 773/108/16
f 786/257/505 772/110/505 770/109/505 771/149/505
f 771/149/506 770/109/506 773/108/506 774/150/506
f 774/150/507 773/108/507 775/107/507 776/151/507
f 773/108/15 769/108/15 753/107/15 775/107/15
f 776/151/508 775/107/508 754/106/508
f 777/63/509 780/63/509 774/63/509 776/63/509
f 779/63/510 777/63/510 776/63/510 754/63/510
f 862/63/511 778/63/511 777/63/511 779/63/511
f 778/63/512 781/63/512 780/63/512 777/63/512
f 781/63/513 783/63/513 782/63/513 780/63/513
f 780/63/514 782/63/514 771/63/514 774/63/514
f 783/63/515 785/63/515 784/63/515 782/63/515
f 782/63/516 784/63/516 786/63/516 771/63/516
f 785/63/517 788/63/517 787/63/517 784/63/517
f 784/63/518 787/63/518 789/63/518 786/63/518
f 788/63/519 791/63/519 790/63/519 787/63/519
f 787/63/520 790/63/520 792/63/520 789/63/520
f 791/63/521 794/63/521 793/63/521 790/63/521
f 790/63/522 793/63/522 795/63/522 792/63/522
f 794/63/523 804/63/523 681/63/523 793/63/523
f 793/63/524 681/63/524 649/63/524 795/63/524
f 795/155/525 796/113/525 797/112/525 792/254/525
f 649/154/526 796/113/526 795/155/526
f 796/113/25 646/113/25 799/112/25 797/112/25
f 792/254/527 797/112/527 798/111/527 789/256/527
f 797/112/26 799/112/26 801/111/26 798/111/26
f 802/111/376 801/111/376 799/112/376 800/112/376
f 800/112/376 799/112/376 646/113/376 651/113/376
f 766/110/376 768/110/376 801/111/376 802/111/376
f 798/111/18 801/111/18 768/110/18 772/110/18
f 651/63/528 764/63/528 802/111/528 800/112/528
f 789/256/529 798/111/529 772/110/529 786/257/529
f 873/63/530 803/63/530 794/63/530 791/63/530
f 803/63/531 805/63/531 804/63/531 794/63/531
f 805/63/532 807/63/532 680/63/532 804/63/532
f 876/63/533 806/63/533 805/63/533 803/63/533
f 806/63/534 808/63/534 807/63/534 805/63/534
f 808/63/535 810/63/535 809/63/535 807/63/535
f 807/63/536 809/63/536 683/63/536 680/63/536
f 810/63/537 812/63/537 811/63/537 809/63/537
f 809/63/538 811/63/538 685/63/538 683/63/538
f 812/63/539 814/63/539 813/63/539 811/63/539
f 811/63/540 813/63/540 688/63/540 685/63/540
f 814/63/541 816/63/541 815/63/541 813/63/541
f 813/63/542 815/63/542 690/63/542 688/63/542
f 816/63/543 818/63/543 817/63/543 815/63/543
f 815/63/544 817/63/544 692/63/544 690/63/544
f 818/63/545 820/63/545 819/63/545 817/63/545
f 817/63/546 819/63/546 694/63/546 692/63/546
f 820/63/547 822/63/547 821/63/547 819/63/547
f 819/63/548 821/63/548 697/63/548 694/63/548
f 822/63/549 824/63/549 823/63/549 821/63/549
f 821/63/550 823/63/550 699/63/550 697/63/550
f 824/63/551 826/63/551 825/63/551 823/63/551
f 823/63/552 825/63/552 702/63/552 699/63/552
f 826/63/553 828/63/553 827/63/553 825/63/553
f 825/63/554 827/63/554 705/63/554 702/63/554
f 828/63/555 830/63/555 829/63/555 827/63/555
f 827/63/556 829/63/556 708/63/556 705/63/556
f 830/63/557 832/63/557 831/63/557 829/63/557
f 829/63/558 831/63/558 711/63/558 708/63/558
f 832/63/559 834/63/559 833/63/559 831/63/559
f 831/63/560 833/63/560 714/63/560 711/63/560
f 834/63/561 836/63/561 835/63/561 833/63/561
f 833/63/562 835/63/562 717/63/562 714/63/562
f 836/63/563 838/63/563 837/63/563 835/63/563
f 835/63/564 837/63/564 720/63/564 717/63/564
f 838/63/565 840/63/565 839/63/565 837/63/565
f 837/63/566 839/63/566 841/63/566 720/63/566
f 840/63/567 843/63/567 842/63/567 839/63/567
f 839/63/568 842/63/568 844/63/568 841/63/568
f 843/63/569 846/63/569 845/63/569 842/63/569
f 842/63/570 845/63/570 847/63/570 844/63/570
f 846/63/571 849/63/571 848/63/571 845/63/571
f 845/63/572 848/63/572 850/63/572 847/63/572
f 849/63/573 852/63/573 851/63/573 848/63/573
f 848/63/574 851/63/574 853/63/574 850/63/574
f 852/63/575 855/63/575 854/63/575 851/63/575
f 851/63/576 854/63/576 856/63/576 853/63/576
f 855/63/577 858/63/577 857/63/577 854/63/577
f 854/63/578 857/63/578 859/63/578 856/63/578
f 858/63/579 861/63/579 860/63/579 857/63/579
f 857/63/580 860/63/580 862/63/580 859/63/580
f 861/63/581 864/63/581 863/63/581 860/63/581
f 860/63/582 863/63/582 778/63/582 862/63/582
f 864/63/583 866/63/583 865/63/583 863/63/583
f 863/63/584 865/63/584 781/63/584 778/63/584
f 866/63/585 868/63/585 867/63/585 865/63/585
f 865/63/586 867/63/586 783/63/586 781/63/586
f 868/63/587 870/63/587 869/63/587 867/63/587
f 867/63/588 869/63/588 785/63/588 783/63/588
f 870/63/589 872/63/589 871/63/589 869/63/589
f 869/63/590 871/63/590 788/63/590 785/63/590
f 872/63/591 874/63/591 873/63/591 871/63/591
f 871/63/592 873/63/592 791/63/592 788/63/592
f 874/63/593 876/63/593 803/63/593 873/63/593
f 937/63/594 875/63/594 874/63/594 872/63/594
f 875/63/595 877/63/595 876/63/595 874/63/595
f 877/63/596 879/63/596 806/63/596 876/63/596
f 939/63/597 878/63/597 877/63/597 875/63/597
f 878/63/598 880/63/598 879/63/598 877/63/598
f 880/63/599 882/63/599 881/63/599 879/63/599
f 879/63/600 881/63/600 808/63/600 806/63/600
f 882/63/601 884/63/601 883/63/601 881/63/601
f 881/63/602 883/63/602 810/63/602 808/63/602
f 884/63/603 886/63/603 885/63/603 883/63/603
f 883/63/604 885/63/604 812/63/604 810/63/604
f 886/63/605 888/63/605 887/63/605 885/63/605
f 885/63/606 887/63/606 814/63/606 812/63/606
f 888/63/607 890/63/607 889/63/607 887/63/607
f 887/63/608 889/63/608 816/63/608 814/63/608
f 890/63/609 892/63/609 891/63/609 889/63/609
f 889/63/610 891/63/610 818/63/610 816/63/610
f 892/63/611 894/63/611 893/63/611 891/63/611
f 891/63/612 893/63/612 820/63/612 818/63/612
f 894/63/613 896/63/613 895/63/613 893/63/613
f 893/63/614 895/63/614 822/63/614 820/63/614
f 896/63/615 898/63/615 897/63/615 895/63/615
f 895/63/616 897/63/616 824/63/616 822/63/616
f 898/63/617 900/63/617 899/63/617 897/63/617
f 897/63/618 899/63/618 826/63/618 824/63/618
f 900/63/619 902/63/619 901/63/619 899/63/619
f 899/63/620 901/63/620 828/63/620 826/63/620
f 902/63/621 904/63/621 903/63/621 901/63/621
f 901/63/622 903/63/622 830/63/622 828/63/622
f 904/63/623 906/63/623 905/63/623 903/63/623
f 903/63/624 905/63/624 832/63/624 830/63/624
f 906/63/625 908/63/625 907/63/625 905/63/625
f 905/63/626 907/63/626 834/63/626 832/63/626
f 908/63/627 910/63/627 909/63/627 907/63/627
f 907/63/628 909/63/628 836/63/628 834/63/628
f 910/63/629 912/63/629 911/63/629 909/63/629
f 909/63/630 911/63/630 838/63/630 836/63/630
f 912/63/631 914/63/631 913/63/631 911/63/631
f 911/63/632 913/63/632 840/63/632 838/63/632
f 914/63/633 916/63/633 915/63/633 913/63/633
f 913/63/634 915/63/634 843/63/634 840/63/634
f 916/63/635 918/63/635 917/63/635 915/63/635
f 915/63/636 917/63/636 846/63/636 843/63/636
f 918/63/637 920/63/637 919/63/637 917/63/637
f 917/63/638 919/63/638 849/63/638 846/63/638
f 920/63/639 922/63/639 921/63/639 919/63/639
f 919/63/640 921/63/640 852/63/640 849/63/640
f 922/63/641 924/63/641 923/63/641 921/63/641
f 921/63/642 923/63/642 855/63/642 852/63/642
f 924/63/643 926/63/643 925/63/643 923/63/643
f 923/63/644 925/63/644 858/63/644 855/63/644
f 926/63/645 928/63/645 927/63/645 925/63/645
f 925/63/646 927/63/646 861/63/646 858/63/646
f 928/63/647 930/63/647 929/63/647 927/63/647
f 927/63/648 929/63/648 864/63/648 861/63/648
f 930/63/649 932/63/649 931/63/649 929/63/649
f 929/63/650 931/63/650 866/63/650 864/63/650
f 932/63/651 934/63/651 933/63/651 931/63/651
f 931/63/652 933/63/652 868/63/652 866/63/652
f 934/63/653 936/63/653 935/63/653 933/63/653
f 933/63/654 935/63/654 870/63/654 868/63/654
f 936/63/655 938/63/655 937/63/655 935/63/655
f 935/63/656 937/63/656 872/63/656 870/63/656
f 938/63/657 939/63/657 875/63/657 937/63/657
f 938/63/29 936/63/29 942/63/29 940/63/29
f 939/63/29 938/63/29 940/63/29 943/63/29
f 1004/95/658 941/94/658 940/205/658 942/204/658
f 941/94/659 944/93/659 943/206/659 940/205/659
f 944/93/660 946/92/660 945/207/660 943/206/660
f 878/63/29 939/63/29 943/63/29 945/63/29
f 946/92/661 948/208/661 947/209/661 945/207/661
f 880/63/29 878/63/29 945/63/29 947/63/29
f 948/208/662 950/83/662 949/167/662 947/209/662
f 882/63/29 880/63/29 947/63/29 949/63/29
f 950/83/663 952/165/663 951/166/663 949/167/663
f 884/63/29 882/63/29 949/63/29 951/63/29
f 952/165/664 954/87/664 953/168/664 951/166/664
f 886/63/29 884/63/29 951/63/29 953/63/29
f 954/87/665 956/169/665 955/170/665 953/168/665
f 888/63/29 886/63/29 953/63/29 955/63/29
f 956/169/666 958/85/666 957/171/666 955/170/666
f 890/63/29 888/63/29 955/63/29 957/63/29
f 958/85/667 960/172/667 959/175/667 957/171/667
f 892/63/29 890/63/29 957/63/29 959/63/29
f 960/172/668 962/173/668 961/174/668 959/175/668
f 894/63/29 892/63/29 959/63/29 961/63/29
f 962/173/669 964/89/669 963/176/669 961/174/669
f 896/63/29 894/63/29 961/63/29 963/63/29
f 964/89/670 966/88/670 965/177/670 963/176/670
f 898/63/29 896/63/29 963/63/29 965/63/29
f 966/88/671 968/178/671 967/179/671 965/177/671
f 900/63/29 898/63/29 965/63/29 967/63/29
f 968/178/672 970/180/672 969/181/672 967/179/672
f 902/63/29 900/63/29 967/63/29 969/63/29
f 970/180/673 972/111/673 971/182/673 969/181/673
f 904/63/29 902/63/29 969/63/29 971/63/29
f 972/111/674 974/110/674 973/183/674 971/182/674
f 906/63/29 904/63/29 971/63/29 973/63/29
f 974/110/675 976/109/675 975/184/675 973/183/675
f 908/63/29 906/63/29 973/63/29 975/63/29
f 976/109/676 978/108/676 977/185/676 975/184/676
f 910/63/29 908/63/29 975/63/29 977/63/29
f 978/108/677 980/186/677 979/187/677 977/185/677
f 912/63/29 910/63/29 977/63/29 979/63/29
f 980/186/678 982/106/678 981/188/678 979/187/678
f 914/63/29 912/63/29 979/63/29 981/63/29
f 982/106/679 984/105/679 983/189/679 981/188/679
f 916/63/29 914/63/29 981/63/29 983/63/29
f 984/105/680 986/104/680 985/190/680 983/189/680
f 918/63/29 916/63/29 983/63/29 985/63/29
f 986/104/681 988/191/681 987/192/681 985/190/681
f 920/63/29 918/63/29 985/63/29 987/63/29
f 988/191/682 990/102/682 989/193/682 987/192/682
f 922/63/29 920/63/29 987/63/29 989/63/29
f 990/102/683 992/194/683 991/195/683 989/193/683
f 924/63/29 922/63/29 989/63/29 991/63/29
f 992/194/684 994/100/684 993/196/684 991/195/684
f 926/63/29 924/63/29 991/63/29 993/63/29
f 994/100/685 996/197/685 995/198/685 993/196/685
f 928/63/29 926/63/29 993/63/29 995/63/29
f 996/197/686 998/98/686 997/199/686 995/198/686
f 930/63/29 928/63/29 995/63/29 997/63/29
f 998/98/687 1000/200/687 999/201/687 997/199/687
f 932/63/29 930/63/29 997/63/29 999/63/29
f 1000/200/688 1002/202/688 1001/203/688 999/201/688
f 934/63/29 932/63/29 999/63/29 1001/63/29
f 1002/202/689 1004/95/689 942/204/689 1001/203/689
f 936/63/29 934/63/29 1001/63/29 942/63/29
f 1039/247/690 1003/249/690 1002/250/690 1000/248/690
f 1003/249/691 1005/251/691 1004/95/691 1002/250/691
f 1005/251/692 1006/252/692 941/94/692 1004/95/692
f 1042/96/693 1048/95/693 1005/251/693 1003/249/693
f 1048/95/694 1007/94/694 1006/252/694 1005/251/694
f 1007/94/695 1050/93/695 1008/253/695 1006/252/695
f 1006/252/696 1008/253/696 944/93/696 941/94/696
f 1050/93/697 1051/92/697 1009/210/697 1008/253/697
f 1008/253/698 1009/210/698 946/213/698 944/93/698
f 1051/92/699 1056/81/699 1010/211/699 1009/210/699
f 1009/210/700 1010/211/700 948/212/700 946/213/700
f 1056/81/701 1057/83/701 1011/214/701 1010/211/701
f 1010/211/702 1011/214/702 950/83/702 948/212/702
f 1057/83/703 1058/216/703 1012/215/703 1011/214/703
f 1011/214/704 1012/215/704 952/165/704 950/83/704
f 1058/216/705 1059/217/705 1013/218/705 1012/215/705
f 1012/215/706 1013/218/706 954/87/706 952/165/706
f 1059/217/707 1064/86/707 1014/219/707 1013/218/707
f 1013/218/708 1014/219/708 956/169/708 954/87/708
f 1064/86/709 1016/85/709 1015/220/709 1014/219/709
f 1014/219/710 1015/220/710 958/85/710 956/169/710
f 1016/85/711 1066/91/711 1017/221/711 1015/220/711
f 1015/220/712 1017/221/712 960/172/712 958/85/712
f 1066/91/713 1067/173/713 1018/222/713 1017/221/713
f 1017/221/714 1018/222/714 962/173/714 960/172/714
f 1067/173/715 1072/153/715 1019/223/715 1018/222/715
f 1018/222/716 1019/223/716 964/89/716 962/173/716
f 1072/153/717 1073/88/717 1020/224/717 1019/223/717
f 1019/223/718 1020/224/718 966/88/718 964/89/718
f 1073/88/719 1074/113/719 1021/225/719 1020/224/719
f 1020/224/720 1021/225/720 968/226/720 966/88/720
f 1074/113/721 1075/112/721 1022/227/721 1021/225/721
f 1021/225/722 1022/227/722 970/228/722 968/226/722
f 1075/112/723 1080/229/723 1023/230/723 1022/227/723
f 1022/227/724 1023/230/724 972/111/724 970/228/724
f 1080/229/725 1025/110/725 1024/231/725 1023/230/725
f 1023/230/726 1024/231/726 974/110/726 972/111/726
f 1025/110/727 1082/109/727 1026/232/727 1024/231/727
f 1024/231/728 1026/232/728 976/233/728 974/110/728
f 1082/109/729 1083/108/729 1027/234/729 1026/232/729
f 1026/232/730 1027/234/730 978/108/730 976/233/730
f 1083/108/731 1088/235/731 1028/236/731 1027/234/731
f 1027/234/732 1028/236/732 980/107/732 978/108/732
f 1088/235/733 1089/106/733 1029/237/733 1028/236/733
f 1028/236/734 1029/237/734 982/106/734 980/107/734
f 1089/106/735 1090/136/735 1030/238/735 1029/237/735
f 1029/237/736 1030/238/736 984/105/736 982/106/736
f 1090/136/737 1091/239/737 1031/240/737 1030/238/737
f 1030/238/738 1031/240/738 986/104/738 984/105/738
f 1091/239/739 1096/103/739 1032/241/739 1031/240/739
f 1031/240/740 1032/241/740 988/191/740 986/104/740
f 1096/103/741 1034/102/741 1033/242/741 1032/241/741
f 1032/241/742 1033/242/742 990/102/742 988/191/742
f 1034/102/743 1098/101/743 1035/243/743 1033/242/743
f 1033/242/744 1035/243/744 992/194/744 990/102/744
f 1098/101/745 1099/100/745 1036/244/745 1035/243/745
f 1035/243/746 1036/244/746 994/100/746 992/194/746
f 1099/100/747 1103/99/747 1037/245/747 1036/244/747
f 1036/244/748 1037/245/748 996/197/748 994/100/748
f 1103/99/749 1041/98/749 1038/246/749 1037/245/749
f 1037/245/750 1038/246/750 998/98/750 996/197/750
f 1041/98/751 1040/97/751 1039/247/751 1038/246/751
f 1038/246/752 1039/247/752 1000/248/752 998/98/752
f 1040/97/753 1042/96/753 1003/249/753 1039/247/753
f 1044/98/433 1043/97/433 1040/97/433 1041/98/433
f 1043/97/92 1045/96/92 1042/96/92 1040/97/92
f 1063/85/24 1062/86/24 1061/87/24 1060/84/24 1055/83/24 1054/81/24 1053/92/24 1052/93/24 1047/94/24 1046/95/24 1045/96/24 1043/97/24 1044/98/24 1102/99/24 1101/100/24 1100/101/24 1095/102/24 1094/103/24 1093/104/24 1092/105/24 1087/106/24 1086/107/24 1085/108/24 1084/109/24 1079/110/24 1078/111/24 1077/112/24 1076/113/24 1071/88/24 1070/89/24 1069/90/24 1068/91/24
f 1045/96/91 1046/95/91 1048/95/91 1042/96/91
f 1046/95/425 1047/94/425 1049/94/425 1048/95/425
f 1048/95/24 1049/94/24 1007/94/24
f 1047/94/421 1052/93/421 1050/93/421 1049/94/421
f 1049/94/24 1050/93/24 1007/94/24
f 1052/93/420 1053/92/420 1051/92/420 1050/93/420
f 1053/92/417 1054/81/417 1056/81/417 1051/92/417
f 1054/81/754 1055/83/754 1057/83/754 1056/81/754
f 1055/83/755 1060/84/755 1058/84/755 1057/83/755
f 1060/84/123 1061/87/123 1059/87/123 1058/84/123
f 1061/87/122 1062/86/122 1064/86/122 1059/87/122
f 1062/86/124 1063/85/124 1065/85/124 1064/86/124
f 1064/86/24 1065/85/24 1016/85/24
f 1063/85/125 1068/91/125 1066/91/125 1065/85/125
f 1065/85/24 1066/91/24 1016/85/24
f 1068/91/129 1069/90/129 1067/90/129 1066/91/129
f 1069/90/131 1070/89/131 1072/89/131 1067/90/131
f 1070/89/756 1071/88/756 1073/88/756 1072/89/756
f 1071/88/757 1076/113/757 1074/113/757 1073/88/757
f 1076/113/43 1077/112/43 1075/112/43 1074/113/43
f 1077/112/41 1078/111/41 1080/111/41 1075/112/41
f 1078/111/37 1079/110/37 1081/110/37 1080/111/37
f 1080/111/24 1081/110/24 1025/110/24
f 1079/110/36 1084/109/36 1082/109/36 1081/110/36
f 1081/110/24 1082/109/24 1025/110/24
f 1084/109/428 1085/108/428 1083/108/428 1082/109/428
f 1085/108/427 1086/107/427 1088/107/427 1083/108/427
f 1086/107/430 1087/106/430 1089/106/430 1088/107/430
f 1087/106/431 1092/105/431 1090/105/431 1089/106/431
f 1092/105/72 1093/104/72 1091/104/72 1090/105/72
f 1093/104/71 1094/103/71 1096/103/71 1091/104/71
f 1094/103/74 1095/102/74 1097/102/74 1096/103/74
f 1096/103/24 1097/102/24 1034/102/24
f 1095/102/75 1100/101/75 1098/101/75 1097/102/75
f 1097/102/24 1098/101/24 1034/102/24
f 1100/101/79 1101/100/79 1099/100/79 1098/101/79
f 1101/100/81 1102/99/81 1103/99/81 1099/100/81
f 1102/99/432 1044/98/432 1041/98/432 1103/99/432
f 859/63/758 862/63/758 779/63/758 1104/63/758
f 856/63/759 859/63/759 1104/63/759 1105/63/759
f 1105/63/760 1104/63/760 1106/63/760 746/63/760
f 1104/63/761 779/63/761 754/63/761 1106/63/761
f 754/164/762 747/136/762 1106/135/762
f 853/63/763 856/63/763 1105/63/763 1107/63/763
f 1107/63/764 1105/63/764 746/63/764 744/63/764
f 850/63/765 853/63/765 1107/63/765 1108/63/765
f 1108/63/766 1107/63/766 744/63/766 742/63/766
f 847/63/767 850/63/767 1108/63/767 1109/63/767
f 1109/63/768 1108/63/768 742/63/768 728/63/768
f 844/63/769 847/63/769 1109/63/769 729/63/769
f 841/63/770 844/63/770 729/63/770 721/63/770
f 1112/63/771 1110/63/771 655/63/771
f 1110/77/427 763/117/427 1132/30/427 1111/32/427
f 1124/63/772 763/63/772 1110/63/772 1112/63/772 1113/63/772
f 1112/92/376 1114/92/376 1115/93/376 1113/93/376
f 655/81/376 1116/81/376 1114/92/376 1112/92/376
f 1118/93/19 1115/93/19 1114/92/19 1117/92/19
f 1117/92/20 1114/92/20 1116/81/20 1119/81/20
f 706/122/773 1118/93/773 1117/92/773 703/123/773
f 703/123/774 1117/92/774 1119/81/774 700/124/774
f 700/124/775 1119/81/775 654/83/775
f 709/121/776 1120/94/776 1118/93/776 706/122/776
f 1120/94/1 1122/94/1 1115/93/1 1118/93/1
f 712/120/777 1121/95/777 1120/94/777 709/121/777
f 1121/95/2 1123/95/2 1122/94/2 1120/94/2
f 1124/94/376 1122/94/376 1123/95/376 1125/95/376
f 1113/93/376 1115/93/376 1122/94/376 1124/94/376
f 1126/63/778 759/63/778 763/63/778 1124/63/778 1125/63/778
f 1125/95/376 1123/95/376 1128/96/376 1126/96/376
f 723/63/779 1136/63/779 759/63/779 1126/63/779 1127/63/779
f 1126/96/376 1128/96/376 1129/97/376 1127/97/376
f 724/125/4 1129/97/4 1128/96/4 1130/96/4
f 1130/96/3 1128/96/3 1123/95/3 1121/95/3
f 718/127/780 724/125/780 1130/96/780 715/258/780
f 715/258/781 1130/96/781 1121/95/781 712/120/781
f 1127/97/376 1129/97/376 723/98/376
f 763/117/430 759/119/430 1133/28/430 1132/30/430
f 759/119/431 1136/139/431 1134/26/431 1133/28/431
f 1136/139/72 1137/141/72 1135/24/72 1134/26/72
f 760/138/72 1138/140/72 1137/141/72 1136/139/72
f 1138/140/71 1139/41/71 1137/141/71
f 1137/141/71 1139/41/71 1140/22/71 1135/24/71
f 1139/63/782 1137/63/782 733/63/782 737/63/782 739/63/782
f 1139/41/74 1141/142/74 1173/20/74 1140/22/74
f 1139/41/74 1143/40/74 1141/142/74
f 1142/21/74 1144/19/74 1143/40/74 1139/41/74
f 1174/23/71 1142/21/71 1139/41/71 1138/140/71
f 1176/63/783 1138/63/783 1139/63/783 739/63/783
f 1144/19/75 1146/17/75 1145/39/75 1143/40/75
f 1143/40/75 1145/39/75 1147/143/75 1141/142/75
f 1146/17/79 1149/15/79 1148/42/79 1145/39/79
f 1145/39/79 1148/42/79 1150/144/79 1147/143/79
f 1149/15/81 1152/13/81 1151/43/81 1148/42/81
f 1148/42/81 1151/43/81 1153/48/81 1150/144/81
f 1152/13/432 1155/11/432 1154/44/432 1151/43/432
f 1151/43/432 1154/44/432 1156/47/432 1153/48/432
f 1155/11/433 1158/9/433 1157/45/433 1154/44/433
f 1154/44/433 1157/45/433 1159/46/433 1156/47/433
f 1158/9/92 1161/7/92 1160/49/92 1157/45/92
f 1157/45/92 1160/49/92 1162/50/92 1159/46/92
f 1161/7/91 1164/5/91 1163/51/91 1160/49/91
f 1160/49/91 1163/51/91 1165/52/91 1162/50/91
f 1162/50/91 1165/52/91 1166/6/91 1167/8/91
f 1159/46/92 1162/50/92 1167/8/92 1168/10/92
f 1156/47/433 1159/46/433 1168/10/433 1169/12/433
f 1153/48/432 1156/47/432 1169/12/432 1170/14/432
f 1150/144/81 1153/48/81 1170/14/81 1171/16/81
f 1147/143/79 1150/144/79 1171/16/79 1172/18/79
f 1141/142/75 1147/143/75 1172/18/75 1173/20/75
f 1175/25/72 1174/23/72 1138/140/72 760/137/72
f 751/63/784 760/63/784 1138/63/784 1176/63/784 749/63/784
f 654/163/785 663/84/785 695/162/785
f 652/82/376 1116/81/376 655/81/376
f 1182/1/37 1180/2/37 1179/3/37 1181/4/37
f 1184/5/36 1182/1/36 1181/4/36 1183/6/36
f 1186/7/428 1184/5/428 1183/6/428 1185/8/428
f 1188/9/427 1186/7/427 1185/8/427 1187/10/427
f 1190/11/430 1188/9/430 1187/10/430 1189/12/430
f 1192/13/431 1190/11/431 1189/12/431 1191/14/431
f 1194/15/72 1192/13/72 1191/14/72 1193/16/72
f 1196/17/71 1194/15/71 1193/16/71 1195/18/71
f 1198/19/74 1196/17/74 1195/18/74 1197/20/74
f 1200/21/75 1198/19/75 1197/20/75 1199/22/75
f 1202/23/79 1200/21/79 1199/22/79 1201/24/79
f 1204/25/81 1202/23/81 1201/24/81 1203/26/81
f 1206/27/432 1204/25/432 1203/26/432 1205/28/432
f 1208/29/433 1206/27/433 1205/28/433 1207/30/433
f 1210/31/92 1208/29/92 1207/30/92 1209/32/92
f 1212/33/91 1210/31/91 1209/32/91 1211/34/91
f 1214/35/425 1212/33/425 1211/34/425 1213/36/425
f 1217/37/421 1219/35/421 1220/72/421 1218/70/421
f 1219/35/786 1221/33/786 1223/74/786 1229/75/786 1231/34/786 1762/36/786 1764/73/786 1220/72/786
f 1221/33/787 1222/31/787 1238/76/787 1237/77/787 1239/32/787 1231/34/787 1229/78/787 1223/79/787
f 1226/88/788 1223/88/788 1224/113/788 1747/113/788
f 1228/113/221 1224/113/221 1223/255/221
f 1223/88/221 1225/89/221 1227/89/221
f 1432/153/789 1225/89/789 1223/88/789 1226/88/789
f 1426/85/221 1423/86/221 1434/87/221 1234/84/221 1229/83/221 1223/88/221 1227/89/221 1433/90/221 1429/91/221
f 1229/83/221 1235/81/221 1236/92/221 1246/93/221 1244/94/221 1245/95/221 1761/96/221 1760/97/221 1282/98/221 1295/99/221 1292/100/221 1296/101/221 1298/102/221 1324/103/221 1308/104/221 1310/105/221 1311/106/221 1314/107/221 1315/108/221 1372/109/221 1755/110/221 1753/111/221 1751/112/221 1228/113/221 1223/114/221
f 1229/80/221 1230/81/221 1235/81/221
f 1257/81/790 1230/81/790 1229/82/790 1233/83/790
f 1234/84/221 1232/84/221 1229/83/221
f 1233/83/791 1229/83/791 1232/84/791 1435/84/791
f 1236/63/792 1235/63/792 1237/63/792
f 1235/81/221 1230/81/221 1258/92/221 1236/92/221
f 1238/76/92 1241/115/92 1240/116/92 1237/77/92
f 1237/77/92 1240/117/92 1242/30/92 1239/32/92
f 1244/63/793 1246/63/793 1236/63/793 1237/63/793 1240/63/793
f 1241/115/433 1316/118/433 1243/119/433 1240/116/433
f 1240/117/433 1243/119/433 1370/28/433 1242/30/433
f 1761/63/794 1245/63/794 1244/63/794 1240/63/794 1243/63/794
f 1244/94/221 1247/94/221 1248/95/221 1245/95/221
f 1246/93/221 1249/93/221 1247/94/221 1244/94/221
f 1252/95/17 1248/95/17 1247/94/17 1250/94/17
f 1250/94/18 1247/94/18 1249/93/18 1253/93/18
f 1271/120/795 1252/95/795 1250/94/795 1251/121/795
f 1251/121/796 1250/94/796 1253/93/796 1254/122/796
f 1254/122/797 1253/93/797 1255/92/797 1256/123/797
f 1253/93/26 1249/93/26 1258/92/26 1255/92/26
f 1256/123/798 1255/92/798 1257/81/798 1259/124/798
f 1255/92/25 1258/92/25 1230/81/25 1257/81/25
f 1236/92/221 1258/92/221 1249/93/221 1246/93/221
f 1259/124/799 1257/81/799 1233/83/799
f 1260/63/800 1263/63/800 1256/63/800 1259/63/800
f 1262/63/801 1260/63/801 1259/63/801 1233/63/801
f 1441/63/802 1261/63/802 1260/63/802 1262/63/802
f 1261/63/803 1264/63/803 1263/63/803 1260/63/803
f 1264/63/804 1266/63/804 1265/63/804 1263/63/804
f 1263/63/805 1265/63/805 1254/63/805 1256/63/805
f 1266/63/806 1268/63/806 1267/63/806 1265/63/806
f 1265/63/807 1267/63/807 1251/63/807 1254/63/807
f 1268/63/808 1270/63/808 1269/63/808 1267/63/808
f 1267/63/809 1269/63/809 1271/63/809 1251/63/809
f 1270/63/810 1273/63/810 1272/63/810 1269/63/810
f 1269/63/811 1272/63/811 1274/63/811 1271/63/811
f 1273/63/812 1276/63/812 1275/63/812 1272/63/812
f 1272/63/813 1275/63/813 1277/63/813 1274/63/813
f 1276/63/814 1279/63/814 1278/63/814 1275/63/814
f 1275/63/815 1278/63/815 1281/63/815 1277/63/815
f 1279/63/816 1462/63/816 1280/63/816 1278/63/816
f 1278/63/817 1280/63/817 1285/63/817 1281/63/817
f 1284/99/818 1294/99/818 1282/98/818 1281/98/818
f 1281/98/819 1282/98/819 1758/97/819 1283/125/819
f 1281/126/820 1283/125/820 1277/127/820
f 1285/128/821 1284/99/821 1281/98/821
f 1280/63/822 1288/63/822 1286/63/822 1285/63/822
f 1286/129/823 1289/100/823 1284/99/823 1285/128/823
f 1288/63/824 1746/63/824 1287/63/824 1286/63/824
f 1287/130/825 1290/101/825 1289/100/825 1286/129/825
f 1290/101/11 1293/101/11 1291/100/11 1289/100/11
f 1289/100/12 1291/100/12 1294/99/12 1284/99/12
f 1295/99/221 1294/99/221 1291/100/221 1292/100/221
f 1292/100/221 1291/100/221 1293/101/221 1296/101/221
f 1282/98/221 1294/99/221 1295/99/221
f 1323/63/826 1292/63/826 1295/63/826 1282/63/826 1320/63/826
f 1296/101/221 1293/101/221 1297/102/221 1298/102/221
f 1300/102/10 1297/102/10 1293/101/10 1290/101/10
f 1298/102/221 1297/102/221 1299/103/221 1324/103/221
f 1302/131/9 1299/103/9 1297/102/9 1300/102/9
f 1303/132/827 1302/131/827 1300/102/827 1301/133/827
f 1301/133/828 1300/102/828 1290/101/828 1287/130/828
f 1305/134/829 1304/104/829 1302/131/829 1303/132/829
f 1304/104/8 1307/104/8 1299/103/8 1302/131/8
f 1743/135/830 1306/136/830 1304/104/830 1305/134/830
f 1306/136/7 1309/105/7 1307/104/7 1304/104/7
f 1324/103/221 1299/103/221 1307/104/221 1308/104/221
f 1308/104/221 1307/104/221 1309/105/221 1310/105/221
f 1310/105/221 1309/105/221 1311/106/221
f 1313/106/831 1311/106/831 1309/105/831 1306/136/831
f 1311/106/221 1312/107/221 1314/107/221
f 1378/107/832 1312/107/832 1311/106/832 1313/106/832
f 1314/63/833 1311/63/833 1310/63/833 1318/63/833 1316/63/833
f 1314/107/221 1312/107/221 1373/108/221 1315/108/221
f 1372/63/834 1315/63/834 1314/63/834 1316/63/834 1241/63/834
f 1317/27/432 1319/25/432 1318/137/432 1316/118/432
f 1371/29/433 1317/27/433 1316/118/433 1241/115/433
f 1316/118/432 1318/138/432 1320/139/432 1243/119/432
f 1319/25/81 1322/23/81 1321/140/81 1318/137/81
f 1318/138/81 1321/140/81 1323/141/81 1320/139/81
f 1310/63/835 1308/63/835 1324/63/835 1321/63/835 1318/63/835
f 1322/23/79 1328/21/79 1325/41/79 1321/140/79
f 1321/140/79 1325/41/79 1323/141/79
f 1324/63/836 1298/63/836 1325/63/836 1321/63/836
f 1325/41/75 1327/142/75 1367/20/75 1326/22/75
f 1323/141/79 1325/41/79 1326/22/79 1368/24/79
f 1325/41/75 1329/40/75 1327/142/75
f 1325/63/837 1298/63/837 1296/63/837 1292/63/837 1323/63/837
f 1328/21/75 1330/19/75 1329/40/75 1325/41/75
f 1330/19/74 1332/17/74 1331/39/74 1329/40/74
f 1329/40/74 1331/39/74 1333/143/74 1327/142/74
f 1332/17/71 1335/15/71 1334/42/71 1331/39/71
f 1331/39/71 1334/42/71 1336/144/71 1333/143/71
f 1335/15/72 1338/13/72 1337/43/72 1334/42/72
f 1334/42/72 1337/43/72 1339/48/72 1336/144/72
f 1338/13/431 1341/11/431 1340/44/431 1337/43/431
f 1337/43/431 1340/44/431 1342/47/431 1339/48/431
f 1341/11/430 1344/9/430 1343/45/430 1340/44/430
f 1340/44/430 1343/45/430 1345/46/430 1342/47/430
f 1344/9/427 1347/7/427 1346/49/427 1343/45/427
f 1343/45/427 1346/49/427 1348/50/427 1345/46/427
f 1347/7/428 1350/5/428 1349/51/428 1346/49/428
f 1346/49/428 1349/51/428 1351/52/428 1348/50/428
f 1350/5/36 1353/1/36 1352/53/36 1349/51/36
f 1349/51/36 1352/53/36 1354/54/36 1351/52/36
f 1353/1/37 1356/2/37 1355/55/37 1352/53/37
f 1352/53/37 1355/55/37 1357/56/37 1354/54/37
f 1354/54/37 1357/56/37 1358/3/37 1359/4/37
f 1351/52/36 1354/54/36 1359/4/36 1360/6/36
f 1348/50/428 1351/52/428 1360/6/428 1361/8/428
f 1345/46/427 1348/50/427 1361/8/427 1362/10/427
f 1342/47/430 1345/46/430 1362/10/430 1363/12/430
f 1339/48/431 1342/47/431 1363/12/431 1364/14/431
f 1336/144/72 1339/48/72 1364/14/72 1365/16/72
f 1333/143/71 1336/144/71 1365/16/71 1366/18/71
f 1327/142/74 1333/143/74 1366/18/74 1367/20/74
f 1320/139/81 1323/141/81 1368/24/81 1369/26/81
f 1243/119/432 1320/139/432 1369/26/432 1370/28/432
f 1282/63/838 1760/63/838 1761/63/838 1243/63/838 1320/63/838
f 1222/31/92 1371/29/92 1241/115/92 1238/76/92
f 1315/108/221 1373/108/221 1374/109/221 1372/109/221
f 1377/109/3 1374/109/3 1373/108/3 1375/108/3
f 1375/108/4 1373/108/4 1312/107/4 1378/107/4
f 1387/149/839 1377/109/839 1375/108/839 1376/150/839
f 1376/150/840 1375/108/840 1378/107/840 1379/151/840
f 1379/151/841 1378/107/841 1313/106/841
f 1380/63/842 1383/63/842 1376/63/842 1379/63/842
f 1382/63/843 1380/63/843 1379/63/843 1313/63/843
f 1483/63/844 1381/63/844 1380/63/844 1382/63/844
f 1381/63/845 1384/63/845 1383/63/845 1380/63/845
f 1384/63/846 1386/63/846 1385/63/846 1383/63/846
f 1383/63/847 1385/63/847 1387/63/847 1376/63/847
f 1386/63/848 1389/63/848 1388/63/848 1385/63/848
f 1385/63/849 1388/63/849 1390/63/849 1387/63/849
f 1389/63/850 1392/63/850 1391/63/850 1388/63/850
f 1388/63/851 1391/63/851 1393/63/851 1390/63/851
f 1392/63/852 1395/63/852 1394/63/852 1391/63/852
f 1391/63/853 1394/63/853 1396/63/853 1393/63/853
f 1395/63/854 1398/63/854 1397/63/854 1394/63/854
f 1394/63/855 1397/63/855 1399/63/855 1396/63/855
f 1398/63/856 1401/63/856 1400/63/856 1397/63/856
f 1397/63/857 1400/63/857 1226/63/857 1399/63/857
f 1401/63/858 1403/63/858 1402/63/858 1400/63/858
f 1400/63/859 1402/63/859 1404/63/859 1226/63/859
f 1403/63/860 1406/63/860 1405/63/860 1402/63/860
f 1402/63/861 1405/63/861 1407/63/861 1404/63/861
f 1406/63/862 1409/63/862 1408/63/862 1405/63/862
f 1405/63/863 1408/63/863 1410/63/863 1407/63/863
f 1409/63/864 1412/63/864 1411/63/864 1408/63/864
f 1408/63/865 1411/63/865 1413/63/865 1410/63/865
f 1412/63/866 1415/63/866 1414/63/866 1411/63/866
f 1411/63/867 1414/63/867 1417/63/867 1413/63/867
f 1415/63/868 1440/63/868 1416/63/868 1414/63/868
f 1414/63/869 1416/63/869 1418/63/869 1417/63/869
f 1418/161/870 1420/87/870 1419/86/870 1417/160/870
f 1417/160/871 1419/86/871 1421/85/871 1413/159/871
f 1420/87/448 1424/87/448 1422/86/448 1419/86/448
f 1419/86/447 1422/86/447 1425/85/447 1421/85/447
f 1426/85/221 1425/85/221 1422/86/221 1423/86/221
f 1423/86/221 1422/86/221 1424/87/221 1434/87/221
f 1429/91/221 1427/91/221 1425/85/221 1426/85/221
f 1421/85/445 1425/85/445 1427/91/445 1430/158/445
f 1433/90/221 1428/90/221 1427/91/221 1429/91/221
f 1430/158/441 1427/91/441 1428/90/441 1431/90/441
f 1413/159/872 1421/85/872 1430/158/872 1410/157/872
f 1410/157/873 1430/158/873 1431/90/873 1407/156/873
f 1407/156/874 1431/90/874 1432/153/874 1404/152/874
f 1431/90/440 1428/90/440 1225/89/440 1432/153/440
f 1404/152/875 1432/153/875 1226/88/875
f 1227/89/221 1225/89/221 1428/90/221 1433/90/221
f 1434/87/221 1424/87/221 1232/84/221 1234/84/221
f 1435/84/449 1232/84/449 1424/87/449 1420/87/449
f 1436/162/876 1435/84/876 1420/87/876 1418/161/876
f 1233/163/877 1435/84/877 1436/162/877
f 1416/63/878 1437/63/878 1436/63/878 1418/63/878
f 1437/63/879 1262/63/879 1233/63/879 1436/63/879
f 1440/63/880 1438/63/880 1437/63/880 1416/63/880
f 1438/63/881 1441/63/881 1262/63/881 1437/63/881
f 1510/63/882 1439/63/882 1438/63/882 1440/63/882
f 1439/63/883 1442/63/883 1441/63/883 1438/63/883
f 1442/63/884 1444/63/884 1261/63/884 1441/63/884
f 1513/63/885 1443/63/885 1442/63/885 1439/63/885
f 1443/63/886 1445/63/886 1444/63/886 1442/63/886
f 1445/63/887 1447/63/887 1446/63/887 1444/63/887
f 1444/63/888 1446/63/888 1264/63/888 1261/63/888
f 1447/63/889 1449/63/889 1448/63/889 1446/63/889
f 1446/63/890 1448/63/890 1266/63/890 1264/63/890
f 1449/63/891 1451/63/891 1450/63/891 1448/63/891
f 1448/63/892 1450/63/892 1268/63/892 1266/63/892
f 1451/63/893 1453/63/893 1452/63/893 1450/63/893
f 1450/63/894 1452/63/894 1270/63/894 1268/63/894
f 1453/63/895 1455/63/895 1454/63/895 1452/63/895
f 1452/63/896 1454/63/896 1273/63/896 1270/63/896
f 1455/63/897 1457/63/897 1456/63/897 1454/63/897
f 1454/63/898 1456/63/898 1276/63/898 1273/63/898
f 1457/63/899 1459/63/899 1458/63/899 1456/63/899
f 1456/63/900 1458/63/900 1279/63/900 1276/63/900
f 1459/63/901 1461/63/901 1460/63/901 1458/63/901
f 1458/63/902 1460/63/902 1462/63/902 1279/63/902
f 1461/63/903 1464/63/903 1463/63/903 1460/63/903
f 1460/63/904 1463/63/904 1465/63/904 1462/63/904
f 1464/63/905 1467/63/905 1466/63/905 1463/63/905
f 1463/63/906 1466/63/906 1468/63/906 1465/63/906
f 1467/63/907 1470/63/907 1469/63/907 1466/63/907
f 1466/63/908 1469/63/908 1471/63/908 1468/63/908
f 1470/63/909 1473/63/909 1472/63/909 1469/63/909
f 1469/63/910 1472/63/910 1474/63/910 1471/63/910
f 1473/63/911 1476/63/911 1475/63/911 1472/63/911
f 1472/63/912 1475/63/912 1477/63/912 1474/63/912
f 1476/63/913 1479/63/913 1478/63/913 1475/63/913
f 1475/63/914 1478/63/914 1480/63/914 1477/63/914
f 1479/63/915 1482/63/915 1481/63/915 1478/63/915
f 1478/63/916 1481/63/916 1483/63/916 1480/63/916
f 1482/63/917 1485/63/917 1484/63/917 1481/63/917
f 1481/63/918 1484/63/918 1381/63/918 1483/63/918
f 1485/63/919 1487/63/919 1486/63/919 1484/63/919
f 1484/63/920 1486/63/920 1384/63/920 1381/63/920
f 1487/63/921 1489/63/921 1488/63/921 1486/63/921
f 1486/63/922 1488/63/922 1386/63/922 1384/63/922
f 1489/63/923 1491/63/923 1490/63/923 1488/63/923
f 1488/63/924 1490/63/924 1389/63/924 1386/63/924
f 1491/63/925 1493/63/925 1492/63/925 1490/63/925
f 1490/63/926 1492/63/926 1392/63/926 1389/63/926
f 1493/63/927 1495/63/927 1494/63/927 1492/63/927
f 1492/63/928 1494/63/928 1395/63/928 1392/63/928
f 1495/63/929 1497/63/929 1496/63/929 1494/63/929
f 1494/63/930 1496/63/930 1398/63/930 1395/63/930
f 1497/63/931 1499/63/931 1498/63/931 1496/63/931
f 1496/63/932 1498/63/932 1401/63/932 1398/63/932
f 1499/63/933 1501/63/933 1500/63/933 1498/63/933
f 1498/63/934 1500/63/934 1403/63/934 1401/63/934
f 1501/63/935 1503/63/935 1502/63/935 1500/63/935
f 1500/63/936 1502/63/936 1406/63/936 1403/63/936
f 1503/63/937 1505/63/937 1504/63/937 1502/63/937
f 1502/63/938 1504/63/938 1409/63/938 1406/63/938
f 1505/63/939 1507/63/939 1506/63/939 1504/63/939
f 1504/63/940 1506/63/940 1412/63/940 1409/63/940
f 1507/63/941 1509/63/941 1508/63/941 1506/63/941
f 1506/63/942 1508/63/942 1415/63/942 1412/63/942
f 1509/63/943 1511/63/943 1510/63/943 1508/63/943
f 1508/63/944 1510/63/944 1440/63/944 1415/63/944
f 1511/63/945 1513/63/945 1439/63/945 1510/63/945
f 1632/63/946 1512/63/946 1511/63/946 1509/63/946
f 1512/63/947 1514/63/947 1513/63/947 1511/63/947
f 1514/63/948 1515/63/948 1443/63/948 1513/63/948
f 1517/63/949 1516/63/949 1514/63/949 1512/63/949
f 1516/63/950 1518/63/950 1515/63/950 1514/63/950
f 1516/63/951 1517/63/951 1521/63/951 1519/63/951
f 1518/63/952 1516/63/952 1519/63/952 1522/63/952
f 1634/172/953 1520/173/953 1519/174/953 1521/175/953
f 1520/173/954 1523/89/954 1522/176/954 1519/174/954
f 1523/89/955 1525/88/955 1524/177/955 1522/176/955
f 1527/63/24 1518/63/24 1522/63/24 1524/63/24
f 1525/88/956 1645/178/956 1526/179/956 1524/177/956
f 1528/63/24 1527/63/24 1524/63/24 1526/63/24
f 1518/63/957 1527/63/957 1529/63/957 1515/63/957
f 1527/63/958 1528/63/958 1530/63/958 1529/63/958
f 1515/63/959 1529/63/959 1445/63/959 1443/63/959
f 1529/63/960 1530/63/960 1447/63/960 1445/63/960
f 1530/63/961 1531/63/961 1449/63/961 1447/63/961
f 1528/63/962 1533/63/962 1531/63/962 1530/63/962
f 1531/63/963 1532/63/963 1451/63/963 1449/63/963
f 1533/63/964 1534/63/964 1532/63/964 1531/63/964
f 1533/63/24 1528/63/24 1526/63/24 1535/63/24
f 1534/63/24 1533/63/24 1535/63/24 1537/63/24
f 1645/178/965 1536/180/965 1535/181/965 1526/179/965
f 1536/180/966 1538/111/966 1537/182/966 1535/181/966
f 1538/111/967 1540/110/967 1539/183/967 1537/182/967
f 1542/63/24 1534/63/24 1537/63/24 1539/63/24
f 1540/110/968 1654/109/968 1541/184/968 1539/183/968
f 1543/63/24 1542/63/24 1539/63/24 1541/63/24
f 1534/63/969 1542/63/969 1544/63/969 1532/63/969
f 1542/63/970 1543/63/970 1545/63/970 1544/63/970
f 1532/63/971 1544/63/971 1453/63/971 1451/63/971
f 1544/63/972 1545/63/972 1455/63/972 1453/63/972
f 1545/63/973 1546/63/973 1457/63/973 1455/63/973
f 1543/63/974 1548/63/974 1546/63/974 1545/63/974
f 1546/63/975 1547/63/975 1459/63/975 1457/63/975
f 1548/63/976 1549/63/976 1547/63/976 1546/63/976
f 1548/63/24 1543/63/24 1541/63/24 1550/63/24
f 1549/63/24 1548/63/24 1550/63/24 1552/63/24
f 1654/109/977 1551/108/977 1550/185/977 1541/184/977
f 1551/108/978 1553/186/978 1552/187/978 1550/185/978
f 1553/186/979 1555/106/979 1554/188/979 1552/187/979
f 1557/63/24 1549/63/24 1552/63/24 1554/63/24
f 1555/106/980 1663/105/980 1556/189/980 1554/188/980
f 1558/63/24 1557/63/24 1554/63/24 1556/63/24
f 1549/63/981 1557/63/981 1559/63/981 1547/63/981
f 1557/63/982 1558/63/982 1560/63/982 1559/63/982
f 1547/63/983 1559/63/983 1461/63/983 1459/63/983
f 1559/63/984 1560/63/984 1464/63/984 1461/63/984
f 1560/63/985 1561/63/985 1467/63/985 1464/63/985
f 1558/63/986 1563/63/986 1561/63/986 1560/63/986
f 1561/63/987 1562/63/987 1470/63/987 1467/63/987
f 1563/63/988 1564/63/988 1562/63/988 1561/63/988
f 1563/63/24 1558/63/24 1556/63/24 1565/63/24
f 1564/63/24 1563/63/24 1565/63/24 1567/63/24
f 1663/105/989 1566/104/989 1565/190/989 1556/189/989
f 1566/104/990 1568/191/990 1567/192/990 1565/190/990
f 1568/191/991 1570/102/991 1569/193/991 1567/192/991
f 1572/63/951 1564/63/951 1567/63/951 1569/63/951
f 1570/102/992 1672/194/992 1571/195/992 1569/193/992
f 1573/63/24 1572/63/24 1569/63/24 1571/63/24
f 1564/63/993 1572/63/993 1574/63/993 1562/63/993
f 1572/63/994 1573/63/994 1575/63/994 1574/63/994
f 1562/63/995 1574/63/995 1473/63/995 1470/63/995
f 1574/63/996 1575/63/996 1476/63/996 1473/63/996
f 1575/63/997 1576/63/997 1479/63/997 1476/63/997
f 1573/63/998 1578/63/998 1576/63/998 1575/63/998
f 1576/63/999 1577/63/999 1482/63/999 1479/63/999
f 1578/63/1000 1579/63/1000 1577/63/1000 1576/63/1000
f 1578/63/952 1573/63/952 1571/63/952 1580/63/952
f 1579/63/951 1578/63/951 1580/63/951 1582/63/951
f 1672/194/1001 1581/100/1001 1580/196/1001 1571/195/1001
f 1581/100/1002 1583/197/1002 1582/198/1002 1580/196/1002
f 1583/197/1003 1585/98/1003 1584/199/1003 1582/198/1003
f 1587/63/24 1579/63/24 1582/63/24 1584/63/24
f 1585/98/1004 1681/200/1004 1586/201/1004 1584/199/1004
f 1588/63/24 1587/63/24 1584/63/24 1586/63/24
f 1579/63/1005 1587/63/1005 1589/63/1005 1577/63/1005
f 1587/63/1006 1588/63/1006 1590/63/1006 1589/63/1006
f 1577/63/1007 1589/63/1007 1485/63/1007 1482/63/1007
f 1589/63/1008 1590/63/1008 1487/63/1008 1485/63/1008
f 1590/63/1009 1591/63/1009 1489/63/1009 1487/63/1009
f 1588/63/1010 1593/63/1010 1591/63/1010 1590/63/1010
f 1591/63/1011 1592/63/1011 1491/63/1011 1489/63/1011
f 1593/63/1012 1594/63/1012 1592/63/1012 1591/63/1012
f 1593/63/24 1588/63/24 1586/63/24 1595/63/24
f 1594/63/24 1593/63/24 1595/63/24 1597/63/24
f 1681/200/1013 1596/202/1013 1595/203/1013 1586/201/1013
f 1596/202/1014 1598/95/1014 1597/204/1014 1595/203/1014
f 1598/95/1015 1600/94/1015 1599/205/1015 1597/204/1015
f 1602/63/24 1594/63/24 1597/63/24 1599/63/24
f 1600/94/1016 1690/93/1016 1601/206/1016 1599/205/1016
f 1603/63/24 1602/63/24 1599/63/24 1601/63/24
f 1594/63/1017 1602/63/1017 1604/63/1017 1592/63/1017
f 1602/63/1018 1603/63/1018 1605/63/1018 1604/63/1018
f 1592/63/1019 1604/63/1019 1493/63/1019 1491/63/1019
f 1604/63/1020 1605/63/1020 1495/63/1020 1493/63/1020
f 1605/63/1021 1606/63/1021 1497/63/1021 1495/63/1021
f 1603/63/1022 1608/63/1022 1606/63/1022 1605/63/1022
f 1606/63/1023 1607/63/1023 1499/63/1023 1497/63/1023
f 1608/63/1024 1609/63/1024 1607/63/1024 1606/63/1024
f 1608/63/24 1603/63/24 1601/63/24 1610/63/24
f 1609/63/24 1608/63/24 1610/63/24 1612/63/24
f 1690/93/1025 1611/92/1025 1610/207/1025 1601/206/1025
f 1611/92/1026 1613/208/1026 1612/209/1026 1610/207/1026
f 1613/208/1027 1615/83/1027 1614/167/1027 1612/209/1027
f 1617/63/24 1609/63/24 1612/63/24 1614/63/24
f 1615/83/1028 1699/165/1028 1616/166/1028 1614/167/1028
f 1618/63/24 1617/63/24 1614/63/24 1616/63/24
f 1609/63/1029 1617/63/1029 1619/63/1029 1607/63/1029
f 1617/63/1030 1618/63/1030 1620/63/1030 1619/63/1030
f 1607/63/1031 1619/63/1031 1501/63/1031 1499/63/1031
f 1619/63/1032 1620/63/1032 1503/63/1032 1501/63/1032
f 1620/63/1033 1621/63/1033 1505/63/1033 1503/63/1033
f 1618/63/1034 1623/63/1034 1621/63/1034 1620/63/1034
f 1621/63/1035 1622/63/1035 1507/63/1035 1505/63/1035
f 1623/63/1036 1624/63/1036 1622/63/1036 1621/63/1036
f 1623/63/24 1618/63/24 1616/63/24 1625/63/24
f 1624/63/24 1623/63/24 1625/63/24 1627/63/24
f 1699/165/1037 1626/87/1037 1625/168/1037 1616/166/1037
f 1626/87/1038 1628/169/1038 1627/170/1038 1625/168/1038
f 1628/169/1039 1630/85/1039 1629/171/1039 1627/170/1039
f 1631/63/24 1624/63/24 1627/63/24 1629/63/24
f 1630/85/1040 1634/172/1040 1521/175/1040 1629/171/1040
f 1517/63/952 1631/63/952 1629/63/952 1521/63/952
f 1631/63/1041 1517/63/1041 1512/63/1041 1632/63/1041
f 1624/63/1042 1631/63/1042 1632/63/1042 1622/63/1042
f 1622/63/1043 1632/63/1043 1509/63/1043 1507/63/1043
f 1633/220/1044 1635/221/1044 1634/172/1044 1630/85/1044
f 1702/219/1045 1633/220/1045 1630/85/1045 1628/169/1045
f 1635/221/1046 1637/222/1046 1520/173/1046 1634/172/1046
f 1704/85/1047 1636/91/1047 1635/221/1047 1633/220/1047
f 1636/91/1048 1638/173/1048 1637/222/1048 1635/221/1048
f 1638/173/1049 1640/153/1049 1639/223/1049 1637/222/1049
f 1637/222/1050 1639/223/1050 1523/89/1050 1520/173/1050
f 1640/153/1051 1642/88/1051 1641/224/1051 1639/223/1051
f 1639/223/1052 1641/224/1052 1525/88/1052 1523/89/1052
f 1642/88/1053 1644/113/1053 1643/225/1053 1641/224/1053
f 1641/224/1054 1643/225/1054 1645/226/1054 1525/88/1054
f 1644/113/1055 1647/112/1055 1646/227/1055 1643/225/1055
f 1643/225/1056 1646/227/1056 1536/228/1056 1645/226/1056
f 1647/112/1057 1649/229/1057 1648/230/1057 1646/227/1057
f 1646/227/1058 1648/230/1058 1538/111/1058 1536/228/1058
f 1649/229/1059 1651/110/1059 1650/231/1059 1648/230/1059
f 1648/230/1060 1650/231/1060 1540/110/1060 1538/111/1060
f 1651/110/1061 1653/109/1061 1652/232/1061 1650/231/1061
f 1650/231/1062 1652/232/1062 1654/233/1062 1540/110/1062
f 1653/109/1063 1656/108/1063 1655/234/1063 1652/232/1063
f 1652/232/1064 1655/234/1064 1551/108/1064 1654/233/1064
f 1656/108/1065 1658/235/1065 1657/236/1065 1655/234/1065
f 1655/234/1066 1657/236/1066 1553/107/1066 1551/108/1066
f 1658/235/1067 1660/106/1067 1659/237/1067 1657/236/1067
f 1657/236/1068 1659/237/1068 1555/106/1068 1553/107/1068
f 1660/106/1069 1662/136/1069 1661/238/1069 1659/237/1069
f 1659/237/1070 1661/238/1070 1663/105/1070 1555/106/1070
f 1662/136/1071 1665/239/1071 1664/240/1071 1661/238/1071
f 1661/238/1072 1664/240/1072 1566/104/1072 1663/105/1072
f 1665/239/1073 1667/103/1073 1666/241/1073 1664/240/1073
f 1664/240/1074 1666/241/1074 1568/191/1074 1566/104/1074
f 1667/103/1075 1669/102/1075 1668/242/1075 1666/241/1075
f 1666/241/1076 1668/242/1076 1570/102/1076 1568/191/1076
f 1669/102/1077 1671/101/1077 1670/243/1077 1668/242/1077
f 1668/242/1078 1670/243/1078 1672/194/1078 1570/102/1078
f 1671/101/1079 1674/100/1079 1673/244/1079 1670/243/1079
f 1670/243/1080 1673/244/1080 1581/100/1080 1672/194/1080
f 1674/100/1081 1676/99/1081 1675/245/1081 1673/244/1081
f 1673/244/1082 1675/245/1082 1583/197/1082 1581/100/1082
f 1676/99/1083 1678/98/1083 1677/246/1083 1675/245/1083
f 1675/245/1084 1677/246/1084 1585/98/1084 1583/197/1084
f 1678/98/1085 1680/97/1085 1679/247/1085 1677/246/1085
f 1677/246/1086 1679/247/1086 1681/248/1086 1585/98/1086
f 1680/97/1087 1683/96/1087 1682/249/1087 1679/247/1087
f 1679/247/1088 1682/249/1088 1596/250/1088 1681/248/1088
f 1683/96/1089 1685/95/1089 1684/251/1089 1682/249/1089
f 1682/249/1090 1684/251/1090 1598/95/1090 1596/250/1090
f 1685/95/1091 1687/94/1091 1686/252/1091 1684/251/1091
f 1684/251/1092 1686/252/1092 1600/94/1092 1598/95/1092
f 1687/94/1093 1689/93/1093 1688/253/1093 1686/252/1093
f 1686/252/1094 1688/253/1094 1690/93/1094 1600/94/1094
f 1689/93/1095 1692/92/1095 1691/210/1095 1688/253/1095
f 1688/253/1096 1691/210/1096 1611/213/1096 1690/93/1096
f 1692/92/1097 1694/81/1097 1693/211/1097 1691/210/1097
f 1691/210/1098 1693/211/1098 1613/212/1098 1611/213/1098
f 1694/81/1099 1696/83/1099 1695/214/1099 1693/211/1099
f 1693/211/1100 1695/214/1100 1615/83/1100 1613/212/1100
f 1696/83/1101 1698/216/1101 1697/215/1101 1695/214/1101
f 1695/214/1102 1697/215/1102 1699/165/1102 1615/83/1102
f 1698/216/1103 1701/217/1103 1700/218/1103 1697/215/1103
f 1697/215/1104 1700/218/1104 1626/87/1104 1699/165/1104
f 1701/217/1105 1703/86/1105 1702/219/1105 1700/218/1105
f 1700/218/1106 1702/219/1106 1628/169/1106 1626/87/1106
f 1703/86/1107 1704/85/1107 1633/220/1107 1702/219/1107
f 1707/87/1108 1706/86/1108 1703/86/1108 1701/87/1108
f 1703/86/29 1705/85/29 1704/85/29
f 1706/86/1109 1708/85/1109 1705/85/1109 1703/86/1109
f 1708/85/29 1706/86/29 1707/87/29 1740/84/29 1739/83/29 1738/81/29 1737/92/29 1735/93/29 1734/94/29 1733/95/29 1732/96/29 1731/97/29 1730/98/29 1729/99/29 1728/100/29 1726/101/29 1725/102/29 1724/103/29 1723/104/29 1722/105/29 1721/106/29 1720/107/29 1719/108/29 1717/109/29 1716/110/29 1715/111/29 1714/112/29 1713/113/29 1712/88/29 1711/89/29 1710/90/29 1709/91/29
f 1708/85/1110 1709/91/1110 1636/91/1110 1705/85/1110
f 1709/91/1111 1710/90/1111 1638/90/1111 1636/91/1111
f 1710/90/1112 1711/89/1112 1640/89/1112 1638/90/1112
f 1711/89/1113 1712/88/1113 1642/88/1113 1640/89/1113
f 1712/88/1114 1713/113/1114 1644/113/1114 1642/88/1114
f 1713/113/1115 1714/112/1115 1647/112/1115 1644/113/1115
f 1714/112/1116 1715/111/1116 1649/111/1116 1647/112/1116
f 1715/111/1117 1716/110/1117 1718/110/1117 1649/111/1117
f 1716/110/1118 1717/109/1118 1653/109/1118 1718/110/1118
f 1649/111/29 1718/110/29 1651/110/29
f 1718/110/29 1653/109/29 1651/110/29
f 1717/109/1119 1719/108/1119 1656/108/1119 1653/109/1119
f 1719/108/1120 1720/107/1120 1658/107/1120 1656/108/1120
f 1720/107/1121 1721/106/1121 1660/106/1121 1658/107/1121
f 1721/106/1122 1722/105/1122 1662/105/1122 1660/106/1122
f 1722/105/1123 1723/104/1123 1665/104/1123 1662/105/1123
f 1723/104/1124 1724/103/1124 1667/103/1124 1665/104/1124
f 1724/103/1125 1725/102/1125 1727/102/1125 1667/103/1125
f 1725/102/1126 1726/101/1126 1671/101/1126 1727/102/1126
f 1667/103/29 1727/102/29 1669/102/29
f 1727/102/29 1671/101/29 1669/102/29
f 1726/101/1127 1728/100/1127 1674/100/1127 1671/101/1127
f 1728/100/1128 1729/99/1128 1676/99/1128 1674/100/1128
f 1729/99/1129 1730/98/1129 1678/98/1129 1676/99/1129
f 1730/98/1130 1731/97/1130 1680/97/1130 1678/98/1130
f 1731/97/1131 1732/96/1131 1683/96/1131 1680/97/1131
f 1732/96/1132 1733/95/1132 1685/95/1132 1683/96/1132
f 1733/95/1133 1734/94/1133 1736/94/1133 1685/95/1133
f 1734/94/1134 1735/93/1134 1689/93/1134 1736/94/1134
f 1685/95/29 1736/94/29 1687/94/29
f 1736/94/29 1689/93/29 1687/94/29
f 1735/93/1135 1737/92/1135 1692/92/1135 1689/93/1135
f 1737/92/1136 1738/81/1136 1694/81/1136 1692/92/1136
f 1738/81/1137 1739/83/1137 1696/83/1137 1694/81/1137
f 1739/83/1138 1740/84/1138 1698/84/1138 1696/83/1138
f 1740/84/1139 1707/87/1139 1701/87/1139 1698/84/1139
f 1705/85/29 1636/91/29 1704/85/29
f 1480/63/1140 1483/63/1140 1382/63/1140 1741/63/1140
f 1477/63/1141 1480/63/1141 1741/63/1141 1742/63/1141
f 1742/63/1142 1741/63/1142 1743/63/1142 1305/63/1142
f 1741/63/1143 1382/63/1143 1313/63/1143 1743/63/1143
f 1313/164/1144 1306/136/1144 1743/135/1144
f 1474/63/1145 1477/63/1145 1742/63/1145 1744/63/1145
f 1744/63/1146 1742/63/1146 1305/63/1146 1303/63/1146
f 1471/63/1147 1474/63/1147 1744/63/1147 1745/63/1147
f 1745/63/1148 1744/63/1148 1303/63/1148 1301/63/1148
f 1468/63/1149 1471/63/1149 1745/63/1149 1746/63/1149
f 1746/63/1150 1745/63/1150 1301/63/1150 1287/63/1150
f 1465/63/1151 1468/63/1151 1746/63/1151 1288/63/1151
f 1462/63/1152 1465/63/1152 1288/63/1152 1280/63/1152
f 1399/155/1153 1747/113/1153 1748/112/1153 1396/254/1153
f 1226/154/1154 1747/113/1154 1399/155/1154
f 1747/113/20 1224/113/20 1750/112/20 1748/112/20
f 1396/254/1155 1748/112/1155 1749/111/1155 1393/256/1155
f 1748/112/19 1750/112/19 1752/111/19 1749/111/19
f 1753/111/221 1752/111/221 1750/112/221 1751/112/221
f 1751/112/221 1750/112/221 1224/113/221 1228/113/221
f 1755/110/221 1754/110/221 1752/111/221 1753/111/221
f 1749/111/1 1752/111/1 1754/110/1 1756/110/1
f 1372/109/221 1374/109/221 1754/110/221 1755/110/221
f 1756/110/2 1754/110/2 1374/109/2 1377/109/2
f 1393/256/1156 1749/111/1156 1756/110/1156 1390/257/1156
f 1390/257/1157 1756/110/1157 1377/109/1157 1387/149/1157
f 1753/63/1158 1755/63/1158 1372/63/1158 1241/63/1158 1238/63/1158
f 1228/63/1159 1751/112/1159 1753/111/1159 1238/63/1159
f 1277/127/1160 1283/125/1160 1757/96/1160 1274/258/1160
f 1283/125/15 1758/97/15 1759/96/15 1757/96/15
f 1760/97/1161 1758/97/1161 1282/98/1161
f 1761/96/221 1759/96/221 1758/97/221 1760/97/221
f 1245/95/221 1248/95/221 1759/96/221 1761/96/221
f 1757/96/16 1759/96/16 1248/95/16 1252/95/16
f 1274/258/1162 1757/96/1162 1252/95/1162 1271/120/1162
f 1765/71/421 1764/73/421 1762/36/421 1763/38/421
f 1218/70/421 1220/72/421 1764/73/421 1765/71/421
f 1766/19/10 1769/17/10 1770/39/10 1767/40/10
f 1768/21/9 1766/19/9 1767/40/9 1936/41/9
f 1812/85/221 1809/86/221 1806/87/221 1803/84/221 1800/83/221 1797/81/221 1794/92/221 1791/93/221 1788/94/221 1785/95/221 1782/96/221 1776/97/221 1775/98/221 1773/99/221 1771/100/221 1769/101/221 1766/102/221 1768/103/221 1933/104/221 1930/105/221 1928/106/221 1961/107/221 1962/108/221 1963/109/221 1964/110/221 1965/111/221 1966/112/221 1967/113/221 1968/88/221 1969/89/221 1970/90/221 1971/91/221
f 1769/17/11 1771/15/11 1772/42/11 1770/39/11
f 1771/15/12 1773/13/12 1774/43/12 1772/42/12
f 1773/13/13 1775/11/13 1777/44/13 1774/43/13
f 1775/11/14 1776/9/14 1779/45/14 1777/44/14
f 1777/44/14 1779/45/14 1780/46/14 1778/47/14
f 1774/43/13 1777/44/13 1778/47/13 1944/48/13
f 1776/9/15 1782/7/15 1781/49/15 1779/45/15
f 1779/45/15 1781/49/15 1783/50/15 1780/46/15
f 1782/7/16 1785/5/16 1784/51/16 1781/49/16
f 1781/49/16 1784/51/16 1786/52/16 1783/50/16
f 1785/5/17 1788/1/17 1787/53/17 1784/51/17
f 1784/51/17 1787/53/17 1789/54/17 1786/52/17
f 1788/1/18 1791/2/18 1790/55/18 1787/53/18
f 1787/53/18 1790/55/18 1792/56/18 1789/54/18
f 1791/2/26 1794/57/26 1793/58/26 1790/55/26
f 1790/55/26 1793/58/26 1795/59/26 1792/56/26
f 1794/57/25 1797/60/25 1796/61/25 1793/58/25
f 1793/58/25 1796/61/25 1798/62/25 1795/59/25
f 1797/60/1163 1800/260/1163 1799/261/1163 1796/61/1163
f 1796/61/1163 1799/261/1163 1801/262/1163 1798/62/1163
f 1800/260/1164 1803/263/1164 1802/264/1164 1799/261/1164
f 1799/261/1164 1802/264/1164 1804/265/1164 1801/262/1164
f 1803/263/449 1806/266/449 1805/267/449 1802/264/449
f 1802/264/449 1805/267/449 1807/268/449 1804/265/449
f 1806/266/448 1809/269/448 1808/270/448 1805/267/448
f 1805/267/448 1808/270/448 1810/271/448 1807/268/448
f 1809/269/447 1812/272/447 1811/273/447 1808/270/447
f 1808/270/447 1811/273/447 1814/274/447 1810/271/447
f 1812/275/445 1971/276/445 1813/277/445 1811/278/445
f 1811/278/445 1813/277/445 1816/279/445 1814/280/445
f 1814/280/445 1816/279/445 1817/281/445 1815/282/445
f 1810/271/447 1814/274/447 1815/283/447 1957/284/447
f 1813/277/441 1819/285/441 1818/286/441 1816/279/441
f 1816/279/441 1818/286/441 1820/287/441 1817/281/441
f 1819/285/440 1822/288/440 1821/289/440 1818/286/440
f 1818/286/440 1821/289/440 1823/290/440 1820/287/440
f 1822/288/1165 1825/291/1165 1824/292/1165 1821/289/1165
f 1821/289/1165 1824/292/1165 1826/293/1165 1823/290/1165
f 1825/291/1166 1828/64/1166 1827/67/1166 1824/292/1166
f 1824/292/1166 1827/67/1166 1829/69/1166 1826/293/1166
f 1828/64/20 1831/65/20 1830/66/20 1827/67/20
f 1827/67/20 1830/66/20 1832/68/20 1829/69/20
f 1831/65/19 1834/70/19 1833/71/19 1830/66/19
f 1830/66/19 1833/71/19 1835/38/19 1832/68/19
f 1834/70/1 1837/72/1 1836/73/1 1833/71/1
f 1833/71/1 1836/73/1 1838/36/1 1835/38/1
f 1964/35/1167 1963/33/1167 1846/74/1167 1841/75/1167 1839/34/1167 1838/36/1167 1836/73/1167 1837/72/1167
f 1817/294/376 1820/295/376 1823/296/376 1826/297/376 1829/298/376 1832/299/376 1835/300/376 1838/301/376 1839/302/376 1840/303/376 1853/304/376 1960/305/376 1959/306/376 1958/307/376 1937/308/376 1939/309/376 1941/310/376 1943/311/376 1945/312/376 1946/313/376 1947/314/376 1948/315/376 1949/316/376 1950/317/376 1951/318/376 1952/319/376 1953/320/376 1954/321/376 1955/322/376 1956/323/376 1957/324/376 1815/325/376
f 1963/33/1168 1962/31/1168 1850/76/1168 1849/77/1168 1840/32/1168 1839/34/1168 1841/78/1168 1846/79/1168
f 1841/80/24 1842/81/24 1847/81/24
f 1868/81/1169 1842/81/1169 1841/82/1169 1844/83/1169
f 1845/84/24 1843/84/24 1841/83/24
f 1844/83/1170 1841/83/1170 1843/84/1170 2028/84/1170
f 2018/85/24 2019/86/24 2030/87/24 1845/84/24 1841/83/24 1846/88/24 2016/89/24 2015/90/24 2017/91/24
f 1841/83/24 1847/81/24 1848/92/24 1856/93/24 1855/94/24 1857/95/24 2366/96/24 2365/97/24 1893/98/24 1906/99/24 1903/100/24 1907/101/24 1909/102/24 1935/103/24 1919/104/24 1921/105/24 1922/106/24 1925/107/24 1926/108/24 1972/109/24 2357/110/24 2356/111/24 2355/112/24 2354/113/24 1846/114/24
f 1848/63/1171 1849/63/1171 1847/63/1171
f 1847/81/24 1842/81/24 1869/92/24 1848/92/24
f 1850/76/4 1852/115/4 1851/116/4 1849/77/4
f 1849/77/4 1851/117/4 1853/30/4 1840/32/4
f 1855/63/1172 1851/63/1172 1849/63/1172 1848/63/1172 1856/63/1172
f 1852/115/5 1927/118/5 1854/119/5 1851/116/5
f 1851/117/5 1854/119/5 1960/28/5 1853/30/5
f 2366/63/1173 1854/63/1173 1851/63/1173 1855/63/1173 1857/63/1173
f 1856/93/24 1860/93/24 1858/94/24 1855/94/24
f 1855/94/24 1858/94/24 1859/95/24 1857/95/24
f 1863/95/425 1859/95/425 1858/94/425 1861/94/425
f 1861/94/421 1858/94/421 1860/93/421 1864/93/421
f 1882/120/1174 1863/95/1174 1861/94/1174 1862/121/1174
f 1862/121/1175 1861/94/1175 1864/93/1175 1865/122/1175
f 1865/122/1176 1864/93/1176 1866/92/1176 1867/123/1176
f 1864/93/420 1860/93/420 1869/92/420 1866/92/420
f 1867/123/1177 1866/92/1177 1868/81/1177 1870/124/1177
f 1866/92/417 1869/92/417 1842/81/417 1868/81/417
f 1848/92/24 1869/92/24 1860/93/24 1856/93/24
f 1870/124/1178 1868/81/1178 1844/83/1178
f 1871/63/1179 1874/63/1179 1867/63/1179 1870/63/1179
f 1873/63/1180 1871/63/1180 1870/63/1180 1844/63/1180
f 2104/63/1181 1872/63/1181 1871/63/1181 1873/63/1181
f 1872/63/1182 1875/63/1182 1874/63/1182 1871/63/1182
f 1875/63/1183 1877/63/1183 1876/63/1183 1874/63/1183
f 1874/63/1184 1876/63/1184 1865/63/1184 1867/63/1184
f 1877/63/1185 1879/63/1185 1878/63/1185 1876/63/1185
f 1876/63/1186 1878/63/1186 1862/63/1186 1865/63/1186
f 1879/63/1187 1881/63/1187 1880/63/1187 1878/63/1187
f 1878/63/1188 1880/63/1188 1882/63/1188 1862/63/1188
f 1881/63/1189 1884/63/1189 1883/63/1189 1880/63/1189
f 1880/63/1190 1883/63/1190 1885/63/1190 1882/63/1190
f 1884/63/1191 1887/63/1191 1886/63/1191 1883/63/1191
f 1883/63/1192 1886/63/1192 1888/63/1192 1885/63/1192
f 1887/63/1193 1890/63/1193 1889/63/1193 1886/63/1193
f 1886/63/1194 1889/63/1194 1892/63/1194 1888/63/1194
f 1890/63/1195 2082/63/1195 1891/63/1195 1889/63/1195
f 1889/63/1196 1891/63/1196 1896/63/1196 1892/63/1196
f 1895/99/1197 1905/99/1197 1893/98/1197 1892/98/1197
f 1892/98/1198 1893/98/1198 2363/97/1198 1894/125/1198
f 1892/126/1199 1894/125/1199 1888/127/1199
f 1896/128/1200 1895/99/1200 1892/98/1200
f 1891/63/1201 1899/63/1201 1897/63/1201 1896/63/1201
f 1897/129/1202 1900/100/1202 1895/99/1202 1896/128/1202
f 1899/63/1203 2077/63/1203 1898/63/1203 1897/63/1203
f 1898/130/1204 1901/101/1204 1900/100/1204 1897/129/1204
f 1901/101/79 1904/101/79 1902/100/79 1900/100/79
f 1900/100/81 1902/100/81 1905/99/81 1895/99/81
f 1906/99/24 1905/99/24 1902/100/24 1903/100/24
f 1903/100/24 1902/100/24 1904/101/24 1907/101/24
f 1893/98/951 1905/99/951 1906/99/951
f 1934/63/1205 1931/63/1205 1893/63/1205 1906/63/1205 1903/63/1205
f 1907/101/24 1904/101/24 1908/102/24 1909/102/24
f 1911/102/75 1908/102/75 1904/101/75 1901/101/75
f 1909/102/24 1908/102/24 1910/103/24 1935/103/24
f 1913/131/74 1910/103/74 1908/102/74 1911/102/74
f 1914/132/1206 1913/131/1206 1911/102/1206 1912/133/1206
f 1912/133/1207 1911/102/1207 1901/101/1207 1898/130/1207
f 1916/134/1208 1915/104/1208 1913/131/1208 1914/132/1208
f 1915/104/71 1918/104/71 1910/103/71 1913/131/71
f 2072/135/1209 1917/136/1209 1915/104/1209 1916/134/1209
f 1917/136/72 1920/105/72 1918/104/72 1915/104/72
f 1935/103/24 1910/103/24 1918/104/24 1919/104/24
f 1919/104/24 1918/104/24 1920/105/24 1921/105/24
f 1921/105/951 1920/105/951 1922/106/951
f 1924/106/1210 1922/106/1210 1920/105/1210 1917/136/1210
f 1922/106/24 1923/107/24 1925/107/24
f 1978/107/1211 1923/107/1211 1922/106/1211 1924/106/1211
f 1925/63/1212 1927/63/1212 1929/63/1212 1921/63/1212 1922/63/1212
f 1925/107/24 1923/107/24 1973/108/24 1926/108/24
f 1972/63/1213 1852/63/1213 1927/63/1213 1925/63/1213 1926/63/1213
f 1928/27/6 1930/25/6 1929/137/6 1927/118/6
f 1961/29/5 1928/27/5 1927/118/5 1852/115/5
f 1927/118/6 1929/138/6 1931/139/6 1854/119/6
f 1930/25/7 1933/23/7 1932/140/7 1929/137/7
f 1929/138/7 1932/140/7 1934/141/7 1931/139/7
f 1921/63/1214 1929/63/1214 1932/63/1214 1935/63/1214 1919/63/1214
f 1933/23/8 1768/21/8 1936/41/8 1932/140/8
f 1932/140/8 1936/41/8 1934/141/8
f 1935/63/1215 1932/63/1215 1936/63/1215 1909/63/1215
f 1934/141/8 1936/41/8 1937/22/8 1958/24/8
f 1936/41/9 1938/142/9 1939/20/9 1937/22/9
f 1936/41/9 1767/40/9 1938/142/9
f 1936/63/1216 1934/63/1216 1903/63/1216 1907/63/1216 1909/63/1216
f 1767/40/10 1770/39/10 1940/143/10 1938/142/10
f 1938/142/10 1940/143/10 1941/18/10 1939/20/10
f 1770/39/11 1772/42/11 1942/144/11 1940/143/11
f 1940/143/11 1942/144/11 1943/16/11 1941/18/11
f 1772/42/12 1774/43/12 1944/48/12 1942/144/12
f 1942/144/12 1944/48/12 1945/14/12 1943/16/12
f 1944/48/13 1778/47/13 1946/12/13 1945/14/13
f 1778/47/14 1780/46/14 1947/10/14 1946/12/14
f 1780/46/15 1783/50/15 1948/8/15 1947/10/15
f 1783/50/16 1786/52/16 1949/6/16 1948/8/16
f 1786/52/17 1789/54/17 1950/4/17 1949/6/17
f 1789/54/18 1792/56/18 1951/3/18 1950/4/18
f 1792/56/26 1795/59/26 1952/145/26 1951/3/26
f 1795/59/25 1798/62/25 1953/146/25 1952/145/25
f 1798/62/1163 1801/262/1163 1954/326/1163 1953/146/1163
f 1801/262/1164 1804/265/1164 1955/327/1164 1954/326/1164
f 1804/265/449 1807/268/449 1956/328/449 1955/327/449
f 1807/268/448 1810/271/448 1957/284/448 1956/328/448
f 1931/139/7 1934/141/7 1958/24/7 1959/26/7
f 1854/119/6 1931/139/6 1959/26/6 1960/28/6
f 1893/63/1217 1931/63/1217 1854/63/1217 2366/63/1217 2365/63/1217
f 1962/31/4 1961/29/4 1852/115/4 1850/76/4
f 1965/37/1 1964/35/1 1837/72/1 1834/70/1
f 1966/147/19 1965/37/19 1834/70/19 1831/65/19
f 1967/148/20 1966/147/20 1831/65/20 1828/64/20
f 1968/329/1166 1967/148/1166 1828/64/1166 1825/291/1166
f 1969/330/1165 1968/329/1165 1825/291/1165 1822/288/1165
f 1970/331/440 1969/330/440 1822/288/440 1819/285/440
f 1971/276/441 1970/331/441 1819/285/441 1813/277/441
f 1926/108/24 1973/108/24 1974/109/24 1972/109/24
f 1977/109/428 1974/109/428 1973/108/428 1975/108/428
f 1975/108/427 1973/108/427 1923/107/427 1978/107/427
f 1987/149/1218 1977/109/1218 1975/108/1218 1976/150/1218
f 1976/150/1219 1975/108/1219 1978/107/1219 1979/151/1219
f 1979/151/1220 1978/107/1220 1924/106/1220
f 1980/63/1221 1983/63/1221 1976/63/1221 1979/63/1221
f 1982/63/1222 1980/63/1222 1979/63/1222 1924/63/1222
f 2067/63/1223 1981/63/1223 1980/63/1223 1982/63/1223
f 1981/63/1224 1984/63/1224 1983/63/1224 1980/63/1224
f 1984/63/1225 1986/63/1225 1985/63/1225 1983/63/1225
f 1983/63/1226 1985/63/1226 1987/63/1226 1976/63/1226
f 1986/63/1227 1989/63/1227 1988/63/1227 1985/63/1227
f 1985/63/1228 1988/63/1228 1990/63/1228 1987/63/1228
f 1989/63/1229 1992/63/1229 1991/63/1229 1988/63/1229
f 1988/63/1230 1991/63/1230 1993/63/1230 1990/63/1230
f 1992/63/1231 1995/63/1231 1994/63/1231 1991/63/1231
f 1991/63/1232 1994/63/1232 1996/63/1232 1993/63/1232
f 1995/63/1233 1998/63/1233 1997/63/1233 1994/63/1233
f 1994/63/1234 1997/63/1234 1999/63/1234 1996/63/1234
f 1998/63/1235 2001/63/1235 2000/63/1235 1997/63/1235
f 1997/63/1236 2000/63/1236 2003/63/1236 1999/63/1236
f 2001/63/1237 2045/63/1237 2002/63/1237 2000/63/1237
f 2000/63/1238 2002/63/1238 2006/63/1238 2003/63/1238
f 2006/152/1239 2004/153/1239 2003/88/1239
f 2004/153/1240 2014/89/1240 1846/88/1240 2003/88/1240
f 2003/154/1241 2005/113/1241 1999/155/1241
f 2003/88/1242 1846/88/1242 2352/113/1242 2005/113/1242
f 2002/63/1243 2009/63/1243 2007/63/1243 2006/63/1243
f 2007/156/1244 2010/90/1244 2004/153/1244 2006/152/1244
f 2009/63/1245 2040/63/1245 2008/63/1245 2007/63/1245
f 2008/157/1246 2011/158/1246 2010/90/1246 2007/156/1246
f 2011/158/129 2013/91/129 2012/90/129 2010/90/129
f 2010/90/131 2012/90/131 2014/89/131 2004/153/131
f 2015/90/24 2012/90/24 2013/91/24 2017/91/24
f 2016/89/24 2014/89/24 2012/90/24 2015/90/24
f 2017/91/24 2013/91/24 2020/85/24 2018/85/24
f 2018/85/24 2020/85/24 2021/86/24 2019/86/24
f 2022/85/125 2020/85/125 2013/91/125 2011/158/125
f 2024/86/124 2021/86/124 2020/85/124 2022/85/124
f 2023/159/1247 2022/85/1247 2011/158/1247 2008/157/1247
f 2025/160/1248 2024/86/1248 2022/85/1248 2023/159/1248
f 2027/161/1249 2026/87/1249 2024/86/1249 2025/160/1249
f 2026/87/122 2029/87/122 2021/86/122 2024/86/122
f 2031/162/1250 2028/84/1250 2026/87/1250 2027/161/1250
f 2028/84/123 1843/84/123 2029/87/123 2026/87/123
f 2019/86/24 2021/86/24 2029/87/24 2030/87/24
f 2030/87/24 2029/87/24 1843/84/24 1845/84/24
f 1844/163/1251 2028/84/1251 2031/162/1251
f 2034/63/1252 2032/63/1252 2031/63/1252 2027/63/1252
f 2032/63/1253 1873/63/1253 1844/63/1253 2031/63/1253
f 2035/63/1254 2033/63/1254 2032/63/1254 2034/63/1254
f 2033/63/1255 2104/63/1255 1873/63/1255 2032/63/1255
f 2037/63/1256 2035/63/1256 2034/63/1256 2036/63/1256
f 2036/63/1257 2034/63/1257 2027/63/1257 2025/63/1257
f 2039/63/1258 2037/63/1258 2036/63/1258 2038/63/1258
f 2038/63/1259 2036/63/1259 2025/63/1259 2023/63/1259
f 2041/63/1260 2039/63/1260 2038/63/1260 2040/63/1260
f 2040/63/1261 2038/63/1261 2023/63/1261 2008/63/1261
f 2043/63/1262 2041/63/1262 2040/63/1262 2009/63/1262
f 2044/63/1263 2042/63/1263 2041/63/1263 2043/63/1263
f 2042/63/1264 2110/63/1264 2039/63/1264 2041/63/1264
f 2046/63/1265 2044/63/1265 2043/63/1265 2045/63/1265
f 2045/63/1266 2043/63/1266 2009/63/1266 2002/63/1266
f 2048/63/1267 2046/63/1267 2045/63/1267 2001/63/1267
f 2049/63/1268 2047/63/1268 2046/63/1268 2048/63/1268
f 2047/63/1269 2115/63/1269 2044/63/1269 2046/63/1269
f 2051/63/1270 2049/63/1270 2048/63/1270 2050/63/1270
f 2050/63/1271 2048/63/1271 2001/63/1271 1998/63/1271
f 2053/63/1272 2051/63/1272 2050/63/1272 2052/63/1272
f 2052/63/1273 2050/63/1273 1998/63/1273 1995/63/1273
f 2055/63/1274 2053/63/1274 2052/63/1274 2054/63/1274
f 2054/63/1275 2052/63/1275 1995/63/1275 1992/63/1275
f 2057/63/1276 2055/63/1276 2054/63/1276 2056/63/1276
f 2056/63/1277 2054/63/1277 1992/63/1277 1989/63/1277
f 2059/63/1278 2057/63/1278 2056/63/1278 2058/63/1278
f 2058/63/1279 2056/63/1279 1989/63/1279 1986/63/1279
f 2061/63/1280 2059/63/1280 2058/63/1280 2060/63/1280
f 2060/63/1281 2058/63/1281 1986/63/1281 1984/63/1281
f 2063/63/1282 2061/63/1282 2060/63/1282 2062/63/1282
f 2062/63/1283 2060/63/1283 1984/63/1283 1981/63/1283
f 2065/63/1284 2063/63/1284 2062/63/1284 2064/63/1284
f 2064/63/1285 2062/63/1285 1981/63/1285 2067/63/1285
f 2200/63/1286 2065/63/1286 2064/63/1286 2066/63/1286
f 2066/63/1287 2064/63/1287 2067/63/1287 2068/63/1287
f 2068/63/1288 2067/63/1288 1982/63/1288 2070/63/1288
f 2347/63/1289 2066/63/1289 2068/63/1289 2069/63/1289
f 2069/63/1290 2068/63/1290 2070/63/1290 2071/63/1290
f 2071/63/1291 2070/63/1291 2072/63/1291 1916/63/1291
f 2070/63/1292 1982/63/1292 1924/63/1292 2072/63/1292
f 1924/164/1293 1917/136/1293 2072/135/1293
f 2074/63/1294 2069/63/1294 2071/63/1294 2073/63/1294
f 2073/63/1295 2071/63/1295 1916/63/1295 1914/63/1295
f 2076/63/1296 2074/63/1296 2073/63/1296 2075/63/1296
f 2075/63/1297 2073/63/1297 1914/63/1297 1912/63/1297
f 2078/63/1298 2076/63/1298 2075/63/1298 2077/63/1298
f 2077/63/1299 2075/63/1299 1912/63/1299 1898/63/1299
f 2080/63/1300 2078/63/1300 2077/63/1300 1899/63/1300
f 2081/63/1301 2079/63/1301 2078/63/1301 2080/63/1301
f 2079/63/1302 2349/63/1302 2076/63/1302 2078/63/1302
f 2083/63/1303 2081/63/1303 2080/63/1303 2082/63/1303
f 2082/63/1304 2080/63/1304 1899/63/1304 1891/63/1304
f 2085/63/1305 2083/63/1305 2082/63/1305 1890/63/1305
f 2086/63/1306 2084/63/1306 2083/63/1306 2085/63/1306
f 2084/63/1307 2180/63/1307 2081/63/1307 2083/63/1307
f 2088/63/1308 2086/63/1308 2085/63/1308 2087/63/1308
f 2087/63/1309 2085/63/1309 1890/63/1309 1887/63/1309
f 2090/63/1310 2088/63/1310 2087/63/1310 2089/63/1310
f 2089/63/1311 2087/63/1311 1887/63/1311 1884/63/1311
f 2092/63/1312 2090/63/1312 2089/63/1312 2091/63/1312
f 2091/63/1313 2089/63/1313 1884/63/1313 1881/63/1313
f 2094/63/1314 2092/63/1314 2091/63/1314 2093/63/1314
f 2093/63/1315 2091/63/1315 1881/63/1315 1879/63/1315
f 2096/63/1316 2094/63/1316 2093/63/1316 2095/63/1316
f 2095/63/1317 2093/63/1317 1879/63/1317 1877/63/1317
f 2098/63/1318 2096/63/1318 2095/63/1318 2097/63/1318
f 2097/63/1319 2095/63/1319 1877/63/1319 1875/63/1319
f 2100/63/1320 2098/63/1320 2097/63/1320 2099/63/1320
f 2099/63/1321 2097/63/1321 1875/63/1321 1872/63/1321
f 2102/63/1322 2100/63/1322 2099/63/1322 2101/63/1322
f 2101/63/1323 2099/63/1323 1872/63/1323 2104/63/1323
f 2105/63/1324 2102/63/1324 2101/63/1324 2103/63/1324
f 2103/63/1325 2101/63/1325 2104/63/1325 2033/63/1325
f 2107/63/1326 2105/63/1326 2103/63/1326 2106/63/1326
f 2106/63/1327 2103/63/1327 2033/63/1327 2035/63/1327
f 2109/63/1328 2107/63/1328 2106/63/1328 2108/63/1328
f 2108/63/1329 2106/63/1329 2035/63/1329 2037/63/1329
f 2111/63/1330 2109/63/1330 2108/63/1330 2110/63/1330
f 2110/63/1331 2108/63/1331 2037/63/1331 2039/63/1331
f 2113/63/1332 2111/63/1332 2110/63/1332 2042/63/1332
f 2114/63/1333 2112/63/1333 2111/63/1333 2113/63/1333
f 2112/63/1334 2132/63/1334 2109/63/1334 2111/63/1334
f 2116/63/1335 2114/63/1335 2113/63/1335 2115/63/1335
f 2115/63/1336 2113/63/1336 2042/63/1336 2044/63/1336
f 2117/63/1337 2116/63/1337 2115/63/1337 2047/63/1337
f 2119/63/1338 2118/63/1338 2116/63/1338 2117/63/1338
f 2118/63/1339 2120/63/1339 2114/63/1339 2116/63/1339
f 2118/63/376 2119/63/376 2123/63/376 2121/63/376
f 2120/63/376 2118/63/376 2121/63/376 2124/63/376
f 2239/83/1340 2122/165/1340 2121/166/1340 2123/167/1340
f 2122/165/1341 2125/87/1341 2124/168/1341 2121/166/1341
f 2125/87/1342 2127/169/1342 2126/170/1342 2124/168/1342
f 2129/63/376 2120/63/376 2124/63/376 2126/63/376
f 2127/169/1343 2251/85/1343 2128/171/1343 2126/170/1343
f 2130/63/376 2129/63/376 2126/63/376 2128/63/376
f 2120/63/1344 2129/63/1344 2112/63/1344 2114/63/1344
f 2129/63/1345 2130/63/1345 2132/63/1345 2112/63/1345
f 2130/63/1346 2131/63/1346 2133/63/1346 2132/63/1346
f 2131/63/376 2130/63/376 2128/63/376 2140/63/376
f 2132/63/1347 2133/63/1347 2107/63/1347 2109/63/1347
f 2133/63/1348 2134/63/1348 2105/63/1348 2107/63/1348
f 2131/63/1349 2136/63/1349 2134/63/1349 2133/63/1349
f 2134/63/1350 2135/63/1350 2102/63/1350 2105/63/1350
f 2136/63/1351 2137/63/1351 2135/63/1351 2134/63/1351
f 2136/63/376 2131/63/376 2140/63/376 2138/63/376
f 2137/63/376 2136/63/376 2138/63/376 2141/63/376
f 2252/172/1352 2139/173/1352 2138/174/1352 2140/175/1352
f 2139/173/1353 2142/89/1353 2141/176/1353 2138/174/1353
f 2142/89/1354 2144/88/1354 2143/177/1354 2141/176/1354
f 2146/63/376 2137/63/376 2141/63/376 2143/63/376
f 2144/88/1355 2262/178/1355 2145/179/1355 2143/177/1355
f 2147/63/376 2146/63/376 2143/63/376 2145/63/376
f 2137/63/1356 2146/63/1356 2148/63/1356 2135/63/1356
f 2146/63/1357 2147/63/1357 2149/63/1357 2148/63/1357
f 2135/63/1358 2148/63/1358 2100/63/1358 2102/63/1358
f 2148/63/1359 2149/63/1359 2098/63/1359 2100/63/1359
f 2149/63/1360 2150/63/1360 2096/63/1360 2098/63/1360
f 2147/63/1361 2152/63/1361 2150/63/1361 2149/63/1361
f 2150/63/1362 2151/63/1362 2094/63/1362 2096/63/1362
f 2152/63/1363 2153/63/1363 2151/63/1363 2150/63/1363
f 2152/63/376 2147/63/376 2145/63/376 2154/63/376
f 2153/63/1364 2152/63/1364 2154/63/1364 2156/63/1364
f 2262/178/1365 2155/180/1365 2154/181/1365 2145/179/1365
f 2155/180/1366 2157/111/1366 2156/182/1366 2154/181/1366
f 2157/111/1367 2159/110/1367 2158/183/1367 2156/182/1367
f 2161/63/376 2153/63/376 2156/63/376 2158/63/376
f 2159/110/1368 2271/109/1368 2160/184/1368 2158/183/1368
f 2162/63/1364 2161/63/1364 2158/63/1364 2160/63/1364
f 2153/63/1369 2161/63/1369 2163/63/1369 2151/63/1369
f 2161/63/1370 2162/63/1370 2164/63/1370 2163/63/1370
f 2151/63/1371 2163/63/1371 2092/63/1371 2094/63/1371
f 2163/63/1372 2164/63/1372 2090/63/1372 2092/63/1372
f 2164/63/1373 2165/63/1373 2088/63/1373 2090/63/1373
f 2162/63/1374 2167/63/1374 2165/63/1374 2164/63/1374
f 2165/63/1375 2166/63/1375 2086/63/1375 2088/63/1375
f 2167/63/1376 2168/63/1376 2166/63/1376 2165/63/1376
f 2167/63/1364 2162/63/1364 2160/63/1364 2169/63/1364
f 2168/63/1377 2167/63/1377 2169/63/1377 2171/63/1377
f 2271/109/1378 2170/108/1378 2169/185/1378 2160/184/1378
f 2170/108/1379 2172/186/1379 2171/187/1379 2169/185/1379
f 2172/186/1380 2174/106/1380 2173/188/1380 2171/187/1380
f 2176/63/376 2168/63/376 2171/63/376 2173/63/376
f 2174/106/1381 2280/105/1381 2175/189/1381 2173/188/1381
f 2177/63/376 2176/63/376 2173/63/376 2175/63/376
f 2168/63/1382 2176/63/1382 2178/63/1382 2166/63/1382
f 2176/63/1383 2177/63/1383 2179/63/1383 2178/63/1383
f 2166/63/1384 2178/63/1384 2084/63/1384 2086/63/1384
f 2178/63/1385 2179/63/1385 2180/63/1385 2084/63/1385
f 2179/63/1386 2181/63/1386 2182/63/1386 2180/63/1386
f 2177/63/1387 2184/63/1387 2181/63/1387 2179/63/1387
f 2181/63/1388 2183/63/1388 2350/63/1388 2182/63/1388
f 2184/63/1389 2185/63/1389 2183/63/1389 2181/63/1389
f 2184/63/376 2177/63/376 2175/63/376 2186/63/376
f 2185/63/376 2184/63/376 2186/63/376 2188/63/376
f 2280/105/1390 2187/104/1390 2186/190/1390 2175/189/1390
f 2187/104/1391 2189/191/1391 2188/192/1391 2186/190/1391
f 2189/191/1392 2191/102/1392 2190/193/1392 2188/192/1392
f 2193/63/376 2185/63/376 2188/63/376 2190/63/376
f 2191/102/1393 2289/194/1393 2192/195/1393 2190/193/1393
f 2194/63/376 2193/63/376 2190/63/376 2192/63/376
f 2185/63/1394 2193/63/1394 2195/63/1394 2183/63/1394
f 2193/63/1395 2194/63/1395 2197/63/1395 2195/63/1395
f 2183/63/1396 2195/63/1396 2196/63/1396 2350/63/1396
f 2195/63/1397 2197/63/1397 2198/63/1397 2196/63/1397
f 2197/63/1398 2199/63/1398 2200/63/1398 2198/63/1398
f 2194/63/1399 2202/63/1399 2199/63/1399 2197/63/1399
f 2199/63/1400 2201/63/1400 2065/63/1400 2200/63/1400
f 2202/63/1401 2203/63/1401 2201/63/1401 2199/63/1401
f 2202/63/376 2194/63/376 2192/63/376 2204/63/376
f 2203/63/376 2202/63/376 2204/63/376 2206/63/376
f 2289/194/1402 2205/100/1402 2204/196/1402 2192/195/1402
f 2205/100/1403 2207/197/1403 2206/198/1403 2204/196/1403
f 2207/197/1404 2209/98/1404 2208/199/1404 2206/198/1404
f 2211/63/376 2203/63/376 2206/63/376 2208/63/376
f 2209/98/1405 2298/200/1405 2210/201/1405 2208/199/1405
f 2212/63/376 2211/63/376 2208/63/376 2210/63/376
f 2203/63/1406 2211/63/1406 2213/63/1406 2201/63/1406
f 2211/63/1407 2212/63/1407 2214/63/1407 2213/63/1407
f 2201/63/1408 2213/63/1408 2063/63/1408 2065/63/1408
f 2213/63/1409 2214/63/1409 2061/63/1409 2063/63/1409
f 2214/63/1410 2215/63/1410 2059/63/1410 2061/63/1410
f 2212/63/1411 2217/63/1411 2215/63/1411 2214/63/1411
f 2215/63/1412 2216/63/1412 2057/63/1412 2059/63/1412
f 2217/63/1413 2218/63/1413 2216/63/1413 2215/63/1413
f 2217/63/376 2212/63/376 2210/63/376 2219/63/376
f 2218/63/1364 2217/63/1364 2219/63/1364 2221/63/1364
f 2298/200/1414 2220/202/1414 2219/203/1414 2210/201/1414
f 2220/202/1415 2222/95/1415 2221/204/1415 2219/203/1415
f 2222/95/1416 2224/94/1416 2223/205/1416 2221/204/1416
f 2226/63/376 2218/63/376 2221/63/376 2223/63/376
f 2224/94/1417 2307/93/1417 2225/206/1417 2223/205/1417
f 2227/63/376 2226/63/376 2223/63/376 2225/63/376
f 2218/63/1418 2226/63/1418 2228/63/1418 2216/63/1418
f 2226/63/1419 2227/63/1419 2229/63/1419 2228/63/1419
f 2216/63/1420 2228/63/1420 2055/63/1420 2057/63/1420
f 2228/63/1421 2229/63/1421 2053/63/1421 2055/63/1421
f 2229/63/1422 2230/63/1422 2051/63/1422 2053/63/1422
f 2227/63/1423 2232/63/1423 2230/63/1423 2229/63/1423
f 2230/63/1424 2231/63/1424 2049/63/1424 2051/63/1424
f 2232/63/1425 2233/63/1425 2231/63/1425 2230/63/1425
f 2232/63/376 2227/63/376 2225/63/376 2234/63/376
f 2233/63/376 2232/63/376 2234/63/376 2236/63/376
f 2307/93/1426 2235/92/1426 2234/207/1426 2225/206/1426
f 2235/92/1427 2237/208/1427 2236/209/1427 2234/207/1427
f 2237/208/1428 2239/83/1428 2123/167/1428 2236/209/1428
f 2119/63/376 2233/63/376 2236/63/376 2123/63/376
f 2308/210/1429 2238/211/1429 2237/212/1429 2235/213/1429
f 2238/211/1430 2240/214/1430 2239/83/1430 2237/212/1430
f 2240/214/1431 2242/215/1431 2122/165/1431 2239/83/1431
f 2310/81/1432 2241/83/1432 2240/214/1432 2238/211/1432
f 2241/83/1433 2243/216/1433 2242/215/1433 2240/214/1433
f 2243/216/1434 2245/217/1434 2244/218/1434 2242/215/1434
f 2242/215/1435 2244/218/1435 2125/87/1435 2122/165/1435
f 2245/217/1436 2247/86/1436 2246/219/1436 2244/218/1436
f 2244/218/1437 2246/219/1437 2127/169/1437 2125/87/1437
f 2247/86/1438 2249/85/1438 2248/220/1438 2246/219/1438
f 2246/219/1439 2248/220/1439 2251/85/1439 2127/169/1439
f 2249/85/1440 2253/91/1440 2250/221/1440 2248/220/1440
f 2248/220/1441 2250/221/1441 2252/172/1441 2251/85/1441
f 2251/85/1442 2252/172/1442 2140/175/1442 2128/171/1442
f 2250/221/1443 2254/222/1443 2139/173/1443 2252/172/1443
f 2253/91/1444 2255/173/1444 2254/222/1444 2250/221/1444
f 2255/173/1445 2257/153/1445 2256/223/1445 2254/222/1445
f 2254/222/1446 2256/223/1446 2142/89/1446 2139/173/1446
f 2257/153/1447 2259/88/1447 2258/224/1447 2256/223/1447
f 2256/223/1448 2258/224/1448 2144/88/1448 2142/89/1448
f 2259/88/1449 2261/113/1449 2260/225/1449 2258/224/1449
f 2258/224/1450 2260/225/1450 2262/226/1450 2144/88/1450
f 2261/113/1451 2264/112/1451 2263/227/1451 2260/225/1451
f 2260/225/1452 2263/227/1452 2155/228/1452 2262/226/1452
f 2264/112/1453 2266/229/1453 2265/230/1453 2263/227/1453
f 2263/227/1454 2265/230/1454 2157/111/1454 2155/228/1454
f 2266/229/1455 2268/110/1455 2267/231/1455 2265/230/1455
f 2265/230/1456 2267/231/1456 2159/110/1456 2157/111/1456
f 2268/110/1457 2270/109/1457 2269/232/1457 2267/231/1457
f 2267/231/1458 2269/232/1458 2271/233/1458 2159/110/1458
f 2270/109/1459 2273/108/1459 2272/234/1459 2269/232/1459
f 2269/232/1460 2272/234/1460 2170/108/1460 2271/233/1460
f 2273/108/1461 2275/235/1461 2274/236/1461 2272/234/1461
f 2272/234/1462 2274/236/1462 2172/107/1462 2170/108/1462
f 2275/235/1463 2277/106/1463 2276/237/1463 2274/236/1463
f 2274/236/1464 2276/237/1464 2174/106/1464 2172/107/1464
f 2277/106/1465 2279/136/1465 2278/238/1465 2276/237/1465
f 2276/237/1466 2278/238/1466 2280/105/1466 2174/106/1466
f 2279/136/1467 2282/239/1467 2281/240/1467 2278/238/1467
f 2278/238/1468 2281/240/1468 2187/104/1468 2280/105/1468
f 2282/239/1469 2284/103/1469 2283/241/1469 2281/240/1469
f 2281/240/1470 2283/241/1470 2189/191/1470 2187/104/1470
f 2284/103/1471 2286/102/1471 2285/242/1471 2283/241/1471
f 2283/241/1472 2285/242/1472 2191/102/1472 2189/191/1472
f 2286/102/1473 2288/101/1473 2287/243/1473 2285/242/1473
f 2285/242/1474 2287/243/1474 2289/194/1474 2191/102/1474
f 2288/101/1475 2291/100/1475 2290/244/1475 2287/243/1475
f 2287/243/1476 2290/244/1476 2205/100/1476 2289/194/1476
f 2291/100/1477 2293/99/1477 2292/245/1477 2290/244/1477
f 2290/244/1478 2292/245/1478 2207/197/1478 2205/100/1478
f 2293/99/1479 2295/98/1479 2294/246/1479 2292/245/1479
f 2292/245/1480 2294/246/1480 2209/98/1480 2207/197/1480
f 2295/98/1481 2297/97/1481 2296/247/1481 2294/246/1481
f 2294/246/1482 2296/247/1482 2298/248/1482 2209/98/1482
f 2297/97/1483 2300/96/1483 2299/249/1483 2296/247/1483
f 2296/247/1484 2299/249/1484 2220/250/1484 2298/248/1484
f 2300/96/1485 2302/95/1485 2301/251/1485 2299/249/1485
f 2299/249/1486 2301/251/1486 2222/95/1486 2220/250/1486
f 2302/95/1487 2304/94/1487 2303/252/1487 2301/251/1487
f 2301/251/1488 2303/252/1488 2224/94/1488 2222/95/1488
f 2304/94/1489 2306/93/1489 2305/253/1489 2303/252/1489
f 2303/252/1490 2305/253/1490 2307/93/1490 2224/94/1490
f 2306/93/1491 2309/92/1491 2308/210/1491 2305/253/1491
f 2305/253/1492 2308/210/1492 2235/213/1492 2307/93/1492
f 2309/92/1493 2310/81/1493 2238/211/1493 2308/210/1493
f 2313/93/1494 2311/92/1494 2309/92/1494 2306/93/1494
f 2311/92/1495 2312/81/1495 2310/81/1495 2309/92/1495
f 2341/85/221 2342/86/221 2344/87/221 2345/84/221 2346/83/221 2312/81/221 2311/92/221 2313/93/221 2314/94/221 2315/95/221 2317/96/221 2318/97/221 2319/98/221 2320/99/221 2321/100/221 2322/101/221 2323/102/221 2324/103/221 2326/104/221 2327/105/221 2328/106/221 2329/107/221 2330/108/221 2331/109/221 2332/110/221 2333/111/221 2335/112/221 2336/113/221 2337/88/221 2338/89/221 2339/90/221 2340/91/221
f 2314/94/1496 2313/93/1496 2306/93/1496 2316/94/1496
f 2315/95/1497 2314/94/1497 2316/94/1497 2302/95/1497
f 2302/95/221 2316/94/221 2304/94/221
f 2316/94/221 2306/93/221 2304/94/221
f 2317/96/1498 2315/95/1498 2302/95/1498 2300/96/1498
f 2318/97/1499 2317/96/1499 2300/96/1499 2297/97/1499
f 2319/98/1500 2318/97/1500 2297/97/1500 2295/98/1500
f 2320/99/1501 2319/98/1501 2295/98/1501 2293/99/1501
f 2321/100/1502 2320/99/1502 2293/99/1502 2291/100/1502
f 2322/101/1503 2321/100/1503 2291/100/1503 2288/101/1503
f 2323/102/1504 2322/101/1504 2288/101/1504 2325/102/1504
f 2324/103/1505 2323/102/1505 2325/102/1505 2284/103/1505
f 2284/103/1506 2325/102/1506 2286/102/1506
f 2325/102/221 2288/101/221 2286/102/221
f 2326/104/1507 2324/103/1507 2284/103/1507 2282/104/1507
f 2327/105/1508 2326/104/1508 2282/104/1508 2279/105/1508
f 2328/106/1509 2327/105/1509 2279/105/1509 2277/106/1509
f 2329/107/1510 2328/106/1510 2277/106/1510 2275/107/1510
f 2330/108/1511 2329/107/1511 2275/107/1511 2273/108/1511
f 2331/109/1512 2330/108/1512 2273/108/1512 2270/109/1512
f 2332/110/1513 2331/109/1513 2270/109/1513 2334/110/1513
f 2333/111/1514 2332/110/1514 2334/110/1514 2266/111/1514
f 2266/111/221 2334/110/221 2268/110/221
f 2334/110/221 2270/109/221 2268/110/221
f 2335/112/1515 2333/111/1515 2266/111/1515 2264/112/1515
f 2336/113/1516 2335/112/1516 2264/112/1516 2261/113/1516
f 2337/88/1517 2336/113/1517 2261/113/1517 2259/88/1517
f 2338/89/1518 2337/88/1518 2259/88/1518 2257/89/1518
f 2339/90/1519 2338/89/1519 2257/89/1519 2255/90/1519
f 2340/91/1520 2339/90/1520 2255/90/1520 2253/91/1520
f 2341/85/1521 2340/91/1521 2253/91/1521 2343/85/1521
f 2342/86/1522 2341/85/1522 2343/85/1522 2247/86/1522
f 2247/86/221 2343/85/221 2249/85/221
f 2343/85/221 2253/91/221 2249/85/221
f 2344/87/1523 2342/86/1523 2247/86/1523 2245/87/1523
f 2345/84/1524 2344/87/1524 2245/87/1524 2243/84/1524
f 2346/83/1525 2345/84/1525 2243/84/1525 2241/83/1525
f 2312/81/1526 2346/83/1526 2241/83/1526 2310/81/1526
f 2233/63/1527 2119/63/1527 2117/63/1527 2231/63/1527
f 2231/63/1528 2117/63/1528 2047/63/1528 2049/63/1528
f 2198/63/1529 2200/63/1529 2066/63/1529 2347/63/1529
f 2196/63/1530 2198/63/1530 2347/63/1530 2348/63/1530
f 2348/63/1531 2347/63/1531 2069/63/1531 2074/63/1531
f 2350/63/1532 2196/63/1532 2348/63/1532 2349/63/1532
f 2349/63/1533 2348/63/1533 2074/63/1533 2076/63/1533
f 2182/63/1534 2350/63/1534 2349/63/1534 2079/63/1534
f 2180/63/1535 2182/63/1535 2079/63/1535 2081/63/1535
f 1846/88/24 2014/89/24 2016/89/24
f 1999/155/1536 2005/113/1536 2351/112/1536 1996/254/1536
f 2005/113/43 2352/113/43 2353/112/43 2351/112/43
f 2354/113/24 2352/113/24 1846/255/24
f 2355/112/24 2353/112/24 2352/113/24 2354/113/24
f 2354/63/1537 1850/63/1537 2356/111/1537 2355/112/1537
f 2356/111/24 2358/111/24 2353/112/24 2355/112/24
f 2357/110/24 2359/110/24 2358/111/24 2356/111/24
f 2356/63/1538 1850/63/1538 1852/63/1538 1972/63/1538 2357/63/1538
f 2351/112/41 2353/112/41 2358/111/41 2360/111/41
f 2360/111/37 2358/111/37 2359/110/37 2361/110/37
f 1996/254/1539 2351/112/1539 2360/111/1539 1993/256/1539
f 1993/256/1540 2360/111/1540 2361/110/1540 1990/257/1540
f 1990/257/1541 2361/110/1541 1977/109/1541 1987/149/1541
f 2361/110/36 2359/110/36 1974/109/36 1977/109/36
f 1972/109/24 1974/109/24 2359/110/24 2357/110/24
f 1888/127/1542 1894/125/1542 2362/96/1542 1885/258/1542
f 1894/125/92 2363/97/92 2364/96/92 2362/96/92
f 2365/97/24 2363/97/24 1893/98/24
f 2366/96/24 2364/96/24 2363/97/24 2365/97/24
f 1857/95/24 1859/95/24 2364/96/24 2366/96/24
f 2362/96/91 2364/96/91 1859/95/91 1863/95/91
f 1885/258/1543 2362/96/1543 1863/95/1543 1882/120/1543
f 2367/85/221 2370/86/221 2371/87/221 2376/84/221 2377/83/221 2378/81/221 2379/92/221 2384/93/221 2385/94/221 2386/95/221 2387/96/221 2392/97/221 2393/98/221 2394/99/221 2395/100/221 2400/101/221 2401/102/221 2402/103/221 2403/104/221 2408/105/221 2409/106/221 2410/107/221 2411/108/221 2416/109/221 2417/110/221 2418/111/221 2419/112/221 2424/113/221 2425/88/221 2426/89/221 2427/90/221 2368/91/221
f 2367/275/445 2368/276/445 2430/281/445 2369/282/445
f 2370/269/447 2367/272/447 2369/283/447 2372/284/447
f 2371/266/448 2370/269/448 2372/284/448 2373/328/448
f 2430/294/376 2429/295/376 2428/296/376 2423/297/376 2422/298/376 2421/299/376 2420/300/376 2415/301/376 2414/302/376 2413/303/376 2412/304/376 2407/305/376 2406/306/376 2405/307/376 2404/308/376 2399/309/376 2398/310/376 2397/311/376 2396/312/376 2391/313/376 2390/314/376 2389/315/376 2388/316/376 2383/317/376 2382/318/376 2381/319/376 2380/320/376 2375/321/376 2374/322/376 2373/323/376 2372/324/376 2369/325/376
f 2376/263/449 2371/266/449 2373/328/449 2374/327/449
f 2377/260/1164 2376/263/1164 2374/327/1164 2375/326/1164
f 2378/60/1163 2377/260/1163 2375/326/1163 2380/146/1163
f 2379/57/25 2378/60/25 2380/146/25 2381/145/25
f 2384/2/26 2379/57/26 2381/145/26 2382/3/26
f 2385/1/18 2384/2/18 2382/3/18 2383/4/18
f 2386/5/17 2385/1/17 2383/4/17 2388/6/17
f 2387/7/16 2386/5/16 2388/6/16 2389/8/16
f 2392/9/15 2387/7/15 2389/8/15 2390/10/15
f 2393/11/14 2392/9/14 2390/10/14 2391/12/14
f 2394/13/13 2393/11/13 2391/12/13 2396/14/13
f 2395/15/12 2394/13/12 2396/14/12 2397/16/12
f 2400/17/11 2395/15/11 2397/16/11 2398/18/11
f 2401/19/10 2400/17/10 2398/18/10 2399/20/10
f 2402/21/9 2401/19/9 2399/20/9 2404/22/9
f 2403/23/8 2402/21/8 2404/22/8 2405/24/8
f 2408/25/7 2403/23/7 2405/24/7 2406/26/7
f 2409/27/6 2408/25/6 2406/26/6 2407/28/6
f 2410/29/5 2409/27/5 2407/28/5 2412/30/5
f 2411/31/4 2410/29/4 2412/30/4 2413/32/4
f 2416/33/3 2411/31/3 2413/32/3 2414/34/3
f 2417/35/2 2416/33/2 2414/34/2 2415/36/2
f 2418/37/1 2417/35/1 2415/36/1 2420/38/1
f 2419/147/19 2418/37/19 2420/38/19 2421/68/19
f 2424/148/20 2419/147/20 2421/68/20 2422/69/20
f 2425/329/1166 2424/148/1166 2422/69/1166 2423/293/1166
f 2426/330/1165 2425/329/1165 2423/293/1165 2428/290/1165
f 2427/331/440 2426/330/440 2428/290/440 2429/287/440
f 2368/276/441 2427/331/441 2429/287/441 2430/281/441
f 2434/63/1544 2444/63/1544 2446/63/1544 2473/63/1544 2643/63/1544 2644/63/1544 2432/63/1544 2431/63/1544
f 2431/63/221 2435/63/221 2436/63/221 2432/63/221
f 2431/63/221 2432/63/221 3256/63/221 2433/63/221
f 2433/63/1545 3257/63/1545 2434/63/1545 2431/63/1545
f 2436/63/1546 2435/63/1546 2437/63/1546 2438/63/1546 2459/63/1546 2461/63/1546 2645/63/1546 2658/63/1546
f 2441/63/376 2442/63/376 2440/63/376 2439/63/376
f 2442/63/376 2441/63/376 2443/63/376 3005/63/376 3003/332/376 2890/333/376 3018/272/376 2879/333/376 2878/334/376 2861/335/376 2860/336/376 2843/337/376 2842/338/376 2825/339/376 2824/340/376 2807/341/376 2806/342/376
f 2434/63/1547 3257/63/1547 2443/63/1547 2441/63/1547
f 2445/343/1548 2444/63/1548 2448/342/1548 2815/341/1548 2816/340/1548 2833/339/1548 2834/338/1548 2851/337/1548 2852/344/1548 2869/335/1548 2870/334/1548 2887/333/1548 2888/272/1548 2889/333/1548 2891/345/1548 2904/346/1548 2917/347/1548 2930/348/1548 2943/349/1548 2956/350/1548 2969/351/1548 2982/352/1548 2995/332/1548 2447/63/1548 3255/343/1548 3280/353/1548 3969/354/1548 3968/355/1548 3966/356/1548 3964/357/1548 3962/358/1548 3286/359/1548 3288/359/1548 3961/358/1548 3836/357/1548 3835/356/1548 3833/355/1548 3294/353/1548
f 3313/343/1548 2432/63/1548 2644/63/1548 2643/63/1548 2473/63/1548 2446/63/1548 2444/63/1548 2445/343/1548 3297/360/1548 3827/361/1548 3707/362/1548 3706/363/1548 3704/364/1548 3303/365/1548 3305/365/1548 3581/364/1548 3580/366/1548 3311/360/1548
f 2446/63/1548 2452/63/1548 2451/63/1548 2444/63/1548
f 2447/63/1549 2444/63/1549 2434/63/1549 3257/63/1549
f 2448/342/1548 2444/63/1548 2450/367/1548 2800/368/1548
f 2438/63/1548 3246/63/1548 3245/63/1548 3247/63/1548 3064/63/1548 2449/63/1548 2444/63/1548
f 2444/63/1548 2449/63/1548 3065/63/1548 3089/63/1548 3090/63/1548 3091/63/1548 2442/63/1548
f 2444/63/1548 2442/63/1548 2799/369/1548 2450/367/1548
f 2444/63/1548 2451/63/1548 2453/63/1548 2438/63/1548
f 2452/63/24 2455/63/24 2454/63/24 2451/63/24
f 2451/63/221 2454/63/221 2456/63/221 2453/63/221
f 2455/63/1548 2457/63/1548 2456/63/1548 2454/63/1548
f 2453/63/29 2456/63/29 2457/63/29 2458/63/29
f 2458/63/376 2457/63/376 2455/63/376 2452/63/376
f 2459/63/1548 2458/63/1548 2452/63/1548 2446/63/1548
f 2438/63/1548 2453/63/1548 2458/63/1548 2459/63/1548
f 2459/370/1548 2460/370/1548 2465/371/1548 2462/372/1548
f 2461/63/1548 2459/370/1548 2462/372/1548 2466/63/1548
f 2463/373/1550 2635/374/1550 2464/375/1550 2462/372/1550
f 2642/376/1551 2463/373/1551 2462/372/1551 2465/371/1551
f 2467/377/1552 2466/378/1552 2468/379/1552 2555/379/1552
f 2543/380/1550 2468/379/1550 2466/378/1550 2469/381/1550
f 2461/63/1548 2466/63/1548 2470/63/1548 2473/63/1548
f 2471/382/1553 2470/383/1553 2472/379/1553 2542/384/1553
f 2470/383/1552 2467/377/1552 2555/379/1552 2472/379/1552
f 2473/63/1548 2470/63/1548 2474/63/1548 2446/63/1548
f 2474/385/1553 2476/386/1553 2478/374/1553 2475/387/1553
f 2475/387/1551 2642/376/1551 2465/371/1551 2474/385/1551
f 2460/370/1548 2446/388/1548 2474/385/1548 2465/371/1548
f 2477/389/1548 2481/389/1548 2479/386/1548 2476/386/1548
f 2476/386/1552 2479/386/1552 2480/390/1552 2478/374/1552
f 2479/386/1552 2464/375/1552 2635/374/1552 2480/390/1552
f 2479/386/1548 2481/389/1548 2483/389/1548 2464/375/1548
f 2482/391/1551 2484/391/1551 2483/389/1551 2481/389/1551
f 2628/392/1551 2482/391/1551 2481/389/1551 2477/389/1551
f 2484/391/1550 2487/393/1550 2485/394/1550 2483/389/1550
f 2486/395/1552 2485/394/1552 2487/393/1552 2627/396/1552
f 2488/397/1548 2485/394/1548 2486/395/1548 2491/397/1548
f 2489/398/1550 2613/399/1550 2490/400/1550 2488/397/1550
f 2492/398/1551 2489/398/1551 2488/397/1551 2491/397/1551
f 2495/401/1551 2492/398/1551 2491/397/1551 2493/397/1551
f 2494/402/1548 2493/397/1548 2491/397/1548 2486/395/1548
f 2493/397/1553 2496/400/1553 2498/399/1553 2495/401/1553
f 2496/400/1548 2497/403/1548 2501/404/1548 2499/400/1548
f 2496/400/1552 2499/400/1552 2500/399/1552 2498/399/1552
f 2499/400/1552 2490/400/1552 2613/399/1552 2500/399/1552
f 2499/400/1548 2501/404/1548 2503/404/1548 2490/400/1548
f 2599/405/1551 2502/405/1551 2501/404/1551 2497/403/1551
f 2502/405/1551 2504/405/1551 2503/404/1551 2501/404/1551
f 2504/405/1550 2507/406/1550 2505/407/1550 2503/404/1550
f 2506/408/1552 2505/407/1552 2507/406/1552 2600/409/1552
f 2508/410/1548 2505/407/1548 2506/408/1548 2511/411/1548
f 2509/412/1550 2585/413/1550 2510/414/1550 2508/410/1550
f 2512/415/1551 2509/412/1551 2508/410/1551 2511/411/1551
f 2515/416/1551 2512/415/1551 2511/411/1551 2513/411/1551
f 2514/417/1548 2513/411/1548 2511/411/1548 2506/408/1548
f 2513/411/1553 2516/418/1553 2518/413/1553 2515/416/1553
f 2516/418/1548 2517/419/1548 2521/419/1548 2519/418/1548
f 2516/418/1552 2519/418/1552 2520/413/1552 2518/413/1552
f 2519/418/1552 2510/414/1552 2585/413/1552 2520/413/1552
f 2519/418/1548 2521/419/1548 2523/419/1548 2510/414/1548
f 2571/420/1551 2522/420/1551 2521/419/1551 2517/419/1551
f 2522/420/1551 2524/420/1551 2523/419/1551 2521/419/1551
f 2524/420/1550 2526/421/1550 2525/422/1550 2523/419/1550
f 2526/421/1552 2572/421/1552 2527/422/1552 2525/422/1552
f 2528/423/1548 2525/422/1548 2527/422/1548 2531/424/1548
f 2529/425/1550 2557/426/1550 2530/427/1550 2528/423/1550
f 2528/423/1551 2531/424/1551 2532/428/1551 2529/425/1551
f 2531/424/1551 2533/429/1551 2535/428/1551 2532/428/1551
f 2534/422/1548 2533/429/1548 2531/424/1548 2527/422/1548
f 2533/429/1553 2536/430/1553 2537/431/1553 2535/428/1553
f 2536/430/1548 2471/382/1548 2540/381/1548 2538/430/1548
f 2536/430/1552 2538/430/1552 2539/432/1552 2537/431/1552
f 2538/430/1552 2530/427/1552 2557/426/1552 2539/432/1552
f 2538/430/1548 2540/381/1548 2469/381/1548 2530/427/1548
f 2542/384/1551 2541/380/1551 2540/381/1551 2471/382/1551
f 2541/380/1551 2543/380/1551 2469/381/1551 2540/381/1551
f 2541/380/221 2542/384/221 2545/384/221 2544/380/221
f 2543/380/221 2541/380/221 2544/380/221 2546/380/221
f 2544/380/376 2545/384/376 2548/384/376 2547/380/376
f 2546/380/376 2544/380/376 2547/380/376 2549/380/376
f 2548/384/1548 2556/379/1548 2551/379/1548 2550/433/1548 2549/380/1548 2547/380/1548
f 2552/433/24 2546/380/24 2549/380/24 2550/433/24
f 2553/379/221 2552/433/221 2550/433/221 2551/379/221
f 2555/379/376 2468/379/376 2552/433/376 2553/379/376
f 2468/379/29 2543/380/29 2546/380/29 2552/433/29
f 2554/379/221 2553/379/221 2551/379/221 2556/379/221
f 2472/379/376 2555/379/376 2553/379/376 2554/379/376
f 2545/384/29 2554/379/29 2556/379/29 2548/384/29
f 2542/384/24 2472/379/24 2554/379/24 2545/384/24
f 2539/432/376 2557/426/376 2559/426/376 2558/432/376
f 2537/431/376 2539/432/376 2558/432/376 2560/431/376
f 2558/432/221 2559/426/221 2562/426/221 2561/432/221
f 2560/431/221 2558/432/221 2561/432/221 2563/431/221
f 2561/432/1548 2562/426/1548 2569/425/1548 2565/428/1548 2564/428/1548 2563/431/1548
f 2566/428/29 2560/431/29 2563/431/29 2564/428/29
f 2567/428/376 2566/428/376 2564/428/376 2565/428/376
f 2532/428/221 2535/428/221 2566/428/221 2567/428/221
f 2535/428/24 2537/431/24 2560/431/24 2566/428/24
f 2568/425/376 2567/428/376 2565/428/376 2569/425/376
f 2529/425/221 2532/428/221 2567/428/221 2568/425/221
f 2559/426/24 2568/425/24 2569/425/24 2562/426/24
f 2557/426/29 2529/425/29 2568/425/29 2559/426/29
f 2517/419/1553 2534/422/1553 2570/421/1553 2571/420/1553
f 2572/421/1552 2570/421/1552 2534/422/1552 2527/422/1552
f 2571/420/24 2570/421/24 2573/421/24 2574/420/24
f 2570/421/376 2572/421/376 2575/421/376 2573/421/376
f 2574/420/29 2573/421/29 2576/421/29 2577/420/29
f 2573/421/221 2575/421/221 2578/421/221 2576/421/221
f 2577/420/1548 2576/421/1548 2578/421/1548 2579/421/1548 2580/420/1548 2584/420/1548
f 2575/421/221 2581/421/221 2579/421/221 2578/421/221
f 2581/421/24 2582/420/24 2580/420/24 2579/421/24
f 2572/421/376 2526/421/376 2581/421/376 2575/421/376
f 2526/421/29 2524/420/29 2582/420/29 2581/421/29
f 2582/420/376 2583/420/376 2584/420/376 2580/420/376
f 2524/420/221 2522/420/221 2583/420/221 2582/420/221
f 2583/420/376 2574/420/376 2577/420/376 2584/420/376
f 2522/420/221 2571/420/221 2574/420/221 2583/420/221
f 2520/413/376 2585/413/376 2587/434/376 2586/413/376
f 2518/413/376 2520/413/376 2586/413/376 2588/413/376
f 2586/413/221 2587/434/221 2590/434/221 2589/413/221
f 2588/413/221 2586/413/221 2589/413/221 2591/413/221
f 2589/413/1548 2590/434/1548 2597/435/1548 2593/415/1548 2592/416/1548 2591/413/1548
f 2594/416/29 2588/413/29 2591/413/29 2592/416/29
f 2595/415/376 2594/416/376 2592/416/376 2593/415/376
f 2512/415/221 2515/416/221 2594/416/221 2595/415/221
f 2515/416/24 2518/413/24 2588/413/24 2594/416/24
f 2596/435/376 2595/415/376 2593/415/376 2597/435/376
f 2509/412/221 2512/415/221 2595/415/221 2596/435/221
f 2587/434/24 2596/435/24 2597/435/24 2590/434/24
f 2585/413/29 2509/412/29 2596/435/29 2587/434/29
f 2497/403/1553 2514/417/1553 2598/409/1553 2599/405/1553
f 2514/417/1552 2506/408/1552 2600/409/1552 2598/409/1552
f 2599/405/24 2598/409/24 2601/436/24 2602/405/24
f 2598/409/376 2600/409/376 2603/436/376 2601/436/376
f 2602/405/29 2601/436/29 2604/436/29 2605/405/29
f 2601/436/221 2603/436/221 2606/436/221 2604/436/221
f 2605/405/1548 2604/436/1548 2606/436/1548 2607/406/1548 2608/437/1548 2612/405/1548
f 2603/436/221 2609/406/221 2607/406/221 2606/436/221
f 2609/406/24 2610/437/24 2608/437/24 2607/406/24
f 2600/409/376 2507/406/376 2609/406/376 2603/436/376
f 2507/406/29 2504/405/29 2610/437/29 2609/406/29
f 2610/437/376 2611/405/376 2612/405/376 2608/437/376
f 2504/405/221 2502/405/221 2611/405/221 2610/437/221
f 2611/405/376 2602/405/376 2605/405/376 2612/405/376
f 2502/405/221 2599/405/221 2602/405/221 2611/405/221
f 2500/399/376 2613/399/376 2615/399/376 2614/399/376
f 2498/399/376 2500/399/376 2614/399/376 2616/399/376
f 2614/399/221 2615/399/221 2618/399/221 2617/399/221
f 2616/399/221 2614/399/221 2617/399/221 2619/399/221
f 2617/399/1548 2618/399/1548 2625/398/1548 2621/398/1548 2620/401/1548 2619/399/1548
f 2622/401/29 2616/399/29 2619/399/29 2620/401/29
f 2623/398/376 2622/401/376 2620/401/376 2621/398/376
f 2492/398/221 2495/401/221 2622/401/221 2623/398/221
f 2495/401/24 2498/399/24 2616/399/24 2622/401/24
f 2624/398/376 2623/398/376 2621/398/376 2625/398/376
f 2489/398/221 2492/398/221 2623/398/221 2624/398/221
f 2615/399/24 2624/398/24 2625/398/24 2618/399/24
f 2613/399/29 2489/398/29 2624/398/29 2615/399/29
f 2494/402/1552 2486/395/1552 2627/396/1552 2626/438/1552
f 2477/389/1553 2494/402/1553 2626/438/1553 2628/392/1553
f 2626/438/376 2627/396/376 2630/396/376 2629/438/376
f 2628/392/24 2626/438/24 2629/438/24 2631/392/24
f 2630/396/1548 2634/439/1548 2633/391/1548 2632/391/1548 2631/392/1548 2629/438/1548
f 2482/391/221 2628/392/221 2631/392/221 2632/391/221
f 2484/391/221 2482/391/221 2632/391/221 2633/391/221
f 2487/393/29 2484/391/29 2633/391/29 2634/439/29
f 2627/396/376 2487/393/376 2634/439/376 2630/396/376
f 2478/374/376 2480/390/376 2636/390/376 2637/374/376
f 2480/390/376 2635/374/376 2638/374/376 2636/390/376
f 2641/387/1548 2637/374/1548 2636/390/1548 2638/374/1548 2639/373/1548 2640/376/1548
f 2635/374/29 2463/373/29 2639/373/29 2638/374/29
f 2463/373/221 2642/376/221 2640/376/221 2639/373/221
f 2642/376/221 2475/387/221 2641/387/221 2640/376/221
f 2475/387/24 2478/374/24 2637/374/24 2641/387/24
f 2473/63/1548 2643/63/1548 2645/63/1548 2461/63/1548
f 2643/63/1548 2644/63/1548 2651/63/1548 2646/63/1548
f 2646/63/1548 2650/63/1548 2645/63/1548 2643/63/1548
f 2647/440/1551 2743/433/1551 2648/441/1551 2646/441/1551
f 2746/380/1553 2647/440/1553 2646/441/1553 2649/442/1553
f 2652/401/1553 2676/443/1553 2653/444/1553 2651/445/1553
f 2679/398/1552 2652/401/1552 2651/445/1552 2654/446/1552
f 2658/63/1548 2655/63/1548 2651/63/1548 2644/63/1548
f 2655/447/1550 2657/444/1550 2664/443/1550 2656/398/1550
f 2658/63/1554 2645/63/1554 2650/63/1554 2728/448/1554 2725/449/1554 2722/450/1554 2720/421/1554 2699/420/1554 2703/451/1554 2704/435/1554 2662/406/1554 2659/452/1554 2664/443/1554 2656/398/1554 2655/447/1554
f 2656/398/1552 2679/398/1552 2654/446/1552 2655/447/1552
f 2681/453/1552 2660/453/1552 2659/452/1552 2661/405/1552
f 2660/453/1550 2719/454/1550 2662/406/1550 2659/452/1550
f 2661/405/376 2659/452/376 2663/452/376 2789/405/376
f 2659/452/29 2662/406/29 2781/406/29 2663/452/29
f 2665/399/1551 2664/443/1551 2657/444/1551 2680/444/1551
f 2656/398/29 2664/443/29 2666/443/29 2667/398/29
f 2664/443/221 2665/399/221 2668/399/221 2666/443/221
f 2667/398/24 2666/443/24 2669/443/24 2670/398/24
f 2666/443/376 2668/399/376 2671/399/376 2669/443/376
f 2672/443/1548 2673/401/1548 2678/398/1548 2670/398/1548 2669/443/1548 2671/399/1548
f 2668/399/376 2674/443/376 2672/443/376 2671/399/376
f 2674/443/29 2675/401/29 2673/401/29 2672/443/29
f 2676/443/24 2652/401/24 2675/401/24 2674/443/24
f 2665/399/221 2676/443/221 2674/443/221 2668/399/221
f 2676/443/1551 2665/399/1551 2680/444/1551 2653/444/1551
f 2675/401/221 2677/398/221 2678/398/221 2673/401/221
f 2652/401/376 2679/398/376 2677/398/376 2675/401/376
f 2677/398/221 2667/398/221 2670/398/221 2678/398/221
f 2679/398/376 2656/398/376 2667/398/376 2677/398/376
f 2682/453/1548 2653/444/1548 2680/444/1548 2657/444/1548 2660/453/1548 2681/453/1548
f 2681/453/1555 2660/453/1555 2657/444/1555 2680/444/1555
f 2682/453/1552 2681/453/1552 2661/405/1552 2683/405/1552
f 2683/405/1553 2685/406/1553 2684/454/1553 2682/453/1553
f 2685/406/1551 2779/406/1551 2686/455/1551 2684/454/1551
f 2719/454/1548 2702/456/1548 2689/457/1548 2687/456/1548 2684/454/1548 2686/455/1548
f 2687/456/1552 2689/457/1552 2718/415/1552 2688/416/1552
f 2688/416/1553 2691/413/1553 2690/458/1553 2687/456/1553
f 2691/413/1551 2705/413/1551 2692/458/1551 2690/458/1551
f 2693/459/1548 2690/458/1548 2692/458/1548 2696/460/1548
f 2694/420/1553 2766/421/1553 2695/461/1553 2693/459/1553
f 2693/459/1552 2696/460/1552 2697/420/1552 2694/420/1552
f 2696/460/1552 2698/460/1552 2699/420/1552 2697/420/1552
f 2696/460/1548 2692/458/1548 2701/462/1548 2698/460/1548
f 2698/460/1550 2700/461/1550 2720/421/1550 2699/420/1550
f 2702/456/1550 2701/462/1550 2703/451/1550 2704/435/1550
f 2705/413/1551 2703/451/1551 2701/462/1551 2692/458/1551
f 2704/435/29 2703/451/29 2706/451/29 2707/435/29
f 2703/451/221 2705/413/221 2708/413/221 2706/451/221
f 2707/435/24 2706/451/24 2709/451/24 2710/435/24
f 2706/451/376 2708/413/376 2711/413/376 2709/451/376
f 2717/415/1548 2710/435/1548 2709/451/1548 2711/413/1548 2712/413/1548 2713/416/1548
f 2708/413/376 2714/413/376 2712/413/376 2711/413/376
f 2714/413/29 2715/416/29 2713/416/29 2712/413/29
f 2705/413/221 2691/413/221 2714/413/221 2708/413/221
f 2691/413/24 2688/416/24 2715/416/24 2714/413/24
f 2715/416/221 2716/415/221 2717/415/221 2713/416/221
f 2688/416/376 2718/415/376 2716/415/376 2715/416/376
f 2716/415/221 2707/435/221 2710/435/221 2717/415/221
f 2718/415/376 2704/435/376 2707/435/376 2716/415/376
f 2689/457/1552 2702/456/1552 2704/435/1552 2718/415/1552
f 2779/406/1551 2662/406/1551 2719/454/1551 2686/455/1551
f 2765/463/1551 2720/421/1551 2700/461/1551 2721/461/1551
f 2700/461/1548 2722/450/1548 2723/464/1548 2721/461/1548
f 2723/464/1552 2722/450/1552 2724/428/1552 2752/428/1552
f 2722/450/1550 2725/449/1550 2726/432/1550 2724/428/1550
f 2747/426/1551 2726/432/1551 2725/449/1551 2727/449/1551
f 2729/448/1548 2649/442/1548 2748/449/1548 2727/449/1548 2725/449/1548 2728/448/1548
f 2729/448/1552 2728/448/1552 2730/380/1552 2731/465/1552
f 2728/448/1550 2650/441/1550 2732/433/1550 2730/380/1550
f 2731/465/376 2730/380/376 2733/380/376 2734/465/376
f 2730/380/29 2732/433/29 2735/433/29 2733/380/29
f 2734/465/221 2733/380/221 2736/380/221 2737/465/221
f 2733/380/24 2735/433/24 2738/433/24 2736/380/24
f 2737/465/1548 2736/380/1548 2738/433/1548 2739/433/1548 2740/440/1548 2745/466/1548
f 2735/433/376 2741/433/376 2739/433/376 2738/433/376
f 2741/433/376 2742/440/376 2740/440/376 2739/433/376
f 2732/433/221 2743/433/221 2741/433/221 2735/433/221
f 2743/433/221 2647/440/221 2742/440/221 2741/433/221
f 2743/433/1551 2732/433/1551 2650/441/1551 2648/441/1551
f 2742/440/29 2744/466/29 2745/466/29 2740/440/29
f 2647/440/24 2746/380/24 2744/466/24 2742/440/24
f 2744/466/221 2734/465/221 2737/465/221 2745/466/221
f 2746/380/376 2731/465/376 2734/465/376 2744/466/376
f 2649/442/1552 2729/448/1552 2731/465/1552 2746/380/1552
f 2749/432/1551 2747/426/1551 2727/449/1551 2748/449/1551
f 2751/428/1553 2749/432/1553 2748/449/1553 2750/450/1553
f 2750/450/1552 2723/464/1552 2752/428/1552 2751/428/1552
f 2721/461/1548 2723/464/1548 2750/450/1548 2695/461/1548
f 2749/432/24 2751/428/24 2753/428/24 2754/432/24
f 2751/428/376 2752/428/376 2755/467/376 2753/428/376
f 2754/432/29 2753/428/29 2756/428/29 2757/432/29
f 2753/428/221 2755/467/221 2758/467/221 2756/428/221
f 2757/432/1548 2756/428/1548 2758/467/1548 2759/467/1548 2760/432/1548 2764/426/1548
f 2755/467/221 2761/467/221 2759/467/221 2758/467/221
f 2761/467/24 2762/432/24 2760/432/24 2759/467/24
f 2752/428/376 2724/428/376 2761/467/376 2755/467/376
f 2724/428/29 2726/432/29 2762/432/29 2761/467/29
f 2762/432/376 2763/426/376 2764/426/376 2760/432/376
f 2726/432/221 2747/426/221 2763/426/221 2762/432/221
f 2763/426/376 2754/432/376 2757/432/376 2764/426/376
f 2747/426/221 2749/432/221 2754/432/221 2763/426/221
f 2766/421/1551 2765/463/1551 2721/461/1551 2695/461/1551
f 2765/463/221 2766/421/221 2768/421/221 2767/463/221
f 2720/421/221 2765/463/221 2767/463/221 2769/421/221
f 2767/463/376 2768/421/376 2771/421/376 2770/463/376
f 2769/421/376 2767/463/376 2770/463/376 2772/421/376
f 2771/421/1548 2778/468/1548 2774/420/1548 2773/420/1548 2772/421/1548 2770/463/1548
f 2775/420/24 2769/421/24 2772/421/24 2773/420/24
f 2776/420/221 2775/420/221 2773/420/221 2774/420/221
f 2697/420/376 2699/420/376 2775/420/376 2776/420/376
f 2699/420/29 2720/421/29 2769/421/29 2775/420/29
f 2777/468/221 2776/420/221 2774/420/221 2778/468/221
f 2694/420/376 2697/420/376 2776/420/376 2777/468/376
f 2768/421/29 2777/468/29 2778/468/29 2771/421/29
f 2766/421/24 2694/420/24 2777/468/24 2768/421/24
f 2662/406/221 2779/406/221 2780/406/221 2781/406/221
f 2779/406/221 2685/406/221 2782/406/221 2780/406/221
f 2781/406/376 2780/406/376 2783/406/376 2784/406/376
f 2780/406/376 2782/406/376 2785/406/376 2783/406/376
f 2787/405/1548 2790/452/1548 2784/406/1548 2783/406/1548 2785/406/1548 2786/405/1548
f 2782/406/29 2788/405/29 2786/405/29 2785/406/29
f 2788/405/221 2789/405/221 2787/405/221 2786/405/221
f 2683/405/376 2661/405/376 2789/405/376 2788/405/376
f 2685/406/24 2683/405/24 2788/405/24 2782/406/24
f 2789/405/221 2663/452/221 2790/452/221 2787/405/221
f 2663/452/24 2781/406/24 2784/406/24 2790/452/24
f 2658/63/1548 2644/63/1548 2793/63/1548 2791/63/1548
f 2436/63/1548 2658/63/1548 2791/63/1548 2792/63/1548
f 2792/63/29 2791/63/29 2794/63/29 2795/63/29
f 2791/63/221 2793/63/221 2796/63/221 2794/63/221
f 2797/63/1548 2795/63/1548 2794/63/1548 2796/63/1548
f 2793/63/24 2798/63/24 2797/63/24 2796/63/24
f 2798/63/376 2792/63/376 2795/63/376 2797/63/376
f 2432/63/1548 2436/63/1548 2792/63/1548 2798/63/1548
f 2644/63/1548 2432/63/1548 2798/63/1548 2793/63/1548
f 2450/367/29 2799/369/29 2802/369/29 2801/367/29
f 2800/368/376 2450/367/376 2801/367/376 2803/368/376
f 2802/369/1548 2804/368/1548 2803/368/1548 2801/367/1548
f 2805/368/24 2800/368/24 2803/368/24 2804/368/24
f 2799/369/221 2805/368/221 2804/368/221 2802/369/221
f 2442/63/1548 2806/342/1548 2805/368/1548 2799/369/1548
f 2806/342/1548 2448/342/1548 2800/368/1548 2805/368/1548
f 2448/342/1548 2806/342/1548 2808/469/1548 2809/469/1548
f 2806/342/1548 2807/341/1548 2811/470/1548 2808/469/1548
f 2809/469/1550 2808/469/1550 2810/471/1550 3059/471/1550
f 2812/472/1551 2810/471/1551 2808/469/1551 2811/470/1551
f 2811/470/1553 2813/470/1553 2814/472/1553 2812/472/1553
f 2807/341/1548 2815/341/1548 2813/470/1548 2811/470/1548
f 2813/470/1552 2809/469/1552 3059/471/1552 2814/472/1552
f 2815/341/1548 2448/342/1548 2809/469/1548 2813/470/1548
f 2816/340/1548 2815/341/1548 2817/473/1548 2820/474/1548
f 2815/341/1548 2807/341/1548 2819/473/1548 2817/473/1548
f 3054/475/1550 2818/475/1550 2817/473/1550 2819/473/1550
f 2820/474/1552 2817/473/1552 2818/475/1552 2821/476/1552
f 2822/474/1553 2820/474/1553 2821/476/1553 2823/477/1553
f 2824/340/1548 2816/340/1548 2820/474/1548 2822/474/1548
f 2823/477/1551 3054/475/1551 2819/473/1551 2822/474/1551
f 2807/341/1548 2824/340/1548 2822/474/1548 2819/473/1548
f 2824/340/1548 2825/339/1548 2829/478/1548 2826/479/1548
f 2816/340/1548 2824/340/1548 2826/479/1548 2828/479/1548
f 2827/480/1550 3049/480/1550 2828/479/1550 2826/479/1550
f 2830/481/1551 2827/480/1551 2826/479/1551 2829/478/1551
f 2829/478/1553 2831/478/1553 2832/481/1553 2830/481/1553
f 2825/339/1548 2833/339/1548 2831/478/1548 2829/478/1548
f 2831/478/1552 2828/479/1552 3049/480/1552 2832/481/1552
f 2833/339/1548 2816/340/1548 2828/479/1548 2831/478/1548
f 2834/338/1548 2833/339/1548 2835/482/1548 2838/483/1548
f 2833/339/1548 2825/339/1548 2837/484/1548 2835/482/1548
f 3044/485/1550 2836/486/1550 2835/482/1550 2837/484/1550
f 2838/483/1552 2835/482/1552 2836/486/1552 2839/487/1552
f 2840/483/1553 2838/483/1553 2839/487/1553 2841/487/1553
f 2842/338/1548 2834/338/1548 2838/483/1548 2840/483/1548
f 2841/487/1551 3044/485/1551 2837/484/1551 2840/483/1551
f 2825/339/1548 2842/338/1548 2840/483/1548 2837/484/1548
f 2842/338/1548 2843/337/1548 2847/488/1548 2844/489/1548
f 2834/338/1548 2842/338/1548 2844/489/1548 2846/489/1548
f 2845/490/1550 3039/490/1550 2846/489/1550 2844/489/1550
f 2848/491/1551 2845/490/1551 2844/489/1551 2847/488/1551
f 2847/488/1553 2849/492/1553 2850/493/1553 2848/491/1553
f 2843/337/1548 2851/337/1548 2849/492/1548 2847/488/1548
f 2849/492/1552 2846/489/1552 3039/490/1552 2850/493/1552
f 2851/337/1548 2834/338/1548 2846/489/1548 2849/492/1548
f 2852/344/1548 2851/337/1548 2853/494/1548 2856/495/1548
f 2851/337/1548 2843/337/1548 2855/494/1548 2853/494/1548
f 3034/496/1550 2854/496/1550 2853/494/1550 2855/494/1550
f 2856/495/1552 2853/494/1552 2854/496/1552 2857/497/1552
f 2858/495/1553 2856/495/1553 2857/497/1553 2859/497/1553
f 2860/336/1548 2852/344/1548 2856/495/1548 2858/495/1548
f 2859/497/1551 3034/496/1551 2855/494/1551 2858/495/1551
f 2843/337/1548 2860/336/1548 2858/495/1548 2855/494/1548
f 2860/336/1548 2861/335/1548 2865/498/1548 2862/499/1548
f 2852/344/1548 2860/336/1548 2862/499/1548 2864/500/1548
f 2863/501/1550 3029/501/1550 2864/500/1550 2862/499/1550
f 2866/502/1551 2863/501/1551 2862/499/1551 2865/498/1551
f 2865/498/1553 2867/498/1553 2868/502/1553 2866/502/1553
f 2861/335/1548 2869/335/1548 2867/498/1548 2865/498/1548
f 2867/498/1552 2864/500/1552 3029/501/1552 2868/502/1552
f 2869/335/1548 2852/344/1548 2864/500/1548 2867/498/1548
f 2870/334/1548 2869/335/1548 2871/503/1548 2874/504/1548
f 2869/335/1548 2861/335/1548 2873/503/1548 2871/503/1548
f 3024/505/1550 2872/505/1550 2871/503/1550 2873/503/1550
f 2874/504/1552 2871/503/1552 2872/505/1552 2875/506/1552
f 2876/504/1553 2874/504/1553 2875/506/1553 2877/506/1553
f 2878/334/1548 2870/334/1548 2874/504/1548 2876/504/1548
f 2877/506/1551 3024/505/1551 2873/503/1551 2876/504/1551
f 2861/335/1548 2878/334/1548 2876/504/1548 2873/503/1548
f 2878/334/1548 2879/333/1548 2883/507/1548 2880/508/1548
f 2870/334/1548 2878/334/1548 2880/508/1548 2882/508/1548
f 2881/509/1550 3019/509/1550 2882/508/1550 2880/508/1550
f 2884/510/1551 2881/509/1551 2880/508/1551 2883/507/1551
f 2886/510/1553 2884/510/1553 2883/507/1553 2885/507/1553
f 2879/333/1548 2887/333/1548 2885/507/1548 2883/507/1548
f 2885/507/1552 2882/508/1552 3019/509/1552 2886/510/1552
f 2887/333/1548 2870/334/1548 2882/508/1548 2885/507/1548
f 3018/272/1548 2890/333/1548 2889/333/1548 2888/272/1548 2887/333/1548 2879/333/1548
f 2889/333/1548 2890/333/1548 2895/511/1548 2892/512/1548
f 2891/345/1548 2889/333/1548 2892/512/1548 2894/513/1548
f 2893/514/1552 2899/515/1552 2894/513/1552 2892/512/1552
f 2892/512/1550 2895/511/1550 2896/514/1550 2893/514/1550
f 2895/511/1551 2897/513/1551 2898/516/1551 2896/514/1551
f 2982/352/1548 2985/517/1548 2988/518/1548 2986/519/1548 2983/519/1548 2969/351/1548 2972/520/1548 2975/521/1548 2973/522/1548 2970/522/1548 2956/350/1548 2959/523/1548 2962/524/1548 2960/525/1548 2957/525/1548 2943/349/1548 2946/526/1548 2949/527/1548 2947/528/1548 2944/528/1548 2930/348/1548 2933/529/1548 2936/530/1548 2934/531/1548 2931/531/1548 2917/347/1548 2920/532/1548 2923/532/1548 2921/533/1548 2918/533/1548 2904/346/1548 2907/534/1548 2910/535/1548 2908/536/1548 2905/536/1548 2891/345/1548 2894/513/1548 2897/513/1548 2895/511/1548 2890/333/1548 3003/332/1548 3001/537/1548 2999/538/1548 2996/539/1548
f 2899/515/1553 2898/516/1553 2897/513/1553 2894/513/1553
f 2898/516/24 2899/515/24 2901/515/24 2900/516/24
f 2896/514/221 2898/516/221 2900/516/221 2902/540/221
f 2901/515/1548 2903/514/1548 2902/540/1548 2900/516/1548
f 2893/514/29 2896/514/29 2902/540/29 2903/514/29
f 2899/515/376 2893/514/376 2903/514/376 2901/515/376
f 2904/346/1548 2891/345/1548 2905/536/1548 2907/534/1548
f 2906/541/1552 2912/542/1552 2907/534/1552 2905/536/1552
f 2905/536/1550 2908/536/1550 2909/543/1550 2906/541/1550
f 2908/536/1551 2910/535/1551 2911/544/1551 2909/543/1551
f 2912/542/1553 2911/544/1553 2910/535/1553 2907/534/1553
f 2911/544/24 2912/542/24 2914/542/24 2913/544/24
f 2909/543/221 2911/544/221 2913/544/221 2915/543/221
f 2914/542/1548 2916/541/1548 2915/543/1548 2913/544/1548
f 2906/541/29 2909/543/29 2915/543/29 2916/541/29
f 2912/542/376 2906/541/376 2916/541/376 2914/542/376
f 2917/347/1548 2904/346/1548 2918/533/1548 2920/532/1548
f 2919/545/1552 2925/546/1552 2920/532/1552 2918/533/1552
f 2918/533/1550 2921/533/1550 2922/547/1550 2919/545/1550
f 2921/533/1551 2923/532/1551 2924/546/1551 2922/547/1551
f 2925/546/1553 2924/546/1553 2923/532/1553 2920/532/1553
f 2924/546/24 2925/546/24 2927/546/24 2926/546/24
f 2922/547/221 2924/546/221 2926/546/221 2928/547/221
f 2927/546/1548 2929/545/1548 2928/547/1548 2926/546/1548
f 2919/545/29 2922/547/29 2928/547/29 2929/545/29
f 2925/546/376 2919/545/376 2929/545/376 2927/546/376
f 2930/348/1548 2917/347/1548 2931/531/1548 2933/529/1548
f 2932/548/1552 2938/549/1552 2933/529/1552 2931/531/1552
f 2931/531/1550 2934/531/1550 2935/548/1550 2932/548/1550
f 2934/531/1551 2936/530/1551 2937/550/1551 2935/548/1551
f 2938/549/1553 2937/550/1553 2936/530/1553 2933/529/1553
f 2937/550/24 2938/549/24 2940/549/24 2939/550/24
f 2935/548/221 2937/550/221 2939/550/221 2941/548/221
f 2940/549/1548 2942/548/1548 2941/548/1548 2939/550/1548
f 2932/548/29 2935/548/29 2941/548/29 2942/548/29
f 2938/549/376 2932/548/376 2942/548/376 2940/549/376
f 2943/349/1548 2930/348/1548 2944/528/1548 2946/526/1548
f 2945/551/1552 2951/552/1552 2946/526/1552 2944/528/1552
f 2944/528/1550 2947/528/1550 2948/551/1550 2945/551/1550
f 2947/528/1551 2949/527/1551 2950/553/1551 2948/551/1551
f 2951/552/1553 2950/553/1553 2949/527/1553 2946/526/1553
f 2950/553/24 2951/552/24 2953/552/24 2952/553/24
f 2948/551/221 2950/553/221 2952/553/221 2954/551/221
f 2953/552/1548 2955/551/1548 2954/551/1548 2952/553/1548
f 2945/551/29 2948/551/29 2954/551/29 2955/551/29
f 2951/552/376 2945/551/376 2955/551/376 2953/552/376
f 2956/350/1548 2943/349/1548 2957/525/1548 2959/523/1548
f 2958/554/1552 2964/555/1552 2959/523/1552 2957/525/1552
f 2957/525/1550 2960/525/1550 2961/554/1550 2958/554/1550
f 2960/525/1551 2962/524/1551 2963/556/1551 2961/554/1551
f 2964/555/1553 2963/556/1553 2962/524/1553 2959/523/1553
f 2963/556/24 2964/555/24 2966/555/24 2965/556/24
f 2961/554/221 2963/556/221 2965/556/221 2967/554/221
f 2966/555/1548 2968/554/1548 2967/554/1548 2965/556/1548
f 2958/554/29 2961/554/29 2967/554/29 2968/554/29
f 2964/555/376 2958/554/376 2968/554/376 2966/555/376
f 2969/351/1548 2956/350/1548 2970/522/1548 2972/520/1548
f 2971/557/1552 2977/558/1552 2972/520/1552 2970/522/1552
f 2970/522/1550 2973/522/1550 2974/557/1550 2971/557/1550
f 2973/522/1551 2975/521/1551 2976/559/1551 2974/557/1551
f 2977/558/1553 2976/559/1553 2975/521/1553 2972/520/1553
f 2976/559/24 2977/558/24 2979/560/24 2978/559/24
f 2974/557/221 2976/559/221 2978/559/221 2980/557/221
f 2979/560/1548 2981/561/1548 2980/557/1548 2978/559/1548
f 2971/557/29 2974/557/29 2980/557/29 2981/561/29
f 2977/558/376 2971/557/376 2981/561/376 2979/560/376
f 2982/352/1548 2969/351/1548 2983/519/1548 2985/517/1548
f 2984/562/1552 2990/563/1552 2985/517/1552 2983/519/1552
f 2983/519/1550 2986/519/1550 2987/562/1550 2984/562/1550
f 2986/519/1551 2988/518/1551 2989/564/1551 2987/562/1551
f 2990/563/1553 2989/564/1553 2988/518/1553 2985/517/1553
f 2989/564/24 2990/563/24 2992/563/24 2991/564/24
f 2987/562/221 2989/564/221 2991/564/221 2993/562/221
f 2992/563/1548 2994/562/1548 2993/562/1548 2991/564/1548
f 2984/562/29 2987/562/29 2993/562/29 2994/562/29
f 2990/563/376 2984/562/376 2994/562/376 2992/563/376
f 2995/332/1548 2982/352/1548 2996/539/1548 2998/537/1548
f 2997/565/1552 3013/566/1552 2998/537/1552 2996/539/1552
f 2996/539/1550 2999/538/1550 3000/567/1550 2997/565/1550
f 2999/538/1551 3001/537/1551 3002/566/1551 3000/567/1551
f 3013/566/1553 3002/566/1553 3001/537/1553 2998/537/1553
f 3003/332/1548 2995/332/1548 2998/537/1548 3001/537/1548
f 2995/332/1548 3003/332/1548 3004/568/1548 3012/568/1548
f 3005/63/1548 3006/569/1548 3004/568/1548 3003/332/1548
f 3257/63/29 2447/63/29 3005/63/29 2443/63/29
f 3005/63/1548 2447/63/1548 3007/569/1548 3006/569/1548
f 3004/568/221 3006/569/221 3008/569/221 3009/568/221
f 3006/569/24 3007/569/24 3010/569/24 3008/569/24
f 3008/569/1548 3010/569/1548 3011/568/1548 3009/568/1548
f 3007/569/376 3012/568/376 3011/568/376 3010/569/376
f 3012/568/29 3004/568/29 3009/568/29 3011/568/29
f 2447/63/1548 2995/332/1548 3012/568/1548 3007/569/1548
f 3002/566/24 3013/566/24 3015/566/24 3014/566/24
f 3000/567/221 3002/566/221 3014/566/221 3016/567/221
f 3015/566/1548 3017/565/1548 3016/567/1548 3014/566/1548
f 2997/565/29 3000/567/29 3016/567/29 3017/565/29
f 3013/566/376 2997/565/376 3017/565/376 3015/566/376
f 2886/510/376 3019/509/376 3021/509/376 3020/540/376
f 2884/510/24 2886/510/24 3020/540/24 3022/540/24
f 3021/509/1548 3023/509/1548 3022/540/1548 3020/540/1548
f 2881/509/221 2884/510/221 3022/540/221 3023/509/221
f 3019/509/29 2881/509/29 3023/509/29 3021/509/29
f 3024/505/221 2877/506/221 3025/506/221 3026/570/221
f 2877/506/24 2875/506/24 3027/506/24 3025/506/24
f 3028/570/1548 3026/570/1548 3025/506/1548 3027/506/1548
f 2875/506/376 2872/505/376 3028/570/376 3027/506/376
f 2872/505/29 3024/505/29 3026/570/29 3028/570/29
f 2868/502/376 3029/501/376 3031/501/376 3030/502/376
f 2866/502/24 2868/502/24 3030/502/24 3032/571/24
f 3031/501/1548 3033/572/1548 3032/571/1548 3030/502/1548
f 2863/501/221 2866/502/221 3032/571/221 3033/572/221
f 3029/501/29 2863/501/29 3033/572/29 3031/501/29
f 3034/496/221 2859/497/221 3035/497/221 3036/573/221
f 2859/497/24 2857/497/24 3037/497/24 3035/497/24
f 3038/573/1548 3036/573/1548 3035/497/1548 3037/497/1548
f 2857/497/376 2854/496/376 3038/573/376 3037/497/376
f 2854/496/29 3034/496/29 3036/573/29 3038/573/29
f 2850/493/376 3039/490/376 3041/490/376 3040/493/376
f 2848/491/24 2850/493/24 3040/493/24 3042/491/24
f 3041/490/1548 3043/490/1548 3042/491/1548 3040/493/1548
f 2845/490/221 2848/491/221 3042/491/221 3043/490/221
f 3039/490/29 2845/490/29 3043/490/29 3041/490/29
f 3044/485/221 2841/487/221 3045/487/221 3046/485/221
f 2841/487/24 2839/487/24 3047/487/24 3045/487/24
f 3048/486/1548 3046/485/1548 3045/487/1548 3047/487/1548
f 2839/487/376 2836/486/376 3048/486/376 3047/487/376
f 2836/486/29 3044/485/29 3046/485/29 3048/486/29
f 2832/481/376 3049/480/376 3051/480/376 3050/481/376
f 2830/481/24 2832/481/24 3050/481/24 3052/481/24
f 3051/480/1548 3053/480/1548 3052/481/1548 3050/481/1548
f 2827/480/221 2830/481/221 3052/481/221 3053/480/221
f 3049/480/29 2827/480/29 3053/480/29 3051/480/29
f 3054/475/221 2823/477/221 3055/477/221 3056/574/221
f 2823/477/24 2821/476/24 3057/477/24 3055/477/24
f 3058/574/1548 3056/574/1548 3055/477/1548 3057/477/1548
f 2821/476/376 2818/475/376 3058/574/376 3057/477/376
f 2818/475/29 3054/475/29 3056/574/29 3058/574/29
f 2814/472/376 3059/471/376 3061/471/376 3060/472/376
f 2812/472/24 2814/472/24 3060/472/24 3062/472/24
f 3061/471/1548 3063/471/1548 3062/472/1548 3060/472/1548
f 2810/471/221 2812/472/221 3062/472/221 3063/471/221
f 3059/471/29 2810/471/29 3063/471/29 3061/471/29
f 3067/63/1548 3066/63/1548 2449/63/1548 3064/63/1548
f 3066/63/1548 3068/63/1548 3065/63/1548 2449/63/1548
f 3066/63/1556 3067/63/1556 3070/63/1556 3069/63/1556
f 3068/63/1557 3066/63/1557 3069/63/1557 3071/63/1557
f 3073/63/1548 3072/63/1548 3069/63/1548 3070/63/1548
f 3072/63/1548 3074/63/1548 3071/63/1548 3069/63/1548
f 3077/63/1556 3075/63/1556 3072/63/1556 3073/63/1556
f 3075/63/1557 3078/63/1557 3074/63/1557 3072/63/1557
f 3075/63/1558 3077/63/1558 3236/63/1558 3076/63/1558
f 3076/63/1559 3079/63/1559 3078/63/1559 3075/63/1559
f 3079/63/1560 3081/63/1560 3080/63/1560 3078/63/1560
f 3078/63/1561 3080/63/1561 3083/63/1561 3074/63/1561
f 3081/63/1562 3176/63/1562 3082/63/1562 3080/63/1562
f 3080/63/1563 3082/63/1563 3084/63/1563 3083/63/1563
f 3074/63/1548 3083/63/1548 3085/63/1548 3071/63/1548
f 3083/63/1548 3084/63/1548 3086/63/1548 3085/63/1548
f 3087/63/1561 3068/63/1561 3071/63/1561 3085/63/1561
f 3088/63/1563 3087/63/1563 3085/63/1563 3086/63/1563
f 3068/63/1548 3087/63/1548 3089/63/1548 3065/63/1548
f 3087/63/1548 3088/63/1548 3090/63/1548 3089/63/1548
f 3088/63/1548 3093/63/1548 3091/63/1548 3090/63/1548
f 3093/63/1548 3094/63/1548 3092/63/1548 3091/63/1548
f 2440/63/1548 2442/63/1548 3091/63/1548 3092/63/1548 3116/63/1548 3114/63/1548 3115/63/1548
f 3093/63/1564 3088/63/1564 3086/63/1564 3095/63/1564
f 3094/63/1565 3093/63/1565 3095/63/1565 3096/63/1565
f 3084/63/1548 3097/63/1548 3095/63/1548 3086/63/1548
f 3097/63/1548 3098/63/1548 3096/63/1548 3095/63/1548
f 3082/63/1564 3099/63/1564 3097/63/1564 3084/63/1564
f 3099/63/1565 3101/63/1565 3098/63/1565 3097/63/1565
f 3176/63/1566 3100/63/1566 3099/63/1566 3082/63/1566
f 3100/63/1567 3102/63/1567 3101/63/1567 3099/63/1567
f 3102/63/1568 3104/63/1568 3103/63/1568 3101/63/1568
f 3101/63/1569 3103/63/1569 3106/63/1569 3098/63/1569
f 3104/63/1570 3253/63/1570 3105/63/1570 3103/63/1570
f 3103/63/1571 3105/63/1571 3107/63/1571 3106/63/1571
f 3098/63/1548 3106/63/1548 3108/63/1548 3096/63/1548
f 3106/63/1548 3107/63/1548 3110/63/1548 3108/63/1548
f 3109/63/1569 3094/63/1569 3096/63/1569 3108/63/1569
f 3112/63/1571 3109/63/1571 3108/63/1571 3110/63/1571
f 3113/63/1572 3112/63/1572 3110/63/1572 3111/63/1572
f 3107/63/1548 3124/63/1548 3111/63/1548 3110/63/1548
f 3112/63/1548 3113/63/1548 3115/63/1548 3114/63/1548
f 3109/63/1548 3112/63/1548 3114/63/1548 3116/63/1548
f 3094/63/1548 3109/63/1548 3116/63/1548 3092/63/1548
f 3113/63/1548 3119/63/1548 3117/63/1548 3115/63/1548
f 3115/63/1548 3117/63/1548 3118/63/1548 3248/63/1548 3246/63/1548 2438/63/1548 2440/63/1548
f 3119/63/1548 3120/63/1548 3118/63/1548 3117/63/1548
f 3119/63/1573 3113/63/1573 3111/63/1573 3121/63/1573
f 3120/63/1574 3119/63/1574 3121/63/1574 3122/63/1574
f 3124/63/1548 3123/63/1548 3121/63/1548 3111/63/1548
f 3123/63/1548 3125/63/1548 3122/63/1548 3121/63/1548
f 3128/63/1573 3126/63/1573 3123/63/1573 3124/63/1573
f 3126/63/1574 3129/63/1574 3125/63/1574 3123/63/1574
f 3126/63/1575 3128/63/1575 3254/63/1575 3127/63/1575
f 3129/63/1576 3126/63/1576 3127/63/1576 3131/63/1576
f 3130/63/1577 3129/63/1577 3131/63/1577 3132/63/1577
f 3129/63/1578 3130/63/1578 3251/63/1578 3125/63/1578
f 3132/63/1579 3131/63/1579 3133/63/1579 3134/63/1579
f 3131/63/1580 3127/63/1580 3136/63/1580 3133/63/1580
f 3134/63/1581 3133/63/1581 3135/63/1581 3229/63/1581
f 3133/63/1582 3136/63/1582 3138/63/1582 3135/63/1582
f 3127/63/1583 3254/63/1583 3137/63/1583 3136/63/1583
f 3136/63/1584 3137/63/1584 3139/63/1584 3138/63/1584
f 3138/63/1585 3139/63/1585 3141/63/1585 3140/63/1585
f 3135/63/1586 3138/63/1586 3140/63/1586 3143/63/1586
f 3140/63/1587 3141/63/1587 3164/63/1587 3142/63/1587
f 3143/63/1588 3140/63/1588 3142/63/1588 3145/63/1588
f 3229/63/1589 3135/63/1589 3143/63/1589 3144/63/1589
f 3144/63/1590 3143/63/1590 3145/63/1590 3146/63/1590
f 3146/63/1591 3145/63/1591 3147/63/1591 3148/63/1591
f 3145/63/1592 3142/63/1592 3150/63/1592 3147/63/1592
f 3148/63/1593 3147/63/1593 3149/63/1593 3215/63/1593
f 3147/63/1594 3150/63/1594 3152/63/1594 3149/63/1594
f 3142/63/1595 3164/63/1595 3151/63/1595 3150/63/1595
f 3150/63/1596 3151/63/1596 3153/63/1596 3152/63/1596
f 3200/63/1548 3202/63/1548 3204/63/1548 3207/63/1548 3208/63/1548 3209/63/1548 3211/63/1548 3213/63/1548 3215/63/1548 3149/63/1548 3152/63/1548 3153/63/1548 3154/63/1548 3156/63/1548 3157/63/1548 3198/63/1548
f 3154/63/1597 3153/63/1597 3151/63/1597 3155/63/1597
f 3156/63/1598 3154/63/1598 3155/63/1598 3158/63/1598
f 3157/63/1599 3156/63/1599 3158/63/1599 3159/63/1599
f 3159/63/1600 3158/63/1600 3160/63/1600 3161/63/1600
f 3158/63/1601 3155/63/1601 3163/63/1601 3160/63/1601
f 3161/63/1602 3160/63/1602 3162/63/1602 3196/63/1602
f 3160/63/1603 3163/63/1603 3165/63/1603 3162/63/1603
f 3155/63/1604 3151/63/1604 3164/63/1604 3163/63/1604
f 3163/63/1605 3164/63/1605 3141/63/1605 3165/63/1605
f 3165/63/1606 3141/63/1606 3139/63/1606 3166/63/1606
f 3162/63/1607 3165/63/1607 3166/63/1607 3168/63/1607
f 3166/63/1608 3139/63/1608 3137/63/1608 3167/63/1608
f 3168/63/1609 3166/63/1609 3167/63/1609 3170/63/1609
f 3196/63/1610 3162/63/1610 3168/63/1610 3169/63/1610
f 3169/63/1611 3168/63/1611 3170/63/1611 3171/63/1611
f 3171/63/1612 3170/63/1612 3104/63/1612 3102/63/1612
f 3170/63/1613 3167/63/1613 3253/63/1613 3104/63/1613
f 3173/63/1614 3169/63/1614 3171/63/1614 3172/63/1614
f 3172/63/1615 3171/63/1615 3102/63/1615 3100/63/1615
f 3175/63/1616 3173/63/1616 3172/63/1616 3174/63/1616
f 3174/63/1617 3172/63/1617 3100/63/1617 3176/63/1617
f 3178/63/1618 3175/63/1618 3174/63/1618 3177/63/1618
f 3177/63/1619 3174/63/1619 3176/63/1619 3081/63/1619
f 3180/63/1620 3178/63/1620 3177/63/1620 3179/63/1620
f 3179/63/1621 3177/63/1621 3081/63/1621 3079/63/1621
f 3183/63/1622 3180/63/1622 3179/63/1622 3181/63/1622
f 3181/63/1623 3179/63/1623 3079/63/1623 3076/63/1623
f 3076/63/1624 3236/63/1624 3182/63/1624 3181/63/1624
f 3181/63/1625 3182/63/1625 3184/63/1625 3183/63/1625
f 3183/63/1626 3184/63/1626 3186/63/1626 3185/63/1626
f 3185/63/1627 3188/63/1627 3180/63/1627 3183/63/1627
f 3185/63/1628 3186/63/1628 3222/63/1628 3187/63/1628
f 3187/63/1629 3189/63/1629 3188/63/1629 3185/63/1629
f 3189/63/1630 3191/63/1630 3190/63/1630 3188/63/1630
f 3188/63/1631 3190/63/1631 3178/63/1631 3180/63/1631
f 3191/63/1632 3193/63/1632 3192/63/1632 3190/63/1632
f 3190/63/1633 3192/63/1633 3175/63/1633 3178/63/1633
f 3193/63/1634 3195/63/1634 3194/63/1634 3192/63/1634
f 3192/63/1635 3194/63/1635 3173/63/1635 3175/63/1635
f 3195/63/1636 3161/63/1636 3196/63/1636 3194/63/1636
f 3194/63/1637 3196/63/1637 3169/63/1637 3173/63/1637
f 3199/63/1638 3197/63/1638 3195/63/1638 3193/63/1638
f 3197/63/1639 3159/63/1639 3161/63/1639 3195/63/1639
f 3200/63/1640 3198/63/1640 3197/63/1640 3199/63/1640
f 3198/63/1641 3157/63/1641 3159/63/1641 3197/63/1641
f 3202/63/1642 3200/63/1642 3199/63/1642 3201/63/1642
f 3201/63/1643 3199/63/1643 3193/63/1643 3191/63/1643
f 3204/63/1644 3202/63/1644 3201/63/1644 3203/63/1644
f 3203/63/1645 3201/63/1645 3191/63/1645 3189/63/1645
f 3207/63/1646 3204/63/1646 3203/63/1646 3205/63/1646
f 3205/63/1647 3203/63/1647 3189/63/1647 3187/63/1647
f 3187/63/1648 3222/63/1648 3206/63/1648 3205/63/1648
f 3205/63/1649 3206/63/1649 3208/63/1649 3207/63/1649
f 3206/63/1650 3210/63/1650 3209/63/1650 3208/63/1650
f 3210/63/1651 3212/63/1651 3211/63/1651 3209/63/1651
f 3212/63/1652 3214/63/1652 3213/63/1652 3211/63/1652
f 3214/63/1653 3148/63/1653 3215/63/1653 3213/63/1653
f 3218/63/1654 3216/63/1654 3214/63/1654 3212/63/1654
f 3216/63/1655 3146/63/1655 3148/63/1655 3214/63/1655
f 3219/63/1656 3217/63/1656 3216/63/1656 3218/63/1656
f 3217/63/1657 3144/63/1657 3146/63/1657 3216/63/1657
f 3221/63/1658 3219/63/1658 3218/63/1658 3220/63/1658
f 3220/63/1659 3218/63/1659 3212/63/1659 3210/63/1659
f 3186/63/1660 3221/63/1660 3220/63/1660 3222/63/1660
f 3222/63/1661 3220/63/1661 3210/63/1661 3206/63/1661
f 3184/63/1662 3223/63/1662 3221/63/1662 3186/63/1662
f 3223/63/1663 3225/63/1663 3219/63/1663 3221/63/1663
f 3182/63/1664 3224/63/1664 3223/63/1664 3184/63/1664
f 3224/63/1665 3226/63/1665 3225/63/1665 3223/63/1665
f 3226/63/1666 3228/63/1666 3227/63/1666 3225/63/1666
f 3225/63/1667 3227/63/1667 3217/63/1667 3219/63/1667
f 3228/63/1668 3134/63/1668 3229/63/1668 3227/63/1668
f 3227/63/1669 3229/63/1669 3144/63/1669 3217/63/1669
f 3232/63/1670 3230/63/1670 3228/63/1670 3226/63/1670
f 3230/63/1671 3132/63/1671 3134/63/1671 3228/63/1671
f 3233/63/1672 3231/63/1672 3230/63/1672 3232/63/1672
f 3231/63/1673 3130/63/1673 3132/63/1673 3230/63/1673
f 3235/63/1674 3233/63/1674 3232/63/1674 3234/63/1674
f 3234/63/1675 3232/63/1675 3226/63/1675 3224/63/1675
f 3077/63/1676 3235/63/1676 3234/63/1676 3236/63/1676
f 3236/63/1677 3234/63/1677 3224/63/1677 3182/63/1677
f 3235/63/1678 3077/63/1678 3073/63/1678 3237/63/1678
f 3233/63/1679 3235/63/1679 3237/63/1679 3238/63/1679
f 3237/63/1548 3073/63/1548 3070/63/1548 3239/63/1548
f 3238/63/1548 3237/63/1548 3239/63/1548 3241/63/1548
f 3067/63/1678 3240/63/1678 3239/63/1678 3070/63/1678
f 3240/63/1679 3243/63/1679 3241/63/1679 3239/63/1679
f 3252/63/1548 3238/63/1548 3241/63/1548 3242/63/1548
f 3243/63/1680 3244/63/1680 3242/63/1680 3241/63/1680
f 3244/63/1548 3243/63/1548 3245/63/1548 3246/63/1548
f 3243/63/1548 3240/63/1548 3247/63/1548 3245/63/1548
f 3240/63/1548 3067/63/1548 3064/63/1548 3247/63/1548
f 3249/63/1548 3244/63/1548 3246/63/1548 3248/63/1548
f 3120/63/1548 3249/63/1548 3248/63/1548 3118/63/1548
f 3249/63/1578 3120/63/1578 3122/63/1578 3250/63/1578
f 3244/63/1681 3249/63/1681 3250/63/1681 3242/63/1681
f 3125/63/1548 3251/63/1548 3250/63/1548 3122/63/1548
f 3251/63/1548 3252/63/1548 3242/63/1548 3250/63/1548
f 3130/63/1681 3231/63/1681 3252/63/1681 3251/63/1681
f 3231/63/1680 3233/63/1680 3238/63/1680 3252/63/1680
f 3167/63/1682 3137/63/1682 3254/63/1682 3253/63/1682
f 3253/63/1683 3254/63/1683 3128/63/1683 3105/63/1683
f 3105/63/1572 3128/63/1572 3124/63/1572 3107/63/1572
f 3277/360/1548 3255/343/1548 2447/63/1548 3256/63/1548 3258/343/1548 3260/360/1548 4297/366/1548 4222/362/1548 4221/575/1548 4219/364/1548 3269/365/1548 3271/365/1548 4097/364/1548 4095/363/1548 4093/362/1548 4091/361/1548
f 3256/63/29 2447/63/29 3257/63/29 2433/63/29
f 3458/354/1548 3456/358/1548 3321/359/1548 3323/359/1548 3393/358/1548 3392/576/1548 3391/356/1548 3355/354/1548 3259/353/1548 3258/343/1548 3256/63/1548 2432/63/1548 3313/343/1548 3315/353/1548
f 3259/353/376 3262/353/376 3261/343/376 3258/343/376
f 3258/343/24 3261/343/24 3263/360/24 3260/360/24
f 3312/343/1548 3310/360/1548 3308/577/1548 3306/578/1548 3304/365/1548 3302/365/1548 3300/578/1548 3298/577/1548 3296/360/1548 3295/343/1548 3293/353/1548 3291/579/1548 3289/580/1548 3287/359/1548 3285/359/1548 3283/580/1548 3281/579/1548 3279/353/1548 3278/343/1548 3276/360/1548 3274/577/1548 3272/578/1548 3270/365/1548 3268/365/1548 3266/578/1548 3264/577/1548 3263/360/1548 3261/343/1548 3262/353/1548 3326/579/1548 3324/580/1548 3322/359/1548 3320/359/1548 3318/580/1548 3316/579/1548 3314/353/1548
f 3260/360/1684 3263/360/1684 3264/577/1684 3265/577/1684
f 3265/577/24 3264/577/24 3266/578/24 3267/578/24 4268/581/24 4344/582/24 4280/583/24 4279/584/24 4281/585/24 4283/586/24
f 3267/578/1685 3266/578/1685 3268/365/1685 3269/365/1685
f 3268/365/24 3270/365/24 3271/365/24 3269/365/24
f 3273/578/1686 3271/365/1686 3270/365/1686 3272/578/1686
f 3275/577/24 4161/586/24 4159/587/24 4114/584/24 4124/581/24 3273/578/24 3272/578/24 3274/577/24
f 3277/360/1687 3275/577/1687 3274/577/1687 3276/360/1687
f 3255/343/24 3277/360/24 3276/360/24 3278/343/24
f 3280/353/221 3255/343/221 3278/343/221 3279/353/221
f 3282/579/1688 3280/353/1688 3279/353/1688 3281/579/1688
f 3986/588/221 3984/589/221 3983/590/221 3282/579/221 3281/579/221 3283/580/221 3284/580/221 3988/591/221
f 3286/359/1689 3284/580/1689 3283/580/1689 3285/359/1689
f 3287/359/221 3288/359/221 3286/359/221 3285/359/221
f 3288/359/1690 3287/359/1690 3289/580/1690 3290/580/1690
f 3291/579/221 3292/579/221 3863/590/221 3852/589/221 3899/588/221 3901/591/221 3290/580/221 3289/580/221
f 3292/579/1691 3291/579/1691 3293/353/1691 3294/353/1691
f 3294/353/221 3293/353/221 3295/343/221 2445/343/221
f 2445/343/29 3295/343/29 3296/360/29 3297/360/29
f 3297/360/1692 3296/360/1692 3298/577/1692 3299/577/1692
f 3299/577/29 3298/577/29 3300/578/29 3301/578/29 3754/582/29 3764/584/29 3765/592/29 3766/586/29
f 3301/578/1693 3300/578/1693 3302/365/1693 3303/365/1693
f 3304/365/29 3305/365/29 3303/365/29 3302/365/29
f 3307/578/1694 3305/365/1694 3304/365/1694 3306/578/1694
f 3309/577/29 3607/586/29 3608/581/29 3307/578/29 3306/578/29 3308/577/29
f 3311/360/1695 3309/577/1695 3308/577/1695 3310/360/1695
f 3313/343/29 3311/360/29 3310/360/29 3312/343/29
f 3315/353/376 3313/343/376 3312/343/376 3314/353/376
f 3317/579/1696 3315/353/1696 3314/353/1696 3316/579/1696
f 3520/591/376 3471/590/376 3317/579/376 3316/579/376 3318/580/376 3319/580/376
f 3321/359/1697 3319/580/1697 3318/580/1697 3320/359/1697
f 3321/359/376 3320/359/376 3322/359/376 3323/359/376
f 3323/359/1698 3322/359/1698 3324/580/1698 3325/580/1698
f 3326/579/376 3327/579/376 3328/590/376 3329/593/376 3408/588/376 3409/591/376 3325/580/376 3324/580/376
f 3327/579/1699 3326/579/1699 3262/353/1699 3259/353/1699
f 3330/594/1548 3328/590/1548 3327/579/1548 3259/353/1548 3355/354/1548 3354/595/1548 3331/596/1548
f 3342/597/1548 3329/593/1548 3328/590/1548 3330/594/1548 3332/598/1548 3341/599/1548
f 3331/596/1700 3335/600/1700 3333/594/1700 3330/594/1700
f 3330/594/1701 3333/594/1701 3336/598/1701 3332/598/1701
f 3334/594/1702 3333/594/1702 3335/600/1702 3360/601/1702
f 3337/602/1703 3336/598/1703 3333/594/1703 3334/594/1703
f 3339/603/1704 3338/599/1704 3336/598/1704 3337/602/1704
f 3332/598/1705 3336/598/1705 3338/599/1705 3341/599/1705
f 3338/599/1706 3339/603/1706 3370/604/1706 3340/597/1706
f 3341/599/1707 3338/599/1707 3340/597/1707 3342/597/1707
f 3406/605/1548 3408/588/1548 3329/593/1548 3342/597/1548 3343/606/1548 3344/607/1548 3391/356/1548 3392/576/1548 3394/608/1548 3396/609/1548 3405/610/1548
f 3342/597/1708 3340/597/1708 3345/611/1708 3343/606/1708
f 3343/606/1709 3345/611/1709 3347/612/1709 3344/607/1709
f 3345/611/1710 3346/613/1710 3348/614/1710 3347/612/1710
f 3340/597/1711 3370/604/1711 3346/613/1711 3345/611/1711
f 3347/612/1712 3348/614/1712 3350/615/1712 3349/616/1712
f 3344/607/1713 3347/612/1713 3349/616/1713 3352/617/1713
f 3349/616/1714 3350/615/1714 3359/618/1714 3351/619/1714
f 3352/617/1715 3349/616/1715 3351/619/1715 3353/620/1715
f 3391/356/1548 3344/607/1548 3352/617/1548 3353/620/1548 3354/595/1548 3355/354/1548
f 3353/620/1716 3351/619/1716 3356/621/1716 3354/595/1716
f 3354/595/1717 3356/621/1717 3335/600/1717 3331/596/1717
f 3357/622/1718 3356/621/1718 3351/619/1718 3359/618/1718
f 3360/601/1719 3335/600/1719 3356/621/1719 3357/622/1719
f 3358/623/1720 3357/622/1720 3359/618/1720 3390/624/1720
f 3361/625/1721 3360/601/1721 3357/622/1721 3358/623/1721
f 3363/626/1722 3334/594/1722 3360/601/1722 3361/625/1722
f 3364/627/1723 3363/626/1723 3361/625/1723 3362/628/1723
f 3362/628/1724 3361/625/1724 3358/623/1724 3381/629/1724
f 3366/630/1725 3365/631/1725 3363/626/1725 3364/627/1725
f 3365/631/1726 3337/602/1726 3334/594/1726 3363/626/1726
f 3368/632/1727 3367/633/1727 3365/631/1727 3366/630/1727
f 3367/633/1728 3339/603/1728 3337/602/1728 3365/631/1728
f 3367/633/1729 3368/632/1729 3372/634/1729 3369/635/1729
f 3339/603/1730 3367/633/1730 3369/635/1730 3370/604/1730
f 3370/604/1731 3369/635/1731 3371/636/1731 3346/613/1731
f 3369/635/1732 3372/634/1732 3373/637/1732 3371/636/1732
f 3372/634/1733 3374/638/1733 3375/639/1733 3373/637/1733
f 3368/632/1734 3376/640/1734 3374/638/1734 3372/634/1734
f 3386/641/1548 3375/639/1548 3374/638/1548 3376/640/1548 3377/642/1548 3378/643/1548 3379/644/1548 3380/645/1548 3382/646/1548 3384/647/1548
f 3376/640/1735 3368/632/1735 3366/630/1735 3377/642/1735
f 3377/642/1736 3366/630/1736 3364/627/1736 3378/643/1736
f 3378/643/1737 3364/627/1737 3362/628/1737 3379/644/1737
f 3379/644/1738 3362/628/1738 3381/629/1738 3380/645/1738
f 3380/645/1739 3381/629/1739 3383/648/1739 3382/646/1739
f 3385/649/1740 3384/647/1740 3382/646/1740 3383/648/1740
f 3387/650/1741 3386/641/1741 3384/647/1741 3385/649/1741
f 3373/637/1742 3375/639/1742 3386/641/1742 3387/650/1742
f 3388/614/1743 3387/650/1743 3385/649/1743 3389/651/1743
f 3371/636/1744 3373/637/1744 3387/650/1744 3388/614/1744
f 3348/614/1745 3388/614/1745 3389/651/1745 3350/615/1745
f 3346/613/1746 3371/636/1746 3388/614/1746 3348/614/1746
f 3350/615/1747 3389/651/1747 3390/624/1747 3359/618/1747
f 3389/651/1748 3385/649/1748 3383/648/1748 3390/624/1748
f 3381/629/1749 3358/623/1749 3390/624/1749 3383/648/1749
f 3394/608/1548 3392/576/1548 3393/358/1548 3455/652/1548 3454/653/1548 3395/654/1548
f 3395/654/1750 3399/655/1750 3397/656/1750 3394/608/1750
f 3394/608/1751 3397/656/1751 3400/657/1751 3396/609/1751
f 3398/658/1752 3397/656/1752 3399/655/1752 3428/659/1752
f 3401/660/1753 3400/657/1753 3397/656/1753 3398/658/1753
f 3403/661/1754 3402/610/1754 3400/657/1754 3401/660/1754
f 3396/609/1755 3400/657/1755 3402/610/1755 3405/610/1755
f 3418/662/1756 3404/663/1756 3402/610/1756 3403/661/1756
f 3405/610/1757 3402/610/1757 3404/663/1757 3406/605/1757
f 3410/664/1548 3409/591/1548 3408/588/1548 3406/605/1548 3407/665/1548
f 3406/605/1758 3404/663/1758 3415/666/1758 3407/665/1758
f 3455/652/1548 3393/358/1548 3323/359/1548 3325/580/1548 3409/591/1548 3410/664/1548 3411/667/1548
f 3410/664/1759 3412/664/1759 3414/668/1759 3411/667/1759
f 3407/665/1760 3415/666/1760 3412/664/1760 3410/664/1760
f 3412/664/1761 3413/664/1761 3449/669/1761 3414/668/1761
f 3415/666/1762 3416/670/1762 3413/664/1762 3412/664/1762
f 3416/670/1763 3415/666/1763 3404/663/1763 3418/662/1763
f 3416/670/1764 3417/671/1764 3450/664/1764 3413/664/1764
f 3417/671/1765 3416/670/1765 3418/662/1765 3419/672/1765
f 3419/672/1766 3418/662/1766 3403/661/1766 3421/673/1766
f 3439/674/1767 3417/671/1767 3419/672/1767 3420/675/1767
f 3420/675/1768 3419/672/1768 3421/673/1768 3422/676/1768
f 3422/676/1769 3421/673/1769 3423/657/1769 3424/677/1769
f 3421/673/1770 3403/661/1770 3401/660/1770 3423/657/1770
f 3424/677/1771 3423/657/1771 3425/678/1771 3426/679/1771
f 3423/657/1772 3401/660/1772 3398/658/1772 3425/678/1772
f 3426/679/1773 3425/678/1773 3427/680/1773 3430/681/1773
f 3425/678/1774 3398/658/1774 3428/659/1774 3427/680/1774
f 3452/682/1775 3429/683/1775 3427/680/1775 3428/659/1775
f 3429/683/1776 3431/684/1776 3430/681/1776 3427/680/1776
f 3431/684/1777 3433/685/1777 3432/686/1777 3430/681/1777
f 3434/687/1778 3426/679/1778 3430/681/1778 3432/686/1778
f 3440/688/1548 3438/689/1548 3437/690/1548 3436/691/1548 3435/692/1548 3434/687/1548 3432/686/1548 3433/685/1548 3444/693/1548 3442/694/1548
f 3435/692/1779 3424/677/1779 3426/679/1779 3434/687/1779
f 3436/691/1780 3422/676/1780 3424/677/1780 3435/692/1780
f 3437/690/1781 3420/675/1781 3422/676/1781 3436/691/1781
f 3438/689/1782 3439/674/1782 3420/675/1782 3437/690/1782
f 3439/674/1783 3438/689/1783 3440/688/1783 3441/695/1783
f 3441/695/1784 3440/688/1784 3442/694/1784 3443/696/1784
f 3443/696/1785 3442/694/1785 3444/693/1785 3445/697/1785
f 3445/697/1786 3444/693/1786 3433/685/1786 3431/684/1786
f 3446/698/1787 3445/697/1787 3431/684/1787 3429/683/1787
f 3448/669/1788 3443/696/1788 3445/697/1788 3446/698/1788
f 3447/699/1789 3446/698/1789 3429/683/1789 3452/682/1789
f 3449/669/1790 3448/669/1790 3446/698/1790 3447/699/1790
f 3413/664/1791 3450/664/1791 3448/669/1791 3449/669/1791
f 3450/664/1792 3441/695/1792 3443/696/1792 3448/669/1792
f 3417/671/1793 3439/674/1793 3441/695/1793 3450/664/1793
f 3414/668/1794 3449/669/1794 3447/699/1794 3451/700/1794
f 3451/700/1795 3447/699/1795 3452/682/1795 3453/701/1795
f 3453/701/1796 3452/682/1796 3428/659/1796 3399/655/1796
f 3455/652/1797 3451/700/1797 3453/701/1797 3454/653/1797
f 3454/653/1798 3453/701/1798 3399/655/1798 3395/654/1798
f 3411/667/1799 3414/668/1799 3451/700/1799 3455/652/1799
f 3321/359/1548 3456/358/1548 3457/653/1548 3579/652/1548 3522/667/1548 3521/664/1548 3520/591/1548 3319/580/1548
f 3458/354/1548 3459/595/1548 3460/620/1548 3484/617/1548 3483/607/1548 3482/606/1548 3474/597/1548 3473/599/1548 3472/598/1548 3470/594/1548 3471/590/1548 3520/591/1548 3521/664/1548 3523/665/1548 3532/605/1548 3533/610/1548 3534/609/1548 3535/608/1548 3543/654/1548 3457/653/1548 3456/358/1548
f 3470/594/1548 3461/596/1548 3459/595/1548 3458/354/1548 3315/353/1548 3317/579/1548 3471/590/1548
f 3460/620/1800 3459/595/1800 3462/621/1800 3464/619/1800
f 3459/595/1801 3461/596/1801 3465/600/1801 3462/621/1801
f 3463/622/1802 3487/618/1802 3464/619/1802 3462/621/1802
f 3466/601/1803 3463/622/1803 3462/621/1803 3465/600/1803
f 3468/594/1804 3466/601/1804 3465/600/1804 3467/594/1804
f 3461/596/1805 3470/594/1805 3467/594/1805 3465/600/1805
f 3500/602/1806 3468/594/1806 3467/594/1806 3469/598/1806
f 3470/594/1807 3472/598/1807 3469/598/1807 3467/594/1807
f 3472/598/1808 3473/599/1808 3475/599/1808 3469/598/1808
f 3473/599/1809 3474/597/1809 3477/597/1809 3475/599/1809
f 3476/603/1810 3500/602/1810 3469/598/1810 3475/599/1810
f 3475/599/1811 3477/597/1811 3478/604/1811 3476/603/1811
f 3477/597/1812 3479/611/1812 3480/613/1812 3478/604/1812
f 3474/597/1813 3482/606/1813 3479/611/1813 3477/597/1813
f 3479/611/1814 3481/612/1814 3489/614/1814 3480/613/1814
f 3482/606/1815 3483/607/1815 3481/612/1815 3479/611/1815
f 3483/607/1816 3484/617/1816 3485/616/1816 3481/612/1816
f 3484/617/1817 3460/620/1817 3464/619/1817 3485/616/1817
f 3485/616/1818 3464/619/1818 3487/618/1818 3486/615/1818
f 3481/612/1819 3485/616/1819 3486/615/1819 3489/614/1819
f 3486/615/1820 3487/618/1820 3507/624/1820 3488/651/1820
f 3489/614/1821 3486/615/1821 3488/651/1821 3490/614/1821
f 3480/613/1822 3489/614/1822 3490/614/1822 3492/636/1822
f 3490/614/1823 3488/651/1823 3510/649/1823 3491/650/1823
f 3492/636/1824 3490/614/1824 3491/650/1824 3493/637/1824
f 3478/604/1825 3480/613/1825 3492/636/1825 3494/635/1825
f 3494/635/1826 3492/636/1826 3493/637/1826 3495/634/1826
f 3476/603/1827 3478/604/1827 3494/635/1827 3496/633/1827
f 3496/633/1828 3494/635/1828 3495/634/1828 3497/632/1828
f 3497/632/1829 3499/630/1829 3498/631/1829 3496/633/1829
f 3496/633/1830 3498/631/1830 3500/602/1830 3476/603/1830
f 3499/630/1831 3502/627/1831 3501/626/1831 3498/631/1831
f 3498/631/1832 3501/626/1832 3468/594/1832 3500/602/1832
f 3502/627/1833 3504/628/1833 3503/625/1833 3501/626/1833
f 3501/626/1834 3503/625/1834 3466/601/1834 3468/594/1834
f 3504/628/1835 3506/629/1835 3505/623/1835 3503/625/1835
f 3503/625/1836 3505/623/1836 3463/622/1836 3466/601/1836
f 3506/629/1837 3508/648/1837 3507/624/1837 3505/623/1837
f 3505/623/1838 3507/624/1838 3487/618/1838 3463/622/1838
f 3488/651/1839 3507/624/1839 3508/648/1839 3510/649/1839
f 3519/645/1840 3509/646/1840 3508/648/1840 3506/629/1840
f 3510/649/1841 3508/648/1841 3509/646/1841 3511/647/1841
f 3491/650/1842 3510/649/1842 3511/647/1842 3512/641/1842
f 3512/641/1548 3511/647/1548 3509/646/1548 3519/645/1548 3518/644/1548 3517/643/1548 3516/642/1548 3515/640/1548 3514/638/1548 3513/639/1548
f 3493/637/1843 3491/650/1843 3512/641/1843 3513/639/1843
f 3495/634/1844 3493/637/1844 3513/639/1844 3514/638/1844
f 3497/632/1845 3495/634/1845 3514/638/1845 3515/640/1845
f 3515/640/1846 3516/642/1846 3499/630/1846 3497/632/1846
f 3516/642/1847 3517/643/1847 3502/627/1847 3499/630/1847
f 3517/643/1848 3518/644/1848 3504/628/1848 3502/627/1848
f 3518/644/1849 3519/645/1849 3506/629/1849 3504/628/1849
f 3521/664/1850 3522/667/1850 3526/668/1850 3524/664/1850
f 3523/665/1851 3521/664/1851 3524/664/1851 3527/666/1851
f 3524/664/1852 3526/668/1852 3575/669/1852 3525/664/1852
f 3527/666/1853 3524/664/1853 3525/664/1853 3528/670/1853
f 3528/670/1854 3530/662/1854 3529/663/1854 3527/666/1854
f 3532/605/1855 3523/665/1855 3527/666/1855 3529/663/1855
f 3530/662/1856 3554/661/1856 3531/610/1856 3529/663/1856
f 3533/610/1857 3532/605/1857 3529/663/1857 3531/610/1857
f 3534/609/1858 3533/610/1858 3531/610/1858 3536/657/1858
f 3535/608/1859 3534/609/1859 3536/657/1859 3538/656/1859
f 3537/660/1860 3539/658/1860 3538/656/1860 3536/657/1860
f 3554/661/1861 3537/660/1861 3536/657/1861 3531/610/1861
f 3539/658/1862 3542/659/1862 3540/655/1862 3538/656/1862
f 3543/654/1863 3535/608/1863 3538/656/1863 3540/655/1863
f 3541/701/1864 3540/655/1864 3542/659/1864 3544/682/1864
f 3457/653/1865 3543/654/1865 3540/655/1865 3541/701/1865
f 3544/682/1866 3542/659/1866 3545/680/1866 3546/683/1866
f 3548/678/1867 3545/680/1867 3542/659/1867 3539/658/1867
f 3546/683/1868 3545/680/1868 3547/681/1868 3569/684/1868
f 3549/679/1869 3547/681/1869 3545/680/1869 3548/678/1869
f 3551/677/1870 3549/679/1870 3548/678/1870 3550/657/1870
f 3550/657/1871 3548/678/1871 3539/658/1871 3537/660/1871
f 3553/676/1872 3551/677/1872 3550/657/1872 3552/673/1872
f 3552/673/1873 3550/657/1873 3537/660/1873 3554/661/1873
f 3556/675/1874 3553/676/1874 3552/673/1874 3555/672/1874
f 3555/672/1875 3552/673/1875 3554/661/1875 3530/662/1875
f 3559/674/1876 3556/675/1876 3555/672/1876 3557/671/1876
f 3557/671/1877 3555/672/1877 3530/662/1877 3528/670/1877
f 3528/670/1878 3525/664/1878 3558/664/1878 3557/671/1878
f 3557/671/1879 3558/664/1879 3560/695/1879 3559/674/1879
f 3559/674/1880 3560/695/1880 3562/688/1880 3561/689/1880
f 3561/689/1881 3563/690/1881 3556/675/1881 3559/674/1881
f 3562/688/1548 3572/694/1548 3570/693/1548 3568/685/1548 3567/686/1548 3566/687/1548 3565/692/1548 3564/691/1548 3563/690/1548 3561/689/1548
f 3563/690/1882 3564/691/1882 3553/676/1882 3556/675/1882
f 3564/691/1883 3565/692/1883 3551/677/1883 3553/676/1883
f 3565/692/1884 3566/687/1884 3549/679/1884 3551/677/1884
f 3566/687/1885 3567/686/1885 3547/681/1885 3549/679/1885
f 3569/684/1886 3547/681/1886 3567/686/1886 3568/685/1886
f 3571/697/1887 3569/684/1887 3568/685/1887 3570/693/1887
f 3573/696/1888 3571/697/1888 3570/693/1888 3572/694/1888
f 3560/695/1889 3573/696/1889 3572/694/1889 3562/688/1889
f 3558/664/1890 3574/669/1890 3573/696/1890 3560/695/1890
f 3574/669/1891 3576/698/1891 3571/697/1891 3573/696/1891
f 3525/664/1892 3575/669/1892 3574/669/1892 3558/664/1892
f 3575/669/1893 3577/699/1893 3576/698/1893 3574/669/1893
f 3577/699/1894 3544/682/1894 3546/683/1894 3576/698/1894
f 3576/698/1895 3546/683/1895 3569/684/1895 3571/697/1895
f 3578/700/1896 3541/701/1896 3544/682/1896 3577/699/1896
f 3526/668/1897 3578/700/1897 3577/699/1897 3575/669/1897
f 3579/652/1898 3457/653/1898 3541/701/1898 3578/700/1898
f 3522/667/1899 3579/652/1899 3578/700/1899 3526/668/1899
f 3605/702/1548 3607/586/1548 3309/577/1548 3311/360/1548 3580/366/1548 3582/703/1548 3583/704/1548 3606/705/1548
f 3633/706/1548 3610/707/1548 3609/708/1548 3608/581/1548 3607/586/1548 3605/702/1548 3604/709/1548 3596/710/1548 3595/711/1548 3594/712/1548 3593/713/1548 3584/714/1548 3582/703/1548 3580/366/1548 3581/364/1548 3621/715/1548 3622/716/1548 3623/717/1548 3631/718/1548 3632/719/1548
f 3583/704/1900 3582/703/1900 3585/703/1900 3586/704/1900
f 3582/703/1901 3584/714/1901 3588/720/1901 3585/703/1901
f 3586/704/1902 3585/703/1902 3587/721/1902 3673/722/1902
f 3585/703/1903 3588/720/1903 3589/723/1903 3587/721/1903
f 3588/720/1904 3590/713/1904 3591/724/1904 3589/723/1904
f 3584/714/1905 3593/713/1905 3590/713/1905 3588/720/1905
f 3699/725/1906 3591/724/1906 3590/713/1906 3592/726/1906
f 3593/713/1907 3594/712/1907 3592/726/1907 3590/713/1907
f 3594/712/1908 3595/711/1908 3597/727/1908 3592/726/1908
f 3595/711/1909 3596/710/1909 3599/728/1909 3597/727/1909
f 3600/729/1910 3598/730/1910 3597/727/1910 3599/728/1910
f 3598/730/1911 3699/725/1911 3592/726/1911 3597/727/1911
f 3602/731/1912 3600/729/1912 3599/728/1912 3601/709/1912
f 3596/710/1913 3604/709/1913 3601/709/1913 3599/728/1913
f 3671/732/1914 3602/731/1914 3601/709/1914 3603/733/1914
f 3604/709/1915 3605/702/1915 3603/733/1915 3601/709/1915
f 3605/702/1916 3606/705/1916 3669/705/1916 3603/733/1916
f 3609/708/1548 3611/734/1548 3620/735/1548 3621/715/1548 3581/364/1548 3305/365/1548 3307/578/1548 3608/581/1548
f 3609/708/1917 3610/707/1917 3614/707/1917 3612/736/1917
f 3611/734/1918 3609/708/1918 3612/736/1918 3615/734/1918
f 3637/737/1919 3613/708/1919 3612/736/1919 3614/707/1919
f 3613/708/1920 3616/738/1920 3615/734/1920 3612/736/1920
f 3616/738/1921 3618/739/1921 3617/739/1921 3615/734/1921
f 3620/735/1922 3611/734/1922 3615/734/1922 3617/739/1922
f 3618/739/1923 3657/740/1923 3619/715/1923 3617/739/1923
f 3621/715/1924 3620/735/1924 3617/739/1924 3619/715/1924
f 3622/716/1925 3621/715/1925 3619/715/1925 3624/741/1925
f 3623/717/1926 3622/716/1926 3624/741/1926 3626/717/1926
f 3624/741/1927 3619/715/1927 3657/740/1927 3625/742/1927
f 3626/717/1928 3624/741/1928 3625/742/1928 3627/743/1928
f 3628/744/1929 3626/717/1929 3627/743/1929 3630/718/1929
f 3631/718/1930 3623/717/1930 3626/717/1930 3628/744/1930
f 3629/745/1931 3628/744/1931 3630/718/1931 3638/746/1931
f 3632/719/1932 3631/718/1932 3628/744/1932 3629/745/1932
f 3633/706/1933 3632/719/1933 3629/745/1933 3634/747/1933
f 3610/707/1934 3633/706/1934 3634/747/1934 3614/707/1934
f 3635/748/1935 3637/737/1935 3614/707/1935 3634/747/1935
f 3634/747/1936 3629/745/1936 3638/746/1936 3635/748/1936
f 3636/749/1937 3649/750/1937 3637/737/1937 3635/748/1937
f 3635/748/1938 3638/746/1938 3639/751/1938 3636/749/1938
f 3638/746/1939 3630/718/1939 3640/752/1939 3639/751/1939
f 3639/751/1940 3640/752/1940 3642/753/1940 3641/754/1940
f 3636/749/1941 3639/751/1941 3641/754/1941 3644/755/1941
f 3641/754/1942 3642/753/1942 3664/756/1942 3643/757/1942
f 3644/755/1943 3641/754/1943 3643/757/1943 3645/758/1943
f 3645/758/1944 3647/759/1944 3646/760/1944 3644/755/1944
f 3644/755/1945 3646/760/1945 3649/750/1945 3636/749/1945
f 3647/759/1946 3668/761/1946 3648/762/1946 3646/760/1946
f 3646/760/1947 3648/762/1947 3650/763/1947 3649/750/1947
f 3649/750/1948 3650/763/1948 3613/708/1948 3637/737/1948
f 3648/762/1949 3652/764/1949 3651/765/1949 3650/763/1949
f 3650/763/1950 3651/765/1950 3616/738/1950 3613/708/1950
f 3652/764/1951 3654/766/1951 3653/767/1951 3651/765/1951
f 3651/765/1952 3653/767/1952 3618/739/1952 3616/738/1952
f 3654/766/1953 3656/768/1953 3655/769/1953 3653/767/1953
f 3653/767/1954 3655/769/1954 3657/740/1954 3618/739/1954
f 3658/770/1955 3655/769/1955 3656/768/1955 3659/771/1955
f 3625/742/1956 3657/740/1956 3655/769/1956 3658/770/1956
f 3627/743/1957 3625/742/1957 3658/770/1957 3660/772/1957
f 3660/772/1958 3658/770/1958 3659/771/1958 3661/773/1958
f 3630/718/1959 3627/743/1959 3660/772/1959 3640/752/1959
f 3640/752/1960 3660/772/1960 3661/773/1960 3642/753/1960
f 3661/773/1961 3659/771/1961 3663/774/1961 3662/775/1961
f 3642/753/1962 3661/773/1962 3662/775/1962 3664/756/1962
f 3647/759/1548 3645/758/1548 3643/757/1548 3664/756/1548 3662/775/1548 3663/774/1548 3665/776/1548 3666/777/1548 3667/778/1548 3668/761/1548
f 3659/771/1963 3656/768/1963 3665/776/1963 3663/774/1963
f 3666/777/1964 3665/776/1964 3656/768/1964 3654/766/1964
f 3667/778/1965 3666/777/1965 3654/766/1965 3652/764/1965
f 3668/761/1966 3667/778/1966 3652/764/1966 3648/762/1966
f 3606/705/1967 3583/704/1967 3586/704/1967 3669/705/1967
f 3603/733/1968 3669/705/1968 3670/779/1968 3671/732/1968
f 3669/705/1969 3586/704/1969 3673/722/1969 3670/779/1969
f 3671/732/1970 3670/779/1970 3672/780/1970 3703/781/1970
f 3670/779/1971 3673/722/1971 3674/782/1971 3672/780/1971
f 3673/722/1972 3587/721/1972 3675/783/1972 3674/782/1972
f 3674/782/1973 3675/783/1973 3677/784/1973 3676/785/1973
f 3672/780/1974 3674/782/1974 3676/785/1974 3679/786/1974
f 3676/785/1975 3677/784/1975 3695/787/1975 3678/788/1975
f 3679/786/1976 3676/785/1976 3678/788/1976 3681/789/1976
f 3703/781/1977 3672/780/1977 3679/786/1977 3680/790/1977
f 3680/790/1978 3679/786/1978 3681/789/1978 3682/791/1978
f 3695/787/1548 3693/792/1548 3691/793/1548 3689/794/1548 3687/795/1548 3685/796/1548 3683/797/1548 3682/791/1548 3681/789/1548 3678/788/1548
f 3682/791/1979 3683/797/1979 3684/798/1979 3680/790/1979
f 3683/797/1980 3685/796/1980 3686/799/1980 3684/798/1980
f 3685/796/1981 3687/795/1981 3688/800/1981 3686/799/1981
f 3687/795/1982 3689/794/1982 3690/801/1982 3688/800/1982
f 3689/794/1983 3691/793/1983 3692/802/1983 3690/801/1983
f 3694/803/1984 3692/802/1984 3691/793/1984 3693/792/1984
f 3677/784/1985 3694/803/1985 3693/792/1985 3695/787/1985
f 3696/804/1986 3697/805/1986 3692/802/1986 3694/803/1986
f 3675/783/1987 3696/804/1987 3694/803/1987 3677/784/1987
f 3589/723/1988 3591/724/1988 3697/805/1988 3696/804/1988
f 3587/721/1989 3589/723/1989 3696/804/1989 3675/783/1989
f 3698/712/1990 3697/805/1990 3591/724/1990 3699/725/1990
f 3690/801/1991 3692/802/1991 3697/805/1991 3698/712/1991
f 3688/800/1992 3690/801/1992 3698/712/1992 3700/806/1992
f 3700/806/1993 3698/712/1993 3699/725/1993 3598/730/1993
f 3686/799/1994 3688/800/1994 3700/806/1994 3701/807/1994
f 3701/807/1995 3700/806/1995 3598/730/1995 3600/729/1995
f 3684/798/1996 3686/799/1996 3701/807/1996 3702/808/1996
f 3702/808/1997 3701/807/1997 3600/729/1997 3602/731/1997
f 3680/790/1998 3684/798/1998 3702/808/1998 3703/781/1998
f 3703/781/1999 3702/808/1999 3602/731/1999 3671/732/1999
f 3704/364/1548 3705/809/1548 3751/735/1548 3752/734/1548 3753/708/1548 3754/582/1548 3301/578/1548 3303/365/1548
f 3706/363/1548 3708/717/1548 3709/716/1548 3749/715/1548 3705/809/1548 3704/364/1548
f 3706/363/1548 3707/362/1548 3790/713/1548 3791/712/1548 3768/711/1548 3767/710/1548 3765/592/1548 3764/584/1548 3762/706/1548 3763/719/1548 3710/718/1548 3708/717/1548
f 3708/717/2000 3711/717/2000 3713/741/2000 3709/716/2000
f 3710/718/2001 3714/744/2001 3711/717/2001 3708/717/2001
f 3711/717/2002 3712/743/2002 3747/742/2002 3713/741/2002
f 3714/744/2003 3716/718/2003 3712/743/2003 3711/717/2003
f 3715/745/2004 3717/746/2004 3716/718/2004 3714/744/2004
f 3763/719/2005 3715/745/2005 3714/744/2005 3710/718/2005
f 3717/746/2006 3719/751/2006 3718/752/2006 3716/718/2006
f 3716/718/2007 3718/752/2007 3721/772/2007 3712/743/2007
f 3719/751/2008 3729/754/2008 3720/753/2008 3718/752/2008
f 3718/752/2009 3720/753/2009 3723/773/2009 3721/772/2009
f 3712/743/2010 3721/772/2010 3722/770/2010 3747/742/2010
f 3721/772/2011 3723/773/2011 3724/771/2011 3722/770/2011
f 3723/773/2012 3725/775/2012 3726/774/2012 3724/771/2012
f 3720/753/2013 3727/756/2013 3725/775/2013 3723/773/2013
f 3732/759/1548 3734/761/1548 3736/778/1548 3738/777/1548 3740/776/1548 3726/774/1548 3725/775/1548 3727/756/1548 3728/757/1548 3730/758/1548
f 3729/754/2014 3728/757/2014 3727/756/2014 3720/753/2014
f 3731/755/2015 3730/758/2015 3728/757/2015 3729/754/2015
f 3730/758/2016 3731/755/2016 3733/760/2016 3732/759/2016
f 3732/759/2017 3733/760/2017 3735/762/2017 3734/761/2017
f 3734/761/2018 3735/762/2018 3737/764/2018 3736/778/2018
f 3736/778/2019 3737/764/2019 3739/766/2019 3738/777/2019
f 3738/777/2020 3739/766/2020 3741/768/2020 3740/776/2020
f 3724/771/2021 3726/774/2021 3740/776/2021 3741/768/2021
f 3739/766/2022 3743/767/2022 3742/769/2022 3741/768/2022
f 3722/770/2023 3724/771/2023 3741/768/2023 3742/769/2023
f 3743/767/2024 3745/739/2024 3744/740/2024 3742/769/2024
f 3747/742/2025 3722/770/2025 3742/769/2025 3744/740/2025
f 3745/739/2026 3748/739/2026 3746/715/2026 3744/740/2026
f 3713/741/2027 3747/742/2027 3744/740/2027 3746/715/2027
f 3749/715/2028 3746/715/2028 3748/739/2028 3751/735/2028 3705/809/2028
f 3709/716/2029 3713/741/2029 3746/715/2029 3749/715/2029
f 3832/738/2030 3750/734/2030 3748/739/2030 3745/739/2030
f 3751/735/2031 3748/739/2031 3750/734/2031 3752/734/2031
f 3752/734/2032 3750/734/2032 3756/736/2032 3753/708/2032
f 3754/582/1548 3753/708/1548 3755/707/1548 3762/706/1548 3764/584/1548
f 3753/708/2033 3756/736/2033 3758/707/2033 3755/707/2033
f 3759/737/2034 3758/707/2034 3756/736/2034 3757/708/2034
f 3757/708/2035 3756/736/2035 3750/734/2035 3832/738/2035
f 3761/748/2036 3760/747/2036 3758/707/2036 3759/737/2036
f 3755/707/2037 3758/707/2037 3760/747/2037 3762/706/2037
f 3760/747/2038 3761/748/2038 3717/746/2038 3715/745/2038
f 3762/706/2039 3760/747/2039 3715/745/2039 3763/719/2039
f 3765/592/1548 3767/710/1548 3769/709/1548 3778/702/1548 3766/586/1548
f 3768/711/2040 3772/727/2040 3770/728/2040 3767/710/2040
f 3767/710/2041 3770/728/2041 3773/709/2041 3769/709/2041
f 3771/729/2042 3770/728/2042 3772/727/2042 3796/730/2042
f 3774/731/2043 3773/709/2043 3770/728/2043 3771/729/2043
f 3776/732/2044 3775/733/2044 3773/709/2044 3774/731/2044
f 3769/709/2045 3773/709/2045 3775/733/2045 3778/702/2045
f 3775/733/2046 3776/732/2046 3806/779/2046 3777/705/2046
f 3778/702/2047 3775/733/2047 3777/705/2047 3779/705/2047
f 3766/586/1548 3778/702/1548 3779/705/1548 3780/704/1548 3781/703/1548 3827/361/1548 3297/360/1548 3299/577/1548
f 3779/705/2048 3777/705/2048 3782/704/2048 3780/704/2048
f 3780/704/2049 3782/704/2049 3784/703/2049 3781/703/2049
f 3782/704/2050 3783/722/2050 3785/721/2050 3784/703/2050
f 3777/705/2051 3806/779/2051 3783/722/2051 3782/704/2051
f 3784/703/2052 3785/721/2052 3787/723/2052 3786/720/2052
f 3781/703/2053 3784/703/2053 3786/720/2053 3789/714/2053
f 3786/720/2054 3787/723/2054 3795/724/2054 3788/713/2054
f 3789/714/2055 3786/720/2055 3788/713/2055 3790/713/2055
f 3827/361/1548 3781/703/1548 3789/714/1548 3790/713/1548 3707/362/1548
f 3790/713/2056 3788/713/2056 3792/726/2056 3791/712/2056
f 3791/712/2057 3792/726/2057 3772/727/2057 3768/711/2057
f 3793/725/2058 3792/726/2058 3788/713/2058 3795/724/2058
f 3796/730/2059 3772/727/2059 3792/726/2059 3793/725/2059
f 3794/712/2060 3793/725/2060 3795/724/2060 3826/805/2060
f 3797/806/2061 3796/730/2061 3793/725/2061 3794/712/2061
f 3799/807/2062 3771/729/2062 3796/730/2062 3797/806/2062
f 3800/799/2063 3799/807/2063 3797/806/2063 3798/800/2063
f 3798/800/2064 3797/806/2064 3794/712/2064 3820/801/2064
f 3802/798/2065 3801/808/2065 3799/807/2065 3800/799/2065
f 3801/808/2066 3774/731/2066 3771/729/2066 3799/807/2066
f 3804/790/2067 3803/781/2067 3801/808/2067 3802/798/2067
f 3803/781/2068 3776/732/2068 3774/731/2068 3801/808/2068
f 3803/781/2069 3804/790/2069 3807/786/2069 3805/780/2069
f 3776/732/2070 3803/781/2070 3805/780/2070 3806/779/2070
f 3806/779/2071 3805/780/2071 3808/782/2071 3783/722/2071
f 3805/780/2072 3807/786/2072 3810/785/2072 3808/782/2072
f 3783/722/2073 3808/782/2073 3809/783/2073 3785/721/2073
f 3808/782/2074 3810/785/2074 3811/784/2074 3809/783/2074
f 3810/785/2075 3812/788/2075 3813/787/2075 3811/784/2075
f 3807/786/2076 3814/789/2076 3812/788/2076 3810/785/2076
f 3813/787/1548 3812/788/1548 3814/789/1548 3815/791/1548 3816/797/1548 3817/796/1548 3818/795/1548 3819/794/1548 3821/793/1548 3823/792/1548
f 3804/790/2077 3815/791/2077 3814/789/2077 3807/786/2077
f 3815/791/2078 3804/790/2078 3802/798/2078 3816/797/2078
f 3816/797/2079 3802/798/2079 3800/799/2079 3817/796/2079
f 3817/796/2080 3800/799/2080 3798/800/2080 3818/795/2080
f 3818/795/2081 3798/800/2081 3820/801/2081 3819/794/2081
f 3819/794/2082 3820/801/2082 3822/802/2082 3821/793/2082
f 3824/803/2083 3823/792/2083 3821/793/2083 3822/802/2083
f 3811/784/2084 3813/787/2084 3823/792/2084 3824/803/2084
f 3825/804/2085 3824/803/2085 3822/802/2085 3826/805/2085
f 3809/783/2086 3811/784/2086 3824/803/2086 3825/804/2086
f 3787/723/2087 3825/804/2087 3826/805/2087 3795/724/2087
f 3785/721/2088 3809/783/2088 3825/804/2088 3787/723/2088
f 3820/801/2089 3794/712/2089 3826/805/2089 3822/802/2089
f 3828/749/2090 3761/748/2090 3759/737/2090 3829/750/2090
f 3761/748/2091 3828/749/2091 3719/751/2091 3717/746/2091
f 3731/755/2092 3828/749/2092 3829/750/2092 3733/760/2092
f 3828/749/2093 3731/755/2093 3729/754/2093 3719/751/2093
f 3733/760/2094 3829/750/2094 3830/763/2094 3735/762/2094
f 3829/750/2095 3759/737/2095 3757/708/2095 3830/763/2095
f 3735/762/2096 3830/763/2096 3831/765/2096 3737/764/2096
f 3830/763/2097 3757/708/2097 3832/738/2097 3831/765/2097
f 3737/764/2098 3831/765/2098 3743/767/2098 3739/766/2098
f 3831/765/2099 3832/738/2099 3745/739/2099 3743/767/2099
f 3862/810/1548 3863/590/1548 3292/579/1548 3294/353/1548 3833/355/1548 3834/595/1548 3861/596/1548 3860/594/1548
f 3835/356/1548 3837/617/1548 3838/620/1548 3834/595/1548 3833/355/1548
f 3900/610/1548 3899/588/1548 3852/589/1548 3850/599/1548 3849/597/1548 3848/606/1548 3839/607/1548 3837/617/1548 3835/356/1548 3836/357/1548 3919/608/1548 3918/609/1548
f 3837/617/1705 3840/616/1705 3842/619/1705 3838/620/1705
f 3839/607/1701 3843/612/1701 3840/616/1701 3837/617/1701
f 3840/616/2100 3841/615/2100 3868/618/2100 3842/619/2100
f 3843/612/1703 3844/614/1703 3841/615/1703 3840/616/1703
f 3845/611/1702 3846/613/1702 3844/614/1702 3843/612/1702
f 3848/606/1700 3845/611/1700 3843/612/1700 3839/607/1700
f 3847/597/1719 3878/604/1719 3846/613/1719 3845/611/1719
f 3849/597/1717 3847/597/1717 3845/611/1717 3848/606/1717
f 3850/599/1716 3853/599/1716 3847/597/1716 3849/597/1716
f 3852/589/1548 3863/590/1548 3862/810/1548 3851/598/1548 3850/599/1548
f 3851/598/1715 3855/598/1715 3853/599/1715 3850/599/1715
f 3854/603/2101 3853/599/2101 3855/598/2101 3856/602/2101
f 3853/599/1718 3854/603/1718 3878/604/1718 3847/597/1718
f 3856/602/1712 3855/598/1712 3857/594/1712 3858/594/1712
f 3860/594/1713 3857/594/1713 3855/598/1713 3851/598/1713 3862/810/1713
f 3858/594/1710 3857/594/1710 3859/600/1710 3864/601/1710
f 3861/596/2102 3859/600/2102 3857/594/2102 3860/594/2102
f 3834/595/1708 3865/621/1708 3859/600/1708 3861/596/1708
f 3864/601/1711 3859/600/1711 3865/621/1711 3866/622/1711
f 3866/622/2103 3865/621/2103 3842/619/2103 3868/618/2103
f 3838/620/1707 3842/619/1707 3865/621/1707 3834/595/1707
f 3867/623/1730 3866/622/1730 3868/618/1730 3869/624/1730
f 3886/625/1731 3864/601/1731 3866/622/1731 3867/623/1731
f 3841/615/2104 3871/651/2104 3869/624/2104 3868/618/2104
f 3889/629/1729 3867/623/1729 3869/624/1729 3870/648/1729
f 3871/651/1727 3872/649/1727 3870/648/1727 3869/624/1727
f 3844/614/2105 3873/614/2105 3871/651/2105 3841/615/2105
f 3873/614/1725 3874/650/1725 3872/649/1725 3871/651/1725
f 3846/613/1722 3875/636/1722 3873/614/1722 3844/614/1722
f 3875/636/2106 3876/637/2106 3874/650/2106 3873/614/2106
f 3878/604/1721 3877/635/1721 3875/636/1721 3846/613/1721
f 3877/635/1724 3879/634/1724 3876/637/1724 3875/636/1724
f 3854/603/1720 3880/633/1720 3877/635/1720 3878/604/1720
f 3880/633/1749 3881/632/1749 3879/634/1749 3877/635/1749
f 3881/632/1748 3880/633/1748 3882/631/1748 3883/630/1748
f 3880/633/1747 3854/603/1747 3856/602/1747 3882/631/1747
f 3883/630/1743 3882/631/1743 3884/626/1743 3885/627/1743
f 3882/631/1745 3856/602/1745 3858/594/1745 3884/626/1745
f 3885/627/1744 3884/626/1744 3886/625/1744 3887/628/1744
f 3884/626/1746 3858/594/1746 3864/601/1746 3886/625/1746
f 3887/628/1732 3886/625/1732 3867/623/1732 3889/629/1732
f 3898/643/1742 3885/627/1742 3887/628/1742 3888/644/1742
f 3888/644/1733 3887/628/1733 3889/629/1733 3890/645/1733
f 3890/645/1734 3889/629/1734 3870/648/1734 3891/646/1734
f 3893/641/1548 3894/639/1548 3895/638/1548 3896/640/1548 3897/642/1548 3898/643/1548 3888/644/1548 3890/645/1548 3891/646/1548 3892/647/1548
f 3872/649/1735 3892/647/1735 3891/646/1735 3870/648/1735
f 3874/650/1736 3893/641/1736 3892/647/1736 3872/649/1736
f 3876/637/2107 3894/639/2107 3893/641/2107 3874/650/2107
f 3879/634/1738 3895/638/1738 3894/639/1738 3876/637/1738
f 3881/632/1739 3896/640/1739 3895/638/1739 3879/634/1739
f 3896/640/1740 3881/632/1740 3883/630/1740 3897/642/1740
f 3897/642/1741 3883/630/1741 3885/627/1741 3898/643/1741
f 3899/588/1548 3900/610/1548 3913/605/1548 3904/665/1548 3902/664/1548 3901/591/1548
f 3960/652/1548 3961/358/1548 3288/359/1548 3290/580/1548 3901/591/1548 3902/664/1548 3903/667/1548
f 3902/664/1751 3905/664/1751 3907/668/1751 3903/667/1751
f 3904/665/1750 3908/666/1750 3905/664/1750 3902/664/1750
f 3905/664/2108 3906/664/2108 3955/669/2108 3907/668/2108
f 3908/666/2109 3909/670/2109 3906/664/2109 3905/664/2109
f 3909/670/1796 3908/666/1796 3910/663/1796 3911/662/1796
f 3913/605/1798 3910/663/1798 3908/666/1798 3904/665/1798
f 3911/662/1795 3910/663/1795 3912/610/1795 3914/661/1795
f 3900/610/1797 3912/610/1797 3910/663/1797 3913/605/1797
f 3914/661/1794 3912/610/1794 3915/657/1794 3916/660/1794
f 3918/609/1799 3915/657/1799 3912/610/1799 3900/610/1799
f 3916/660/2110 3915/657/2110 3917/656/2110 3927/658/2110
f 3919/608/1759 3917/656/1759 3915/657/1759 3918/609/1759
f 3961/358/1548 3960/652/1548 3921/653/1548 3920/654/1548 3919/608/1548 3836/357/1548
f 3920/654/1760 3922/655/1760 3917/656/1760 3919/608/1760
f 3921/653/1758 3923/701/1758 3922/655/1758 3920/654/1758
f 3923/701/1763 3925/682/1763 3924/659/1763 3922/655/1763
f 3927/658/1762 3917/656/1762 3922/655/1762 3924/659/1762
f 3925/682/2111 3958/683/2111 3926/680/2111 3924/659/2111
f 3928/678/2112 3927/658/2112 3924/659/2112 3926/680/2112
f 3930/657/2113 3916/660/2113 3927/658/2113 3928/678/2113
f 3929/679/1793 3928/678/1793 3926/680/1793 3947/681/1793
f 3931/677/1792 3930/657/1792 3928/678/1792 3929/679/1792
f 3933/676/1788 3932/673/1788 3930/657/1788 3931/677/1788
f 3932/673/1790 3914/661/1790 3916/660/1790 3930/657/1790
f 3935/675/1787 3934/672/1787 3932/673/1787 3933/676/1787
f 3934/672/1789 3911/662/1789 3914/661/1789 3932/673/1789
f 3938/674/1776 3936/671/1776 3934/672/1776 3935/675/1776
f 3936/671/1775 3909/670/1775 3911/662/1775 3934/672/1775
f 3909/670/1774 3936/671/1774 3937/664/1774 3906/664/1774
f 3936/671/1773 3938/674/1773 3939/695/1773 3937/664/1773
f 3938/674/1778 3940/689/1778 3941/688/1778 3939/695/1778
f 3940/689/1777 3938/674/1777 3935/675/1777 3942/690/1777
f 3941/688/1548 3940/689/1548 3942/690/1548 3943/691/1548 3944/692/1548 3945/687/1548 3946/686/1548 3948/685/1548 3950/693/1548 3952/694/1548
f 3942/690/1786 3935/675/1786 3933/676/1786 3943/691/1786
f 3943/691/2114 3933/676/2114 3931/677/2114 3944/692/2114
f 3944/692/1784 3931/677/1784 3929/679/1784 3945/687/1784
f 3945/687/1783 3929/679/1783 3947/681/1783 3946/686/1783
f 3949/684/1782 3948/685/1782 3946/686/1782 3947/681/1782
f 3951/697/1781 3950/693/1781 3948/685/1781 3949/684/1781
f 3953/696/2115 3952/694/2115 3950/693/2115 3951/697/2115
f 3939/695/1779 3941/688/1779 3952/694/1779 3953/696/1779
f 3937/664/1771 3939/695/1771 3953/696/1771 3954/669/1771
f 3954/669/1769 3953/696/1769 3951/697/1769 3956/698/1769
f 3906/664/1772 3937/664/1772 3954/669/1772 3955/669/1772
f 3955/669/1770 3954/669/1770 3956/698/1770 3957/699/1770
f 3957/699/2116 3956/698/2116 3958/683/2116 3925/682/2116
f 3956/698/1768 3951/697/1768 3949/684/1768 3958/683/1768
f 3958/683/1767 3949/684/1767 3947/681/1767 3926/680/1767
f 3959/700/1756 3957/699/1756 3925/682/1756 3923/701/1756
f 3907/668/1754 3955/669/1754 3957/699/1754 3959/700/1754
f 3960/652/1757 3959/700/1757 3923/701/1757 3921/653/1757
f 3903/667/1755 3907/668/1755 3959/700/1755 3960/652/1755
f 3286/359/1548 3962/358/1548 3963/653/1548 4045/652/1548 3990/667/1548 3989/664/1548 3988/591/1548 3284/580/1548
f 3963/653/1548 3962/358/1548 3964/357/1548 3965/608/1548 4010/654/1548
f 3964/357/1548 3966/356/1548 3967/607/1548 4046/606/1548 3985/597/1548 3984/589/1548 3986/588/1548 3987/610/1548 4005/609/1548 3965/608/1548
f 3967/607/1548 3966/356/1548 3968/355/1548 3970/595/1548 3971/620/1548 4090/617/1548
f 3969/354/1548 3280/353/1548 3282/579/1548 3983/590/1548 3981/594/1548 3972/596/1548 3970/595/1548 3968/355/1548
f 3971/620/1809 3970/595/1809 3973/621/1809 3975/619/1809
f 3970/595/1813 3972/596/1813 3976/600/1813 3973/621/1813
f 3974/622/2117 4065/618/2117 3975/619/2117 3973/621/2117
f 3977/601/1812 3974/622/1812 3973/621/1812 3976/600/1812
f 3979/594/1814 3977/601/1814 3976/600/1814 3978/594/1814
f 3972/596/1815 3981/594/1815 3978/594/1815 3976/600/1815
f 4054/602/1819 3979/594/1819 3978/594/1819 3980/598/1819
f 3981/594/1816 3982/598/1816 3980/598/1816 3978/594/1816
f 3983/590/1548 3984/589/1548 3985/597/1548 4047/599/1548 3982/598/1548 3981/594/1548
f 3987/610/1548 3986/588/1548 3988/591/1548 3989/664/1548 3991/665/1548 4000/605/1548
f 3989/664/1859 3990/667/1859 3994/668/1859 3992/664/1859
f 3991/665/1863 3989/664/1863 3992/664/1863 3995/666/1863
f 3992/664/1860 3994/668/1860 4041/669/1860 3993/664/1860
f 3995/666/2118 3992/664/2118 3993/664/2118 3996/670/2118
f 3996/670/1864 3998/662/1864 3997/663/1864 3995/666/1864
f 4000/605/1865 3991/665/1865 3995/666/1865 3997/663/1865
f 3998/662/1896 4001/661/1896 3999/610/1896 3997/663/1896
f 3987/610/2119 4000/605/2119 3997/663/2119 3999/610/2119
f 4001/661/1897 4003/660/1897 4002/657/1897 3999/610/1897
f 4005/609/1899 3987/610/1899 3999/610/1899 4002/657/1899
f 4003/660/2120 4006/658/2120 4004/656/2120 4002/657/2120
f 3965/608/1850 4005/609/1850 4002/657/1850 4004/656/1850
f 4006/658/1853 4009/659/1853 4007/655/1853 4004/656/1853
f 4010/654/1851 3965/608/1851 4004/656/1851 4007/655/1851
f 4008/701/1854 4007/655/1854 4009/659/1854 4011/682/1854
f 3963/653/1855 4010/654/1855 4007/655/1855 4008/701/1855
f 4011/682/2121 4009/659/2121 4012/680/2121 4013/683/2121
f 4015/678/2122 4012/680/2122 4009/659/2122 4006/658/2122
f 4013/683/1876 4012/680/1876 4014/681/1876 4035/684/1876
f 4016/679/1879 4014/681/1879 4012/680/1879 4015/678/1879
f 4018/677/1890 4016/679/1890 4015/678/1890 4017/657/1890
f 4017/657/2123 4015/678/2123 4006/658/2123 4003/660/2123
f 4020/676/1891 4018/677/1891 4017/657/1891 4019/673/1891
f 4019/673/1893 4017/657/1893 4003/660/1893 4001/661/1893
f 4022/675/1895 4020/676/1895 4019/673/1895 4021/672/1895
f 4021/672/1894 4019/673/1894 4001/661/1894 3998/662/1894
f 4025/674/1868 4022/675/1868 4021/672/1868 4023/671/1868
f 4023/671/1866 4021/672/1866 3998/662/1866 3996/670/1866
f 3996/670/1867 3993/664/1867 4024/664/1867 4023/671/1867
f 4023/671/1869 4024/664/1869 4026/695/1869 4025/674/1869
f 4025/674/1885 4026/695/1885 4028/688/1885 4027/689/1885
f 4027/689/1886 4029/690/1886 4022/675/1886 4025/674/1886
f 4028/688/1548 4038/694/1548 4036/693/1548 4034/685/1548 4033/686/1548 4032/687/1548 4031/692/1548 4030/691/1548 4029/690/1548 4027/689/1548
f 4029/690/1887 4030/691/1887 4020/676/1887 4022/675/1887
f 4030/691/2124 4031/692/2124 4018/677/2124 4020/676/2124
f 4031/692/1889 4032/687/1889 4016/679/1889 4018/677/1889
f 4032/687/1880 4033/686/1880 4014/681/1880 4016/679/1880
f 4035/684/1881 4014/681/1881 4033/686/1881 4034/685/1881
f 4037/697/1882 4035/684/1882 4034/685/1882 4036/693/1882
f 4039/696/2125 4037/697/2125 4036/693/2125 4038/694/2125
f 4026/695/1884 4039/696/1884 4038/694/1884 4028/688/1884
f 4024/664/1870 4040/669/1870 4039/696/1870 4026/695/1870
f 4040/669/1872 4042/698/1872 4037/697/1872 4039/696/1872
f 3993/664/2126 4041/669/2126 4040/669/2126 4024/664/2126
f 4041/669/1873 4043/699/1873 4042/698/1873 4040/669/1873
f 4043/699/2127 4011/682/2127 4013/683/2127 4042/698/2127
f 4042/698/1874 4013/683/1874 4035/684/1874 4037/697/1874
f 4044/700/1856 4008/701/1856 4011/682/1856 4043/699/1856
f 3994/668/1861 4044/700/1861 4043/699/1861 4041/669/1861
f 4045/652/2128 3963/653/2128 4008/701/2128 4044/700/2128
f 3990/667/1858 4045/652/1858 4044/700/1858 3994/668/1858
f 3985/597/1801 4046/606/1801 4050/611/1801 4048/597/1801
f 4047/599/1800 3985/597/1800 4048/597/1800 4051/599/1800
f 4048/597/2129 4050/611/2129 4073/613/2129 4049/604/2129
f 4051/599/1802 4048/597/1802 4049/604/1802 4052/603/1802
f 4052/603/2130 4054/602/2130 3980/598/2130 4051/599/2130
f 3982/598/1817 4047/599/1817 4051/599/1817 3980/598/1817
f 4053/633/1820 4055/631/1820 4054/602/1820 4052/603/1820
f 4052/603/1838 4049/604/1838 4075/635/1838 4053/633/1838
f 4055/631/1821 4057/626/1821 3979/594/1821 4054/602/1821
f 4078/632/1839 4056/630/1839 4055/631/1839 4053/633/1839
f 4056/630/1823 4058/627/1823 4057/626/1823 4055/631/1823
f 4058/627/1824 4060/628/1824 4059/625/1824 4057/626/1824
f 4057/626/1822 4059/625/1822 3977/601/1822 3979/594/1822
f 4060/628/1826 4062/629/1826 4061/623/1826 4059/625/1826
f 4059/625/1825 4061/623/1825 3974/622/1825 3977/601/1825
f 4062/629/1828 4064/648/1828 4063/624/1828 4061/623/1828
f 4061/623/1827 4063/624/1827 4065/618/1827 3974/622/1827
f 4066/651/1829 4063/624/1829 4064/648/1829 4068/649/1829
f 4067/615/2131 4065/618/2131 4063/624/2131 4066/651/2131
f 4070/614/2132 4067/615/2132 4066/651/2132 4069/614/2132
f 4069/614/1831 4066/651/1831 4068/649/1831 4071/650/1831
f 4073/613/1834 4070/614/1834 4069/614/1834 4072/636/1834
f 4072/636/1833 4069/614/1833 4071/650/1833 4074/637/1833
f 4049/604/1836 4073/613/1836 4072/636/1836 4075/635/1836
f 4075/635/1835 4072/636/1835 4074/637/1835 4076/634/1835
f 4053/633/1837 4075/635/1837 4076/634/1837 4078/632/1837
f 4076/634/1849 4074/637/1849 4087/639/1849 4077/638/1849
f 4078/632/1840 4076/634/1840 4077/638/1840 4079/640/1840
f 4079/640/1841 4080/642/1841 4056/630/1841 4078/632/1841
f 4086/641/1548 4085/647/1548 4084/646/1548 4083/645/1548 4082/644/1548 4081/643/1548 4080/642/1548 4079/640/1548 4077/638/1548 4087/639/1548
f 4080/642/1842 4081/643/1842 4058/627/1842 4056/630/1842
f 4081/643/1843 4082/644/1843 4060/628/1843 4058/627/1843
f 4082/644/1844 4083/645/1844 4062/629/1844 4060/628/1844
f 4083/645/1845 4084/646/1845 4064/648/1845 4062/629/1845
f 4068/649/1846 4064/648/1846 4084/646/1846 4085/647/1846
f 4071/650/1847 4068/649/1847 4085/647/1847 4086/641/1847
f 4074/637/1848 4071/650/1848 4086/641/1848 4087/639/1848
f 4050/611/1804 4088/612/1804 4070/614/1804 4073/613/1804
f 4088/612/2133 4089/616/2133 4067/615/2133 4070/614/2133
f 3967/607/1807 4090/617/1807 4089/616/1807 4088/612/1807
f 4046/606/2134 3967/607/2134 4088/612/2134 4050/611/2134
f 4089/616/2135 3975/619/2135 4065/618/2135 4067/615/2135
f 4090/617/1808 3971/620/1808 3975/619/1808 4089/616/1808
f 4162/702/1548 4161/586/1548 3275/577/1548 3277/360/1548 4091/361/1548 4092/703/1548 4173/704/1548 4163/705/1548
f 4093/362/1548 4094/713/1548 4178/714/1548 4092/703/1548 4091/361/1548
f 4094/713/1548 4093/362/1548 4095/363/1548 4096/717/1548 4111/718/1548 4112/719/1548 4113/706/1548 4114/584/1548 4159/587/1548 4160/710/1548 4184/711/1548 4183/712/1548
f 4096/717/1548 4095/363/1548 4097/364/1548 4098/715/1548 4099/716/1548
f 4123/708/1548 4125/734/1548 4100/735/1548 4098/715/1548 4097/364/1548 3271/365/1548 3273/578/1548 4124/581/1548
f 4099/716/1934 4098/715/1934 4101/715/1934 4104/741/1934
f 4098/715/1933 4100/735/1933 4103/739/1933 4101/715/1933
f 4128/739/1936 4102/740/1936 4101/715/1936 4103/739/1936
f 4104/741/1935 4101/715/1935 4102/740/1935 4105/742/1935
f 4106/717/1919 4104/741/1919 4105/742/1919 4107/743/1919
f 4096/717/1917 4099/716/1917 4104/741/1917 4106/717/1917
f 4108/744/2136 4106/717/2136 4107/743/2136 4110/718/2136
f 4111/718/1918 4096/717/1918 4106/717/1918 4108/744/1918
f 4109/745/1921 4108/744/1921 4110/718/1921 4158/746/1921
f 4112/719/1922 4111/718/1922 4108/744/1922 4109/745/1922
f 4113/706/1924 4112/719/1924 4109/745/1924 4116/747/1924
f 4114/584/1548 4113/706/1548 4115/707/1548 4123/708/1548 4124/581/1548
f 4115/707/1925 4113/706/1925 4116/747/1925 4118/707/1925
f 4117/748/2137 4119/737/2137 4118/707/2137 4116/747/2137
f 4116/747/1923 4109/745/1923 4158/746/1923 4117/748/1923
f 4119/737/1928 4121/708/1928 4120/736/1928 4118/707/1928
f 4123/708/1926 4115/707/1926 4118/707/1926 4120/736/1926
f 4121/708/2138 4126/738/2138 4122/734/2138 4120/736/2138
f 4125/734/1930 4123/708/1930 4120/736/1930 4122/734/1930
f 4100/735/1932 4125/734/1932 4122/734/1932 4103/739/1932
f 4126/738/1931 4128/739/1931 4103/739/1931 4122/734/1931
f 4127/765/1939 4129/767/1939 4128/739/1939 4126/738/1939
f 4153/763/1959 4127/765/1959 4126/738/1959 4121/708/1959
f 4129/767/2139 4131/769/2139 4102/740/2139 4128/739/2139
f 4148/764/1940 4130/766/1940 4129/767/1940 4127/765/1940
f 4130/766/1941 4132/768/1941 4131/769/1941 4129/767/1941
f 4133/770/1945 4131/769/1945 4132/768/1945 4134/771/1945
f 4105/742/1937 4102/740/1937 4131/769/1937 4133/770/1937
f 4107/743/1948 4105/742/1948 4133/770/1948 4135/772/1948
f 4135/772/1947 4133/770/1947 4134/771/1947 4136/773/1947
f 4110/718/1950 4107/743/1950 4135/772/1950 4137/752/1950
f 4137/752/1949 4135/772/1949 4136/773/1949 4139/753/1949
f 4158/746/2140 4110/718/2140 4137/752/2140 4138/751/2140
f 4138/751/1951 4137/752/1951 4139/753/1951 4140/754/1951
f 4140/754/1965 4139/753/1965 4141/756/1965 4142/757/1965
f 4139/753/1966 4136/773/1966 4143/775/1966 4141/756/1966
f 4150/759/1548 4157/758/1548 4142/757/1548 4141/756/1548 4143/775/1548 4144/774/1548 4145/776/1548 4146/777/1548 4147/778/1548 4149/761/1548
f 4136/773/1946 4134/771/1946 4144/774/1946 4143/775/1946
f 4134/771/1944 4132/768/1944 4145/776/1944 4144/774/1944
f 4146/777/1943 4145/776/1943 4132/768/1943 4130/766/1943
f 4147/778/1942 4146/777/1942 4130/766/1942 4148/764/1942
f 4149/761/1962 4147/778/1962 4148/764/1962 4151/762/1962
f 4150/759/1961 4149/761/1961 4151/762/1961 4152/760/1961
f 4152/760/1958 4151/762/1958 4153/763/1958 4154/750/1958
f 4151/762/1960 4148/764/1960 4127/765/1960 4153/763/1960
f 4154/750/1957 4153/763/1957 4121/708/1957 4119/737/1957
f 4156/755/1955 4152/760/1955 4154/750/1955 4155/749/1955
f 4155/749/1956 4154/750/1956 4119/737/1956 4117/748/1956
f 4155/749/1953 4138/751/1953 4140/754/1953 4156/755/1953
f 4117/748/2141 4158/746/2141 4138/751/2141 4155/749/2141
f 4157/758/1963 4150/759/1963 4152/760/1963 4156/755/1963
f 4156/755/1964 4140/754/1964 4142/757/1964 4157/758/1964
f 4160/710/1548 4159/587/1548 4161/586/1548 4162/702/1548 4164/709/1548
f 4162/702/1907 4163/705/1907 4168/705/1907 4165/733/1907
f 4164/709/1905 4162/702/1905 4165/733/1905 4167/709/1905
f 4166/732/1904 4189/731/1904 4167/709/1904 4165/733/1904
f 4165/733/1906 4168/705/1906 4169/779/1906 4166/732/1906
f 4168/705/1911 4170/704/1911 4171/722/1911 4169/779/1911
f 4163/705/1908 4173/704/1908 4170/704/1908 4168/705/1908
f 4170/704/1910 4172/703/1910 4174/721/1910 4171/722/1910
f 4173/704/1909 4092/703/1909 4172/703/1909 4170/704/1909
f 4172/703/1912 4175/720/1912 4176/723/1912 4174/721/1912
f 4092/703/1913 4178/714/1913 4175/720/1913 4172/703/1913
f 4175/720/1914 4177/713/1914 4179/724/1914 4176/723/1914
f 4178/714/1915 4094/713/1915 4177/713/1915 4175/720/1915
f 4181/725/1968 4179/724/1968 4177/713/1968 4180/726/1968
f 4094/713/1916 4183/712/1916 4180/726/1916 4177/713/1916
f 4185/730/1969 4181/725/1969 4180/726/1969 4182/727/1969
f 4183/712/1967 4184/711/1967 4182/727/1967 4180/726/1967
f 4184/711/1900 4160/710/1900 4186/728/1900 4182/727/1900
f 4187/729/1902 4185/730/1902 4182/727/1902 4186/728/1902
f 4189/731/1903 4187/729/1903 4186/728/1903 4167/709/1903
f 4160/710/1901 4164/709/1901 4167/709/1901 4186/728/1901
f 4188/807/1972 4218/806/1972 4185/730/1972 4187/729/1972
f 4190/808/2142 4188/807/2142 4187/729/2142 4189/731/2142
f 4192/781/1988 4190/808/1988 4189/731/1988 4166/732/1988
f 4193/790/1986 4191/798/1986 4190/808/1986 4192/781/1986
f 4191/798/1987 4206/799/1987 4188/807/1987 4190/808/1987
f 4192/781/1991 4194/780/1991 4195/786/1991 4193/790/1991
f 4166/732/1990 4169/779/1990 4194/780/1990 4192/781/1990
f 4169/779/1993 4171/722/1993 4196/782/1993 4194/780/1993
f 4194/780/1992 4196/782/1992 4198/785/1992 4195/786/1992
f 4171/722/1995 4174/721/1995 4197/783/1995 4196/782/1995
f 4196/782/1994 4197/783/1994 4199/784/1994 4198/785/1994
f 4198/785/1981 4199/784/1981 4201/787/1981 4200/788/1981
f 4195/786/1982 4198/785/1982 4200/788/1982 4202/789/1982
f 4201/787/1548 4213/792/1548 4211/793/1548 4209/794/1548 4207/795/1548 4205/796/1548 4204/797/1548 4203/791/1548 4202/789/1548 4200/788/1548
f 4193/790/1983 4195/786/1983 4202/789/1983 4203/791/1983
f 4203/791/1984 4204/797/1984 4191/798/1984 4193/790/1984
f 4204/797/1985 4205/796/1985 4206/799/1985 4191/798/1985
f 4205/796/1975 4207/795/1975 4208/800/1975 4206/799/1975
f 4207/795/1976 4209/794/1976 4210/801/1976 4208/800/1976
f 4209/794/1978 4211/793/1978 4212/802/1978 4210/801/1978
f 4214/803/1979 4212/802/1979 4211/793/1979 4213/792/1979
f 4199/784/1980 4214/803/1980 4213/792/1980 4201/787/1980
f 4215/804/1998 4216/805/1998 4212/802/1998 4214/803/1998
f 4197/783/2143 4215/804/2143 4214/803/2143 4199/784/2143
f 4176/723/1999 4179/724/1999 4216/805/1999 4215/804/1999
f 4174/721/1997 4176/723/1997 4215/804/1997 4197/783/1997
f 4217/712/2144 4216/805/2144 4179/724/2144 4181/725/2144
f 4210/801/1977 4212/802/1977 4216/805/1977 4217/712/1977
f 4208/800/1974 4210/801/1974 4217/712/1974 4218/806/1974
f 4218/806/1971 4217/712/1971 4181/725/1971 4185/730/1971
f 4206/799/1973 4208/800/1973 4218/806/1973 4188/807/1973
f 4267/708/1548 4268/581/1548 3267/578/1548 3269/365/1548 4219/364/1548 4220/715/1548 4265/735/1548 4266/734/1548
f 4220/715/1548 4219/364/1548 4221/575/1548 4223/717/1548 4224/716/1548
f 4222/362/1548 4298/713/1548 4306/712/1548 4307/711/1548 4308/710/1548 4282/709/1548 4281/585/1548 4279/584/1548 4277/811/1548 4278/719/1548 4225/718/1548 4223/717/1548 4221/575/1548
f 4223/717/2033 4226/717/2033 4228/741/2033 4224/716/2033
f 4225/718/2032 4229/744/2032 4226/717/2032 4223/717/2032
f 4226/717/2034 4227/743/2034 4262/742/2034 4228/741/2034
f 4229/744/2035 4231/718/2035 4227/743/2035 4226/717/2035
f 4230/745/2030 4232/746/2030 4231/718/2030 4229/744/2030
f 4278/719/2031 4230/745/2031 4229/744/2031 4225/718/2031
f 4232/746/2099 4234/751/2099 4233/752/2099 4231/718/2099
f 4231/718/2097 4233/752/2097 4236/772/2097 4227/743/2097
f 4234/751/2098 4244/754/2098 4235/753/2098 4233/752/2098
f 4233/752/2096 4235/753/2096 4238/773/2096 4236/772/2096
f 4227/743/2095 4236/772/2095 4237/770/2095 4262/742/2095
f 4236/772/2094 4238/773/2094 4239/771/2094 4237/770/2094
f 4238/773/2017 4240/775/2017 4241/774/2017 4239/771/2017
f 4235/753/2018 4242/756/2018 4240/775/2018 4238/773/2018
f 4247/759/1548 4249/761/1548 4251/778/1548 4253/777/1548 4255/776/1548 4241/774/1548 4240/775/1548 4242/756/1548 4243/757/1548 4245/758/1548
f 4244/754/2019 4243/757/2019 4242/756/2019 4235/753/2019
f 4246/755/2020 4245/758/2020 4243/757/2020 4244/754/2020
f 4245/758/2021 4246/755/2021 4248/760/2021 4247/759/2021
f 4247/759/2012 4248/760/2012 4250/762/2012 4249/761/2012
f 4249/761/2013 4250/762/2013 4252/764/2013 4251/778/2013
f 4251/778/2014 4252/764/2014 4254/766/2014 4253/777/2014
f 4253/777/2015 4254/766/2015 4256/768/2015 4255/776/2015
f 4239/771/2016 4241/774/2016 4255/776/2016 4256/768/2016
f 4254/766/2093 4258/767/2093 4257/769/2093 4256/768/2093
f 4237/770/2092 4239/771/2092 4256/768/2092 4257/769/2092
f 4258/767/2145 4260/739/2145 4259/740/2145 4257/769/2145
f 4262/742/2090 4237/770/2090 4257/769/2090 4259/740/2090
f 4260/739/2038 4263/739/2038 4261/715/2038 4259/740/2038
f 4228/741/2146 4262/742/2146 4259/740/2146 4261/715/2146
f 4220/715/2039 4261/715/2039 4263/739/2039 4265/735/2039
f 4224/716/2037 4228/741/2037 4261/715/2037 4220/715/2037
f 4349/738/2004 4264/734/2004 4263/739/2004 4260/739/2004
f 4265/735/2005 4263/739/2005 4264/734/2005 4266/734/2005
f 4266/734/2001 4264/734/2001 4270/736/2001 4267/708/2001
f 4344/582/1548 4268/581/1548 4267/708/1548 4269/707/1548 4276/706/1548 4277/811/1548 4279/584/1548 4280/583/1548
f 4267/708/2000 4270/736/2000 4272/707/2000 4269/707/2000
f 4273/737/2002 4272/707/2002 4270/736/2002 4271/708/2002
f 4271/708/2003 4270/736/2003 4264/734/2003 4349/738/2003
f 4275/748/2027 4274/747/2027 4272/707/2027 4273/737/2027
f 4269/707/2029 4272/707/2029 4274/747/2029 4276/706/2029
f 4274/747/2026 4275/748/2026 4232/746/2026 4230/745/2026
f 4276/706/2028 4274/747/2028 4230/745/2028 4278/719/2028 4277/811/2028
f 4281/585/1548 4282/709/1548 4284/702/1548 4283/586/1548
f 4295/703/1548 4296/714/1548 4297/366/1548 3260/360/1548 3265/577/1548 4283/586/1548 4284/702/1548 4285/705/1548 4294/704/1548
f 4284/702/2056 4286/733/2056 4289/705/2056 4285/705/2056
f 4282/709/2055 4288/709/2055 4286/733/2055 4284/702/2055
f 4287/732/2054 4286/733/2054 4288/709/2054 4313/731/2054
f 4286/733/2147 4287/732/2147 4290/779/2147 4289/705/2147
f 4289/705/2059 4290/779/2059 4292/722/2059 4291/704/2059
f 4285/705/2057 4289/705/2057 4291/704/2057 4294/704/2057
f 4291/704/2042 4292/722/2042 4343/721/2042 4293/703/2042
f 4294/704/2040 4291/704/2040 4293/703/2040 4295/703/2040
f 4295/703/2041 4293/703/2041 4299/720/2041 4296/714/2041
f 4297/366/1548 4296/714/1548 4298/713/1548 4222/362/1548
f 4296/714/2045 4299/720/2045 4301/713/2045 4298/713/2045
f 4299/720/2044 4300/723/2044 4302/724/2044 4301/713/2044
f 4293/703/2148 4343/721/2148 4300/723/2148 4299/720/2148
f 4304/725/2046 4303/726/2046 4301/713/2046 4302/724/2046
f 4298/713/2149 4301/713/2149 4303/726/2149 4306/712/2149
f 4312/730/2051 4305/727/2051 4303/726/2051 4304/725/2051
f 4306/712/2048 4303/726/2048 4305/727/2048 4307/711/2048
f 4307/711/2049 4305/727/2049 4309/728/2049 4308/710/2049
f 4308/710/2053 4309/728/2053 4288/709/2053 4282/709/2053
f 4310/729/2050 4309/728/2050 4305/727/2050 4312/730/2050
f 4313/731/2052 4288/709/2052 4309/728/2052 4310/729/2052
f 4311/807/2150 4310/729/2150 4312/730/2150 4342/806/2150
f 4314/808/2088 4313/731/2088 4310/729/2088 4311/807/2088
f 4316/781/2087 4287/732/2087 4313/731/2087 4314/808/2087
f 4317/790/2085 4316/781/2085 4314/808/2085 4315/798/2085
f 4315/798/2086 4314/808/2086 4311/807/2086 4330/799/2086
f 4316/781/2089 4317/790/2089 4319/786/2089 4318/780/2089
f 4287/732/2151 4316/781/2151 4318/780/2151 4290/779/2151
f 4290/779/2061 4318/780/2061 4320/782/2061 4292/722/2061
f 4318/780/2064 4319/786/2064 4322/785/2064 4320/782/2064
f 4292/722/2152 4320/782/2152 4321/783/2152 4343/721/2152
f 4320/782/2063 4322/785/2063 4323/784/2063 4321/783/2063
f 4322/785/2080 4324/788/2080 4325/787/2080 4323/784/2080
f 4319/786/2081 4326/789/2081 4324/788/2081 4322/785/2081
f 4325/787/1548 4324/788/1548 4326/789/1548 4327/791/1548 4328/797/1548 4329/796/1548 4331/795/1548 4333/794/1548 4335/793/1548 4337/792/1548
f 4317/790/2153 4327/791/2153 4326/789/2153 4319/786/2153
f 4327/791/2083 4317/790/2083 4315/798/2083 4328/797/2083
f 4328/797/2084 4315/798/2084 4330/799/2084 4329/796/2084
f 4329/796/2075 4330/799/2075 4332/800/2075 4331/795/2075
f 4331/795/2076 4332/800/2076 4334/801/2076 4333/794/2076
f 4333/794/2154 4334/801/2154 4336/802/2154 4335/793/2154
f 4338/803/2078 4337/792/2078 4335/793/2078 4336/802/2078
f 4323/784/2079 4325/787/2079 4337/792/2079 4338/803/2079
f 4339/804/2067 4338/803/2067 4336/802/2067 4340/805/2067
f 4321/783/2065 4323/784/2065 4338/803/2065 4339/804/2065
f 4300/723/2068 4339/804/2068 4340/805/2068 4302/724/2068
f 4343/721/2155 4321/783/2155 4339/804/2155 4300/723/2155
f 4341/712/2156 4304/725/2156 4302/724/2156 4340/805/2156
f 4334/801/2069 4341/712/2069 4340/805/2069 4336/802/2069
f 4332/800/2072 4342/806/2072 4341/712/2072 4334/801/2072
f 4342/806/2071 4312/730/2071 4304/725/2071 4341/712/2071
f 4330/799/2074 4311/807/2074 4342/806/2074 4332/800/2074
f 4345/749/2025 4275/748/2025 4273/737/2025 4346/750/2025
f 4275/748/2157 4345/749/2157 4234/751/2157 4232/746/2157
f 4246/755/2023 4345/749/2023 4346/750/2023 4248/760/2023
f 4345/749/2022 4246/755/2022 4244/754/2022 4234/751/2022
f 4248/760/2011 4346/750/2011 4347/763/2011 4250/762/2011
f 4346/750/2010 4273/737/2010 4271/708/2010 4347/763/2010
f 4250/762/2009 4347/763/2009 4348/765/2009 4252/764/2009
f 4347/763/2007 4271/708/2007 4349/738/2007 4348/765/2007
f 4252/764/2008 4348/765/2008 4258/767/2008 4254/766/2008
f 4348/765/2006 4349/738/2006 4260/739/2006 4258/767/2006
f 2434/63/2158 2439/63/2159 2437/63/2160
l 604 605
l 639 641
l 1213 1215
l 1216 1214
l 2444 2441
l 2655 2659
l 2728 2662
